[0.000000] (-) TimerEvent: {}
[0.000251] (KV6022_assessment) JobQueued: {'identifier': 'KV6022_assessment', 'dependencies': OrderedDict()}
[0.000305] (Week2_lab) JobQueued: {'identifier': 'Week2_lab', 'dependencies': OrderedDict()}
[0.000387] (example_codes) JobQueued: {'identifier': 'example_codes', 'dependencies': OrderedDict()}
[0.000460] (limo_description) JobQueued: {'identifier': 'limo_description', 'dependencies': OrderedDict()}
[0.000569] (limo_msgs) JobQueued: {'identifier': 'limo_msgs', 'dependencies': OrderedDict()}
[0.000918] (trajectory_referee) JobQueued: {'identifier': 'trajectory_referee', 'dependencies': OrderedDict()}
[0.001014] (trajectory_skeleton) JobQueued: {'identifier': 'trajectory_skeleton', 'dependencies': OrderedDict()}
[0.001198] (limo_gazebosim) JobQueued: {'identifier': 'limo_gazebosim', 'dependencies': OrderedDict([('limo_description', '/home/ben/KV6022_limo_ros2/install/limo_description'), ('limo_msgs', '/home/ben/KV6022_limo_ros2/install/limo_msgs')])}
[0.001276] (limo_description) JobStarted: {'identifier': 'limo_description'}
[0.024861] (limo_msgs) JobStarted: {'identifier': 'limo_msgs'}
[0.043831] (KV6022_assessment) JobStarted: {'identifier': 'KV6022_assessment'}
[0.062670] (Week2_lab) JobStarted: {'identifier': 'Week2_lab'}
[0.082950] (example_codes) JobStarted: {'identifier': 'example_codes'}
[0.101006] (trajectory_referee) JobStarted: {'identifier': 'trajectory_referee'}
[0.102248] (-) TimerEvent: {}
[0.120294] (trajectory_skeleton) JobStarted: {'identifier': 'trajectory_skeleton'}
[0.149491] (limo_description) JobProgress: {'identifier': 'limo_description', 'progress': 'cmake'}
[0.151848] (limo_description) JobProgress: {'identifier': 'limo_description', 'progress': 'build'}
[0.152888] (limo_description) Command: {'cmd': ['/usr/bin/cmake', '--build', '/home/ben/KV6022_limo_ros2/build/limo_description', '--', '-j8', '-l8'], 'cwd': '/home/ben/KV6022_limo_ros2/build/limo_description', 'env': OrderedDict([('GJS_DEBUG_TOPICS', 'JS ERROR;JS LOG'), ('LESSOPEN', '| /usr/bin/lesspipe %s'), ('CONDA_PROMPT_MODIFIER', '(ros2)'), ('LANGUAGE', 'en_GB:en'), ('USER', 'ben'), ('XDG_SESSION_TYPE', 'wayland'), ('SHLVL', '1'), ('LD_LIBRARY_PATH', '/home/ben/KV6022_limo_ros2/install/limo_msgs/lib:/usr/lib/x86_64-linux-gnu/gazebo-11/plugins:/opt/ros/humble/opt/rviz_ogre_vendor/lib:/opt/ros/humble/lib/x86_64-linux-gnu:/opt/ros/humble/lib'), ('HOME', '/home/ben'), ('CONDA_SHLVL', '2'), ('OLDPWD', '/home/ben/KV6022_limo_ros2/src'), ('DESKTOP_SESSION', 'ubuntu'), ('GIO_LAUNCHED_DESKTOP_FILE', '/usr/share/applications/terminator.desktop'), ('ROS_PYTHON_VERSION', '3'), ('GNOME_SHELL_SESSION_MODE', 'ubuntu'), ('GTK_MODULES', 'gail:atk-bridge'), ('MANAGERPID', '1179'), ('SYSTEMD_EXEC_PID', '1395'), ('DBUS_SESSION_BUS_ADDRESS', 'unix:path=/run/user/1000/bus'), ('COLORTERM', 'truecolor'), ('_CE_M', ''), ('TERMINATOR_DBUS_NAME', 'net.tenshu.Terminator25ef4b219e3b005583550f2b0f9f990c3'), ('_CONDA_ROOT', '/home/ben/miniconda3'), ('GIO_LAUNCHED_DESKTOP_FILE_PID', '9401'), ('IM_CONFIG_PHASE', '1'), ('WAYLAND_DISPLAY', 'wayland-0'), ('COLCON_PREFIX_PATH', '/home/ben/KV6022_limo_ros2/install'), ('ROS_DISTRO', 'humble'), ('LOGNAME', 'ben'), ('JOURNAL_STREAM', '8:24018'), ('_', '/usr/bin/colcon'), ('ROS_VERSION', '2'), ('XDG_SESSION_CLASS', 'user'), ('USERNAME', 'ben'), ('TERM', 'xterm-256color'), ('GNOME_DESKTOP_SESSION_ID', 'this-is-deprecated'), ('_CE_CONDA', ''), ('ROS_LOCALHOST_ONLY', '1'), ('PATH', '/home/ben/miniconda3/envs/ros2/bin:/home/ben/miniconda3/condabin:/opt/ros/humble/bin:/usr/local/sbin:/usr/local/bin:/usr/sbin:/usr/bin:/sbin:/bin:/usr/games:/usr/local/games:/snap/bin:/snap/bin'), ('SESSION_MANAGER', 'local/ben-Virtual-Machine:@/tmp/.ICE-unix/1333,unix/ben-Virtual-Machine:/tmp/.ICE-unix/1333'), ('INVOCATION_ID', '3fc2b0fa5bc04b889e378fc3b6ddc66d'), ('XDG_MENU_PREFIX', 'gnome-'), ('GNOME_SETUP_DISPLAY', ':1'), ('XDG_RUNTIME_DIR', '/run/user/1000'), ('DISPLAY', ':0'), ('TERMINATOR_DBUS_PATH', '/net/tenshu/Terminator2'), ('LANG', 'en_US.UTF-8'), ('XDG_CURRENT_DESKTOP', 'ubuntu:GNOME'), ('IBUS_DISABLE_SNOOPER', '1'), ('CONDA_PREFIX_1', '/home/ben/miniconda3'), ('XMODIFIERS', '@im=ibus'), ('XDG_SESSION_DESKTOP', 'ubuntu'), ('XAUTHORITY', '/run/user/1000/.mutter-Xwaylandauth.O92UV3'), ('LS_COLORS', 'rs=0:di=01;34:ln=01;36:mh=00:pi=40;33:so=01;35:do=01;35:bd=40;33;01:cd=40;33;01:or=40;31;01:mi=00:su=37;41:sg=30;43:ca=30;41:tw=30;42:ow=34;42:st=37;44:ex=01;32:*.tar=01;31:*.tgz=01;31:*.arc=01;31:*.arj=01;31:*.taz=01;31:*.lha=01;31:*.lz4=01;31:*.lzh=01;31:*.lzma=01;31:*.tlz=01;31:*.txz=01;31:*.tzo=01;31:*.t7z=01;31:*.zip=01;31:*.z=01;31:*.dz=01;31:*.gz=01;31:*.lrz=01;31:*.lz=01;31:*.lzo=01;31:*.xz=01;31:*.zst=01;31:*.tzst=01;31:*.bz2=01;31:*.bz=01;31:*.tbz=01;31:*.tbz2=01;31:*.tz=01;31:*.deb=01;31:*.rpm=01;31:*.jar=01;31:*.war=01;31:*.ear=01;31:*.sar=01;31:*.rar=01;31:*.alz=01;31:*.ace=01;31:*.zoo=01;31:*.cpio=01;31:*.7z=01;31:*.rz=01;31:*.cab=01;31:*.wim=01;31:*.swm=01;31:*.dwm=01;31:*.esd=01;31:*.jpg=01;35:*.jpeg=01;35:*.mjpg=01;35:*.mjpeg=01;35:*.gif=01;35:*.bmp=01;35:*.pbm=01;35:*.pgm=01;35:*.ppm=01;35:*.tga=01;35:*.xbm=01;35:*.xpm=01;35:*.tif=01;35:*.tiff=01;35:*.png=01;35:*.svg=01;35:*.svgz=01;35:*.mng=01;35:*.pcx=01;35:*.mov=01;35:*.mpg=01;35:*.mpeg=01;35:*.m2v=01;35:*.mkv=01;35:*.webm=01;35:*.webp=01;35:*.ogm=01;35:*.mp4=01;35:*.m4v=01;35:*.mp4v=01;35:*.vob=01;35:*.qt=01;35:*.nuv=01;35:*.wmv=01;35:*.asf=01;35:*.rm=01;35:*.rmvb=01;35:*.flc=01;35:*.avi=01;35:*.fli=01;35:*.flv=01;35:*.gl=01;35:*.dl=01;35:*.xcf=01;35:*.xwd=01;35:*.yuv=01;35:*.cgm=01;35:*.emf=01;35:*.ogv=01;35:*.ogx=01;35:*.aac=00;36:*.au=00;36:*.flac=00;36:*.m4a=00;36:*.mid=00;36:*.midi=00;36:*.mka=00;36:*.mp3=00;36:*.mpc=00;36:*.ogg=00;36:*.ra=00;36:*.wav=00;36:*.oga=00;36:*.opus=00;36:*.spx=00;36:*.xspf=00;36:'), ('SSH_AGENT_LAUNCHER', 'gnome-keyring'), ('SSH_AUTH_SOCK', '/run/user/1000/keyring/ssh'), ('AMENT_PREFIX_PATH', '/home/ben/KV6022_limo_ros2/install/trajectory_skeleton:/home/ben/KV6022_limo_ros2/install/trajectory_referee:/home/ben/KV6022_limo_ros2/install/limo_gazebosim:/home/ben/KV6022_limo_ros2/install/limo_msgs:/home/ben/KV6022_limo_ros2/install/limo_description:/home/ben/KV6022_limo_ros2/install/example_codes:/home/ben/KV6022_limo_ros2/install/Week2_lab:/home/ben/KV6022_limo_ros2/install/KV6022_assessment:/opt/ros/humble'), ('CONDA_PYTHON_EXE', '/home/ben/miniconda3/bin/python'), ('SHELL', '/bin/bash'), ('TERMINATOR_UUID', 'urn:uuid:ee2f9b05-a386-4426-b6db-454e68755f4c'), ('QT_ACCESSIBILITY', '1'), ('GDMSESSION', 'ubuntu'), ('LESSCLOSE', '/usr/bin/lesspipe %s %s'), ('CONDA_DEFAULT_ENV', 'ros2'), ('GJS_DEBUG_OUTPUT', 'stderr'), ('_CONDA_EXE', '/home/ben/miniconda3/bin/conda'), ('QT_IM_MODULE', 'ibus'), ('PWD', '/home/ben/KV6022_limo_ros2/build/limo_description'), ('LC_ALL', 'en_US.UTF-8'), ('XDG_CONFIG_DIRS', '/etc/xdg/xdg-ubuntu:/etc/xdg'), ('CONDA_EXE', '/home/ben/miniconda3/bin/conda'), ('XDG_DATA_DIRS', '/usr/share/ubuntu:/usr/local/share/:/usr/share/:/var/lib/snapd/desktop'), ('PYTHONPATH', '/home/ben/KV6022_limo_ros2/install/trajectory_skeleton/lib/python3.10/site-packages:/home/ben/KV6022_limo_ros2/install/trajectory_referee/lib/python3.10/site-packages:/home/ben/KV6022_limo_ros2/install/limo_gazebosim/lib/python3.10/site-packages:/home/ben/KV6022_limo_ros2/install/limo_msgs/lib/python3.10/site-packages:/home/ben/KV6022_limo_ros2/install/example_codes/lib/python3.10/site-packages:/home/ben/KV6022_limo_ros2/install/Week2_lab/lib/python3.10/site-packages:/home/ben/KV6022_limo_ros2/install/KV6022_assessment/lib/python3.10/site-packages:/opt/ros/humble/lib/python3.10/site-packages:/opt/ros/humble/local/lib/python3.10/dist-packages'), ('CONDA_PREFIX', '/home/ben/miniconda3/envs/ros2'), ('COLCON', '1'), ('VTE_VERSION', '6800'), ('CMAKE_PREFIX_PATH', '/home/ben/KV6022_limo_ros2/install/limo_gazebosim:/home/ben/KV6022_limo_ros2/install/limo_msgs:/home/ben/KV6022_limo_ros2/install/limo_description:/home/ben/KV6022_limo_ros2/install/trajectory_skeleton:/home/ben/KV6022_limo_ros2/install/trajectory_referee:/home/ben/KV6022_limo_ros2/install/example_codes:/home/ben/KV6022_limo_ros2/install/Week2_lab:/home/ben/KV6022_limo_ros2/install/KV6022_assessment:/opt/ros/humble')]), 'shell': False}
[0.163609] (limo_msgs) JobProgress: {'identifier': 'limo_msgs', 'progress': 'cmake'}
[0.166726] (limo_msgs) JobProgress: {'identifier': 'limo_msgs', 'progress': 'build'}
[0.171306] (limo_msgs) Command: {'cmd': ['/usr/bin/cmake', '--build', '/home/ben/KV6022_limo_ros2/build/limo_msgs', '--', '-j8', '-l8'], 'cwd': '/home/ben/KV6022_limo_ros2/build/limo_msgs', 'env': OrderedDict([('GJS_DEBUG_TOPICS', 'JS ERROR;JS LOG'), ('LESSOPEN', '| /usr/bin/lesspipe %s'), ('CONDA_PROMPT_MODIFIER', '(ros2)'), ('LANGUAGE', 'en_GB:en'), ('USER', 'ben'), ('XDG_SESSION_TYPE', 'wayland'), ('SHLVL', '1'), ('LD_LIBRARY_PATH', '/home/ben/KV6022_limo_ros2/install/limo_msgs/lib:/usr/lib/x86_64-linux-gnu/gazebo-11/plugins:/opt/ros/humble/opt/rviz_ogre_vendor/lib:/opt/ros/humble/lib/x86_64-linux-gnu:/opt/ros/humble/lib'), ('HOME', '/home/ben'), ('CONDA_SHLVL', '2'), ('OLDPWD', '/home/ben/KV6022_limo_ros2/src'), ('DESKTOP_SESSION', 'ubuntu'), ('GIO_LAUNCHED_DESKTOP_FILE', '/usr/share/applications/terminator.desktop'), ('ROS_PYTHON_VERSION', '3'), ('GNOME_SHELL_SESSION_MODE', 'ubuntu'), ('GTK_MODULES', 'gail:atk-bridge'), ('MANAGERPID', '1179'), ('SYSTEMD_EXEC_PID', '1395'), ('DBUS_SESSION_BUS_ADDRESS', 'unix:path=/run/user/1000/bus'), ('COLORTERM', 'truecolor'), ('_CE_M', ''), ('TERMINATOR_DBUS_NAME', 'net.tenshu.Terminator25ef4b219e3b005583550f2b0f9f990c3'), ('_CONDA_ROOT', '/home/ben/miniconda3'), ('GIO_LAUNCHED_DESKTOP_FILE_PID', '9401'), ('IM_CONFIG_PHASE', '1'), ('WAYLAND_DISPLAY', 'wayland-0'), ('COLCON_PREFIX_PATH', '/home/ben/KV6022_limo_ros2/install'), ('ROS_DISTRO', 'humble'), ('LOGNAME', 'ben'), ('JOURNAL_STREAM', '8:24018'), ('_', '/usr/bin/colcon'), ('ROS_VERSION', '2'), ('XDG_SESSION_CLASS', 'user'), ('USERNAME', 'ben'), ('TERM', 'xterm-256color'), ('GNOME_DESKTOP_SESSION_ID', 'this-is-deprecated'), ('_CE_CONDA', ''), ('ROS_LOCALHOST_ONLY', '1'), ('PATH', '/home/ben/miniconda3/envs/ros2/bin:/home/ben/miniconda3/condabin:/opt/ros/humble/bin:/usr/local/sbin:/usr/local/bin:/usr/sbin:/usr/bin:/sbin:/bin:/usr/games:/usr/local/games:/snap/bin:/snap/bin'), ('SESSION_MANAGER', 'local/ben-Virtual-Machine:@/tmp/.ICE-unix/1333,unix/ben-Virtual-Machine:/tmp/.ICE-unix/1333'), ('INVOCATION_ID', '3fc2b0fa5bc04b889e378fc3b6ddc66d'), ('XDG_MENU_PREFIX', 'gnome-'), ('GNOME_SETUP_DISPLAY', ':1'), ('XDG_RUNTIME_DIR', '/run/user/1000'), ('DISPLAY', ':0'), ('TERMINATOR_DBUS_PATH', '/net/tenshu/Terminator2'), ('LANG', 'en_US.UTF-8'), ('XDG_CURRENT_DESKTOP', 'ubuntu:GNOME'), ('IBUS_DISABLE_SNOOPER', '1'), ('CONDA_PREFIX_1', '/home/ben/miniconda3'), ('XMODIFIERS', '@im=ibus'), ('XDG_SESSION_DESKTOP', 'ubuntu'), ('XAUTHORITY', '/run/user/1000/.mutter-Xwaylandauth.O92UV3'), ('LS_COLORS', 'rs=0:di=01;34:ln=01;36:mh=00:pi=40;33:so=01;35:do=01;35:bd=40;33;01:cd=40;33;01:or=40;31;01:mi=00:su=37;41:sg=30;43:ca=30;41:tw=30;42:ow=34;42:st=37;44:ex=01;32:*.tar=01;31:*.tgz=01;31:*.arc=01;31:*.arj=01;31:*.taz=01;31:*.lha=01;31:*.lz4=01;31:*.lzh=01;31:*.lzma=01;31:*.tlz=01;31:*.txz=01;31:*.tzo=01;31:*.t7z=01;31:*.zip=01;31:*.z=01;31:*.dz=01;31:*.gz=01;31:*.lrz=01;31:*.lz=01;31:*.lzo=01;31:*.xz=01;31:*.zst=01;31:*.tzst=01;31:*.bz2=01;31:*.bz=01;31:*.tbz=01;31:*.tbz2=01;31:*.tz=01;31:*.deb=01;31:*.rpm=01;31:*.jar=01;31:*.war=01;31:*.ear=01;31:*.sar=01;31:*.rar=01;31:*.alz=01;31:*.ace=01;31:*.zoo=01;31:*.cpio=01;31:*.7z=01;31:*.rz=01;31:*.cab=01;31:*.wim=01;31:*.swm=01;31:*.dwm=01;31:*.esd=01;31:*.jpg=01;35:*.jpeg=01;35:*.mjpg=01;35:*.mjpeg=01;35:*.gif=01;35:*.bmp=01;35:*.pbm=01;35:*.pgm=01;35:*.ppm=01;35:*.tga=01;35:*.xbm=01;35:*.xpm=01;35:*.tif=01;35:*.tiff=01;35:*.png=01;35:*.svg=01;35:*.svgz=01;35:*.mng=01;35:*.pcx=01;35:*.mov=01;35:*.mpg=01;35:*.mpeg=01;35:*.m2v=01;35:*.mkv=01;35:*.webm=01;35:*.webp=01;35:*.ogm=01;35:*.mp4=01;35:*.m4v=01;35:*.mp4v=01;35:*.vob=01;35:*.qt=01;35:*.nuv=01;35:*.wmv=01;35:*.asf=01;35:*.rm=01;35:*.rmvb=01;35:*.flc=01;35:*.avi=01;35:*.fli=01;35:*.flv=01;35:*.gl=01;35:*.dl=01;35:*.xcf=01;35:*.xwd=01;35:*.yuv=01;35:*.cgm=01;35:*.emf=01;35:*.ogv=01;35:*.ogx=01;35:*.aac=00;36:*.au=00;36:*.flac=00;36:*.m4a=00;36:*.mid=00;36:*.midi=00;36:*.mka=00;36:*.mp3=00;36:*.mpc=00;36:*.ogg=00;36:*.ra=00;36:*.wav=00;36:*.oga=00;36:*.opus=00;36:*.spx=00;36:*.xspf=00;36:'), ('SSH_AGENT_LAUNCHER', 'gnome-keyring'), ('SSH_AUTH_SOCK', '/run/user/1000/keyring/ssh'), ('AMENT_PREFIX_PATH', '/home/ben/KV6022_limo_ros2/install/trajectory_skeleton:/home/ben/KV6022_limo_ros2/install/trajectory_referee:/home/ben/KV6022_limo_ros2/install/limo_gazebosim:/home/ben/KV6022_limo_ros2/install/limo_msgs:/home/ben/KV6022_limo_ros2/install/limo_description:/home/ben/KV6022_limo_ros2/install/example_codes:/home/ben/KV6022_limo_ros2/install/Week2_lab:/home/ben/KV6022_limo_ros2/install/KV6022_assessment:/opt/ros/humble'), ('CONDA_PYTHON_EXE', '/home/ben/miniconda3/bin/python'), ('SHELL', '/bin/bash'), ('TERMINATOR_UUID', 'urn:uuid:ee2f9b05-a386-4426-b6db-454e68755f4c'), ('QT_ACCESSIBILITY', '1'), ('GDMSESSION', 'ubuntu'), ('LESSCLOSE', '/usr/bin/lesspipe %s %s'), ('CONDA_DEFAULT_ENV', 'ros2'), ('GJS_DEBUG_OUTPUT', 'stderr'), ('_CONDA_EXE', '/home/ben/miniconda3/bin/conda'), ('QT_IM_MODULE', 'ibus'), ('PWD', '/home/ben/KV6022_limo_ros2/build/limo_msgs'), ('LC_ALL', 'en_US.UTF-8'), ('XDG_CONFIG_DIRS', '/etc/xdg/xdg-ubuntu:/etc/xdg'), ('CONDA_EXE', '/home/ben/miniconda3/bin/conda'), ('XDG_DATA_DIRS', '/usr/share/ubuntu:/usr/local/share/:/usr/share/:/var/lib/snapd/desktop'), ('PYTHONPATH', '/home/ben/KV6022_limo_ros2/install/trajectory_skeleton/lib/python3.10/site-packages:/home/ben/KV6022_limo_ros2/install/trajectory_referee/lib/python3.10/site-packages:/home/ben/KV6022_limo_ros2/install/limo_gazebosim/lib/python3.10/site-packages:/home/ben/KV6022_limo_ros2/install/limo_msgs/lib/python3.10/site-packages:/home/ben/KV6022_limo_ros2/install/example_codes/lib/python3.10/site-packages:/home/ben/KV6022_limo_ros2/install/Week2_lab/lib/python3.10/site-packages:/home/ben/KV6022_limo_ros2/install/KV6022_assessment/lib/python3.10/site-packages:/opt/ros/humble/lib/python3.10/site-packages:/opt/ros/humble/local/lib/python3.10/dist-packages'), ('CONDA_PREFIX', '/home/ben/miniconda3/envs/ros2'), ('COLCON', '1'), ('VTE_VERSION', '6800'), ('CMAKE_PREFIX_PATH', '/home/ben/KV6022_limo_ros2/install/limo_gazebosim:/home/ben/KV6022_limo_ros2/install/limo_msgs:/home/ben/KV6022_limo_ros2/install/limo_description:/home/ben/KV6022_limo_ros2/install/trajectory_skeleton:/home/ben/KV6022_limo_ros2/install/trajectory_referee:/home/ben/KV6022_limo_ros2/install/example_codes:/home/ben/KV6022_limo_ros2/install/Week2_lab:/home/ben/KV6022_limo_ros2/install/KV6022_assessment:/opt/ros/humble')]), 'shell': False}
[0.205163] (-) TimerEvent: {}
[0.308271] (-) TimerEvent: {}
[0.410635] (-) TimerEvent: {}
[0.511318] (-) TimerEvent: {}
[0.612239] (-) TimerEvent: {}
[0.714256] (-) TimerEvent: {}
[0.815287] (-) TimerEvent: {}
[0.916962] (-) TimerEvent: {}
[1.018933] (-) TimerEvent: {}
[1.124385] (-) TimerEvent: {}
[1.226149] (-) TimerEvent: {}
[1.327344] (-) TimerEvent: {}
[1.428401] (-) TimerEvent: {}
[1.529821] (-) TimerEvent: {}
[1.630850] (-) TimerEvent: {}
[1.733244] (-) TimerEvent: {}
[1.833958] (-) TimerEvent: {}
[1.934971] (-) TimerEvent: {}
[2.036338] (-) TimerEvent: {}
[2.137257] (-) TimerEvent: {}
[2.238421] (-) TimerEvent: {}
[2.340161] (-) TimerEvent: {}
[2.441574] (-) TimerEvent: {}
[2.447660] (limo_msgs) StdoutLine: {'line': b'[  3%] Built target limo_msgs__rs\n'}
[2.448035] (limo_msgs) StdoutLine: {'line': b'[  3%] Built target ament_cmake_python_symlink_limo_msgs\n'}
[2.448193] (limo_msgs) StdoutLine: {'line': b'[  6%] Built target limo_msgs__cpp\n'}
[2.452439] (limo_msgs) StdoutLine: {'line': b'running egg_info\n'}
[2.453522] (limo_msgs) StdoutLine: {'line': b'writing limo_msgs.egg-info/PKG-INFO\n'}
[2.455691] (limo_msgs) StdoutLine: {'line': b'writing dependency_links to limo_msgs.egg-info/dependency_links.txt\n'}
[2.458882] (limo_msgs) StdoutLine: {'line': b'writing top-level names to limo_msgs.egg-info/top_level.txt\n'}
[2.459109] (limo_msgs) StdoutLine: {'line': b"reading manifest file 'limo_msgs.egg-info/SOURCES.txt'\n"}
[2.459492] (limo_msgs) StdoutLine: {'line': b"writing manifest file 'limo_msgs.egg-info/SOURCES.txt'\n"}
[2.459658] (limo_msgs) StdoutLine: {'line': b'[  6%] Built target ament_cmake_python_build_limo_msgs_egg\n'}
[2.459795] (limo_msgs) StdoutLine: {'line': b'[ 15%] Built target limo_msgs__rosidl_typesupport_cpp\n'}
[2.460074] (limo_msgs) StdoutLine: {'line': b'[ 25%] Built target limo_msgs__rosidl_typesupport_introspection_cpp\n'}
[2.460219] (limo_msgs) StdoutLine: {'line': b'[ 34%] Built target limo_msgs__rosidl_typesupport_fastrtps_cpp\n'}
[2.460559] (limo_msgs) StdoutLine: {'line': b'[ 43%] Built target limo_msgs__rosidl_generator_c\n'}
[2.460699] (limo_msgs) StdoutLine: {'line': b'[ 53%] Built target limo_msgs__rosidl_typesupport_fastrtps_c\n'}
[2.460833] (limo_msgs) StdoutLine: {'line': b'[ 62%] Built target limo_msgs__rosidl_typesupport_c\n'}
[2.460965] (limo_msgs) StdoutLine: {'line': b'[ 71%] Built target limo_msgs__rosidl_typesupport_introspection_c\n'}
[2.461097] (limo_msgs) StdoutLine: {'line': b'[ 71%] Built target limo_msgs\n'}
[2.461228] (limo_msgs) StdoutLine: {'line': b'[ 75%] Built target limo_msgs__py\n'}
[2.461361] (limo_description) CommandEnded: {'returncode': 0}
[2.461723] (limo_description) JobProgress: {'identifier': 'limo_description', 'progress': 'install'}
[2.494753] (limo_description) Command: {'cmd': ['/usr/bin/cmake', '--install', '/home/ben/KV6022_limo_ros2/build/limo_description'], 'cwd': '/home/ben/KV6022_limo_ros2/build/limo_description', 'env': OrderedDict([('GJS_DEBUG_TOPICS', 'JS ERROR;JS LOG'), ('LESSOPEN', '| /usr/bin/lesspipe %s'), ('CONDA_PROMPT_MODIFIER', '(ros2)'), ('LANGUAGE', 'en_GB:en'), ('USER', 'ben'), ('XDG_SESSION_TYPE', 'wayland'), ('SHLVL', '1'), ('LD_LIBRARY_PATH', '/home/ben/KV6022_limo_ros2/install/limo_msgs/lib:/usr/lib/x86_64-linux-gnu/gazebo-11/plugins:/opt/ros/humble/opt/rviz_ogre_vendor/lib:/opt/ros/humble/lib/x86_64-linux-gnu:/opt/ros/humble/lib'), ('HOME', '/home/ben'), ('CONDA_SHLVL', '2'), ('OLDPWD', '/home/ben/KV6022_limo_ros2/src'), ('DESKTOP_SESSION', 'ubuntu'), ('GIO_LAUNCHED_DESKTOP_FILE', '/usr/share/applications/terminator.desktop'), ('ROS_PYTHON_VERSION', '3'), ('GNOME_SHELL_SESSION_MODE', 'ubuntu'), ('GTK_MODULES', 'gail:atk-bridge'), ('MANAGERPID', '1179'), ('SYSTEMD_EXEC_PID', '1395'), ('DBUS_SESSION_BUS_ADDRESS', 'unix:path=/run/user/1000/bus'), ('COLORTERM', 'truecolor'), ('_CE_M', ''), ('TERMINATOR_DBUS_NAME', 'net.tenshu.Terminator25ef4b219e3b005583550f2b0f9f990c3'), ('_CONDA_ROOT', '/home/ben/miniconda3'), ('GIO_LAUNCHED_DESKTOP_FILE_PID', '9401'), ('IM_CONFIG_PHASE', '1'), ('WAYLAND_DISPLAY', 'wayland-0'), ('COLCON_PREFIX_PATH', '/home/ben/KV6022_limo_ros2/install'), ('ROS_DISTRO', 'humble'), ('LOGNAME', 'ben'), ('JOURNAL_STREAM', '8:24018'), ('_', '/usr/bin/colcon'), ('ROS_VERSION', '2'), ('XDG_SESSION_CLASS', 'user'), ('USERNAME', 'ben'), ('TERM', 'xterm-256color'), ('GNOME_DESKTOP_SESSION_ID', 'this-is-deprecated'), ('_CE_CONDA', ''), ('ROS_LOCALHOST_ONLY', '1'), ('PATH', '/home/ben/miniconda3/envs/ros2/bin:/home/ben/miniconda3/condabin:/opt/ros/humble/bin:/usr/local/sbin:/usr/local/bin:/usr/sbin:/usr/bin:/sbin:/bin:/usr/games:/usr/local/games:/snap/bin:/snap/bin'), ('SESSION_MANAGER', 'local/ben-Virtual-Machine:@/tmp/.ICE-unix/1333,unix/ben-Virtual-Machine:/tmp/.ICE-unix/1333'), ('INVOCATION_ID', '3fc2b0fa5bc04b889e378fc3b6ddc66d'), ('XDG_MENU_PREFIX', 'gnome-'), ('GNOME_SETUP_DISPLAY', ':1'), ('XDG_RUNTIME_DIR', '/run/user/1000'), ('DISPLAY', ':0'), ('TERMINATOR_DBUS_PATH', '/net/tenshu/Terminator2'), ('LANG', 'en_US.UTF-8'), ('XDG_CURRENT_DESKTOP', 'ubuntu:GNOME'), ('IBUS_DISABLE_SNOOPER', '1'), ('CONDA_PREFIX_1', '/home/ben/miniconda3'), ('XMODIFIERS', '@im=ibus'), ('XDG_SESSION_DESKTOP', 'ubuntu'), ('XAUTHORITY', '/run/user/1000/.mutter-Xwaylandauth.O92UV3'), ('LS_COLORS', 'rs=0:di=01;34:ln=01;36:mh=00:pi=40;33:so=01;35:do=01;35:bd=40;33;01:cd=40;33;01:or=40;31;01:mi=00:su=37;41:sg=30;43:ca=30;41:tw=30;42:ow=34;42:st=37;44:ex=01;32:*.tar=01;31:*.tgz=01;31:*.arc=01;31:*.arj=01;31:*.taz=01;31:*.lha=01;31:*.lz4=01;31:*.lzh=01;31:*.lzma=01;31:*.tlz=01;31:*.txz=01;31:*.tzo=01;31:*.t7z=01;31:*.zip=01;31:*.z=01;31:*.dz=01;31:*.gz=01;31:*.lrz=01;31:*.lz=01;31:*.lzo=01;31:*.xz=01;31:*.zst=01;31:*.tzst=01;31:*.bz2=01;31:*.bz=01;31:*.tbz=01;31:*.tbz2=01;31:*.tz=01;31:*.deb=01;31:*.rpm=01;31:*.jar=01;31:*.war=01;31:*.ear=01;31:*.sar=01;31:*.rar=01;31:*.alz=01;31:*.ace=01;31:*.zoo=01;31:*.cpio=01;31:*.7z=01;31:*.rz=01;31:*.cab=01;31:*.wim=01;31:*.swm=01;31:*.dwm=01;31:*.esd=01;31:*.jpg=01;35:*.jpeg=01;35:*.mjpg=01;35:*.mjpeg=01;35:*.gif=01;35:*.bmp=01;35:*.pbm=01;35:*.pgm=01;35:*.ppm=01;35:*.tga=01;35:*.xbm=01;35:*.xpm=01;35:*.tif=01;35:*.tiff=01;35:*.png=01;35:*.svg=01;35:*.svgz=01;35:*.mng=01;35:*.pcx=01;35:*.mov=01;35:*.mpg=01;35:*.mpeg=01;35:*.m2v=01;35:*.mkv=01;35:*.webm=01;35:*.webp=01;35:*.ogm=01;35:*.mp4=01;35:*.m4v=01;35:*.mp4v=01;35:*.vob=01;35:*.qt=01;35:*.nuv=01;35:*.wmv=01;35:*.asf=01;35:*.rm=01;35:*.rmvb=01;35:*.flc=01;35:*.avi=01;35:*.fli=01;35:*.flv=01;35:*.gl=01;35:*.dl=01;35:*.xcf=01;35:*.xwd=01;35:*.yuv=01;35:*.cgm=01;35:*.emf=01;35:*.ogv=01;35:*.ogx=01;35:*.aac=00;36:*.au=00;36:*.flac=00;36:*.m4a=00;36:*.mid=00;36:*.midi=00;36:*.mka=00;36:*.mp3=00;36:*.mpc=00;36:*.ogg=00;36:*.ra=00;36:*.wav=00;36:*.oga=00;36:*.opus=00;36:*.spx=00;36:*.xspf=00;36:'), ('SSH_AGENT_LAUNCHER', 'gnome-keyring'), ('SSH_AUTH_SOCK', '/run/user/1000/keyring/ssh'), ('AMENT_PREFIX_PATH', '/home/ben/KV6022_limo_ros2/install/trajectory_skeleton:/home/ben/KV6022_limo_ros2/install/trajectory_referee:/home/ben/KV6022_limo_ros2/install/limo_gazebosim:/home/ben/KV6022_limo_ros2/install/limo_msgs:/home/ben/KV6022_limo_ros2/install/limo_description:/home/ben/KV6022_limo_ros2/install/example_codes:/home/ben/KV6022_limo_ros2/install/Week2_lab:/home/ben/KV6022_limo_ros2/install/KV6022_assessment:/opt/ros/humble'), ('CONDA_PYTHON_EXE', '/home/ben/miniconda3/bin/python'), ('SHELL', '/bin/bash'), ('TERMINATOR_UUID', 'urn:uuid:ee2f9b05-a386-4426-b6db-454e68755f4c'), ('QT_ACCESSIBILITY', '1'), ('GDMSESSION', 'ubuntu'), ('LESSCLOSE', '/usr/bin/lesspipe %s %s'), ('CONDA_DEFAULT_ENV', 'ros2'), ('GJS_DEBUG_OUTPUT', 'stderr'), ('_CONDA_EXE', '/home/ben/miniconda3/bin/conda'), ('QT_IM_MODULE', 'ibus'), ('PWD', '/home/ben/KV6022_limo_ros2/build/limo_description'), ('LC_ALL', 'en_US.UTF-8'), ('XDG_CONFIG_DIRS', '/etc/xdg/xdg-ubuntu:/etc/xdg'), ('CONDA_EXE', '/home/ben/miniconda3/bin/conda'), ('XDG_DATA_DIRS', '/usr/share/ubuntu:/usr/local/share/:/usr/share/:/var/lib/snapd/desktop'), ('PYTHONPATH', '/home/ben/KV6022_limo_ros2/install/trajectory_skeleton/lib/python3.10/site-packages:/home/ben/KV6022_limo_ros2/install/trajectory_referee/lib/python3.10/site-packages:/home/ben/KV6022_limo_ros2/install/limo_gazebosim/lib/python3.10/site-packages:/home/ben/KV6022_limo_ros2/install/limo_msgs/lib/python3.10/site-packages:/home/ben/KV6022_limo_ros2/install/example_codes/lib/python3.10/site-packages:/home/ben/KV6022_limo_ros2/install/Week2_lab/lib/python3.10/site-packages:/home/ben/KV6022_limo_ros2/install/KV6022_assessment/lib/python3.10/site-packages:/opt/ros/humble/lib/python3.10/site-packages:/opt/ros/humble/local/lib/python3.10/dist-packages'), ('CONDA_PREFIX', '/home/ben/miniconda3/envs/ros2'), ('COLCON', '1'), ('VTE_VERSION', '6800'), ('CMAKE_PREFIX_PATH', '/home/ben/KV6022_limo_ros2/install/limo_gazebosim:/home/ben/KV6022_limo_ros2/install/limo_msgs:/home/ben/KV6022_limo_ros2/install/limo_description:/home/ben/KV6022_limo_ros2/install/trajectory_skeleton:/home/ben/KV6022_limo_ros2/install/trajectory_referee:/home/ben/KV6022_limo_ros2/install/example_codes:/home/ben/KV6022_limo_ros2/install/Week2_lab:/home/ben/KV6022_limo_ros2/install/KV6022_assessment:/opt/ros/humble')]), 'shell': False}
[2.541433] (limo_msgs) StdoutLine: {'line': b'[ 81%] Built target limo_msgs__rosidl_generator_py\n'}
[2.542060] (-) TimerEvent: {}
[2.642678] (-) TimerEvent: {}
[2.662793] (limo_msgs) StdoutLine: {'line': b'[ 87%] Built target limo_msgs__rosidl_typesupport_fastrtps_c__pyext\n'}
[2.742839] (-) TimerEvent: {}
[2.768927] (limo_msgs) StdoutLine: {'line': b'[ 93%] Built target limo_msgs__rosidl_typesupport_c__pyext\n'}
[2.843398] (-) TimerEvent: {}
[2.876041] (limo_msgs) StdoutLine: {'line': b'[100%] Built target limo_msgs__rosidl_typesupport_introspection_c__pyext\n'}
[2.943977] (-) TimerEvent: {}
[3.036406] (limo_description) StdoutLine: {'line': b'-- Install configuration: ""\n'}
[3.037340] (limo_description) StdoutLine: {'line': b'-- Execute custom install script\n'}
[3.037480] (limo_description) StdoutLine: {'line': b'-- Up-to-date symlink: /home/ben/KV6022_limo_ros2/install/limo_description/share/limo_description/launch/display_models_diff.launch.py\n'}
[3.037614] (limo_description) StdoutLine: {'line': b'-- Up-to-date symlink: /home/ben/KV6022_limo_ros2/install/limo_description/share/limo_description/rviz/model_display.rviz\n'}
[3.037748] (limo_description) StdoutLine: {'line': b'-- Up-to-date symlink: /home/ben/KV6022_limo_ros2/install/limo_description/share/limo_description/rviz/model_sensors_real.rviz\n'}
[3.037880] (limo_description) StdoutLine: {'line': b'-- Up-to-date symlink: /home/ben/KV6022_limo_ros2/install/limo_description/share/limo_description/rviz/urdf.rviz\n'}
[3.038135] (limo_description) StdoutLine: {'line': b'-- Up-to-date symlink: /home/ben/KV6022_limo_ros2/install/limo_description/share/limo_description/meshes/arrow_texture.png\n'}
[3.038267] (limo_description) StdoutLine: {'line': b'-- Up-to-date symlink: /home/ben/KV6022_limo_ros2/install/limo_description/share/limo_description/meshes/face.png\n'}
[3.038398] (limo_description) StdoutLine: {'line': b'-- Up-to-date symlink: /home/ben/KV6022_limo_ros2/install/limo_description/share/limo_description/meshes/lcd_screen_texture.png\n'}
[3.038629] (limo_description) StdoutLine: {'line': b'-- Up-to-date symlink: /home/ben/KV6022_limo_ros2/install/limo_description/share/limo_description/meshes/limo_base.dae\n'}
[3.038761] (limo_description) StdoutLine: {'line': b'-- Up-to-date symlink: /home/ben/KV6022_limo_ros2/install/limo_description/share/limo_description/meshes/limo_base.stl\n'}
[3.038892] (limo_description) StdoutLine: {'line': b'-- Up-to-date symlink: /home/ben/KV6022_limo_ros2/install/limo_description/share/limo_description/meshes/limo_base_lite.dae\n'}
[3.039034] (limo_description) StdoutLine: {'line': b'-- Up-to-date symlink: /home/ben/KV6022_limo_ros2/install/limo_description/share/limo_description/meshes/limo_optimal.dae\n'}
[3.039164] (limo_description) StdoutLine: {'line': b'-- Up-to-date symlink: /home/ben/KV6022_limo_ros2/install/limo_description/share/limo_description/meshes/limo_optimal_wheels.dae\n'}
[3.039293] (limo_description) StdoutLine: {'line': b'-- Up-to-date symlink: /home/ben/KV6022_limo_ros2/install/limo_description/share/limo_description/meshes/limo_texture.png\n'}
[3.039425] (limo_description) StdoutLine: {'line': b'-- Up-to-date symlink: /home/ben/KV6022_limo_ros2/install/limo_description/share/limo_description/meshes/limo_wheel.dae\n'}
[3.039682] (limo_description) StdoutLine: {'line': b'-- Up-to-date symlink: /home/ben/KV6022_limo_ros2/install/limo_description/share/limo_description/meshes/limo_wheel.stl\n'}
[3.039818] (limo_description) StdoutLine: {'line': b'-- Up-to-date symlink: /home/ben/KV6022_limo_ros2/install/limo_description/share/limo_description/meshes/limo_wheel_lite.dae\n'}
[3.039950] (limo_description) StdoutLine: {'line': b'-- Up-to-date symlink: /home/ben/KV6022_limo_ros2/install/limo_description/share/limo_description/meshes/mec_wheel_front_left.dae\n'}
[3.040081] (limo_description) StdoutLine: {'line': b'-- Up-to-date symlink: /home/ben/KV6022_limo_ros2/install/limo_description/share/limo_description/meshes/mec_wheel_front_right.dae\n'}
[3.040211] (limo_description) StdoutLine: {'line': b'-- Up-to-date symlink: /home/ben/KV6022_limo_ros2/install/limo_description/share/limo_description/meshes/rotw2_rviz.png\n'}
[3.040349] (limo_description) StdoutLine: {'line': b'-- Up-to-date symlink: /home/ben/KV6022_limo_ros2/install/limo_description/share/limo_description/meshes/sidescreentexture.png\n'}
[3.040480] (limo_description) StdoutLine: {'line': b'-- Up-to-date symlink: /home/ben/KV6022_limo_ros2/install/limo_description/share/limo_description/meshes/steering.dae\n'}
[3.045102] (-) TimerEvent: {}
[3.045679] (limo_description) StdoutLine: {'line': b'-- Up-to-date symlink: /home/ben/KV6022_limo_ros2/install/limo_description/share/limo_description/meshes/steering_texture.png\n'}
[3.045986] (limo_description) StdoutLine: {'line': b'-- Up-to-date symlink: /home/ben/KV6022_limo_ros2/install/limo_description/share/limo_description/urdf/limo_ackerman/limo_ackerman.gazebo\n'}
[3.046129] (limo_description) StdoutLine: {'line': b'-- Up-to-date symlink: /home/ben/KV6022_limo_ros2/install/limo_description/share/limo_description/urdf/limo_ackerman/limo_ackerman.xacro\n'}
[3.046734] (limo_description) StdoutLine: {'line': b'-- Up-to-date symlink: /home/ben/KV6022_limo_ros2/install/limo_description/share/limo_description/urdf/limo_diff/limo_diff.gazebo\n'}
[3.048888] (limo_description) StdoutLine: {'line': b'-- Up-to-date symlink: /home/ben/KV6022_limo_ros2/install/limo_description/share/limo_description/urdf/limo_diff/limo_diff.xacro\n'}
[3.049271] (limo_description) StdoutLine: {'line': b'-- Up-to-date symlink: /home/ben/KV6022_limo_ros2/install/limo_description/share/limo_description/urdf/limo_gazebo.xacro\n'}
[3.049414] (limo_description) StdoutLine: {'line': b'-- Up-to-date symlink: /home/ben/KV6022_limo_ros2/install/limo_description/share/limo_description/urdf/limo_mecanum/backup previous/limo_gazebo.gazebo\n'}
[3.049679] (limo_description) StdoutLine: {'line': b'-- Up-to-date symlink: /home/ben/KV6022_limo_ros2/install/limo_description/share/limo_description/urdf/limo_mecanum/backup previous/limo_mecanum.xacro\n'}
[3.049878] (limo_description) StdoutLine: {'line': b'-- Up-to-date symlink: /home/ben/KV6022_limo_ros2/install/limo_description/share/limo_description/urdf/limo_mecanum/backup previous/limo_mecanum_with_arm.xacro\n'}
[3.050019] (limo_description) StdoutLine: {'line': b'-- Up-to-date symlink: /home/ben/KV6022_limo_ros2/install/limo_description/share/limo_description/urdf/limo_mecanum/backup previous/limo_s2.gazebo\n'}
[3.051947] (limo_description) StdoutLine: {'line': b'-- Up-to-date symlink: /home/ben/KV6022_limo_ros2/install/limo_description/share/limo_description/urdf/limo_mecanum/backup previous/limo_xacro.xacro\n'}
[3.052121] (limo_description) StdoutLine: {'line': b'-- Up-to-date symlink: /home/ben/KV6022_limo_ros2/install/limo_description/share/limo_description/urdf/limo_mecanum/limo_mecanum.gazebo\n'}
[3.052328] (limo_description) StdoutLine: {'line': b'-- Up-to-date symlink: /home/ben/KV6022_limo_ros2/install/limo_description/share/limo_description/urdf/limo_mecanum/limo_mecanum.xacro\n'}
[3.052462] (limo_description) StdoutLine: {'line': b'-- Up-to-date symlink: /home/ben/KV6022_limo_ros2/install/limo_description/share/limo_description/urdf/limo_properties.xacro\n'}
[3.052594] (limo_description) StdoutLine: {'line': b'-- Up-to-date symlink: /home/ben/KV6022_limo_ros2/install/limo_description/share/limo_description/urdf/limo_track/limo_track.gazebo\n'}
[3.052844] (limo_description) StdoutLine: {'line': b'-- Up-to-date symlink: /home/ben/KV6022_limo_ros2/install/limo_description/share/limo_description/urdf/limo_track/limo_track.xacro\n'}
[3.052983] (limo_description) StdoutLine: {'line': b'-- Up-to-date symlink: /home/ben/KV6022_limo_ros2/install/limo_description/share/ament_index/resource_index/package_run_dependencies/limo_description\n'}
[3.053116] (limo_description) StdoutLine: {'line': b'-- Up-to-date symlink: /home/ben/KV6022_limo_ros2/install/limo_description/share/ament_index/resource_index/parent_prefix_path/limo_description\n'}
[3.053246] (limo_description) StdoutLine: {'line': b'-- Up-to-date symlink: /home/ben/KV6022_limo_ros2/install/limo_description/share/limo_description/environment/ament_prefix_path.sh\n'}
[3.053378] (limo_description) StdoutLine: {'line': b'-- Up-to-date symlink: /home/ben/KV6022_limo_ros2/install/limo_description/share/limo_description/environment/ament_prefix_path.dsv\n'}
[3.053508] (limo_description) StdoutLine: {'line': b'-- Up-to-date symlink: /home/ben/KV6022_limo_ros2/install/limo_description/share/limo_description/environment/path.sh\n'}
[3.053642] (limo_description) StdoutLine: {'line': b'-- Up-to-date symlink: /home/ben/KV6022_limo_ros2/install/limo_description/share/limo_description/environment/path.dsv\n'}
[3.053924] (limo_description) StdoutLine: {'line': b'-- Up-to-date symlink: /home/ben/KV6022_limo_ros2/install/limo_description/share/limo_description/local_setup.bash\n'}
[3.054097] (limo_description) StdoutLine: {'line': b'-- Up-to-date symlink: /home/ben/KV6022_limo_ros2/install/limo_description/share/limo_description/local_setup.sh\n'}
[3.054231] (limo_description) StdoutLine: {'line': b'-- Up-to-date symlink: /home/ben/KV6022_limo_ros2/install/limo_description/share/limo_description/local_setup.zsh\n'}
[3.054492] (limo_description) StdoutLine: {'line': b'-- Up-to-date symlink: /home/ben/KV6022_limo_ros2/install/limo_description/share/limo_description/local_setup.dsv\n'}
[3.054668] (limo_description) StdoutLine: {'line': b'-- Symlinking: /home/ben/KV6022_limo_ros2/install/limo_description/share/limo_description/package.dsv\n'}
[3.054808] (limo_description) StdoutLine: {'line': b'-- Up-to-date symlink: /home/ben/KV6022_limo_ros2/install/limo_description/share/ament_index/resource_index/packages/limo_description\n'}
[3.054956] (limo_description) StdoutLine: {'line': b'-- Up-to-date symlink: /home/ben/KV6022_limo_ros2/install/limo_description/share/limo_description/cmake/limo_descriptionConfig.cmake\n'}
[3.055094] (limo_description) StdoutLine: {'line': b'-- Up-to-date symlink: /home/ben/KV6022_limo_ros2/install/limo_description/share/limo_description/cmake/limo_descriptionConfig-version.cmake\n'}
[3.055231] (limo_description) StdoutLine: {'line': b'-- Up-to-date symlink: /home/ben/KV6022_limo_ros2/install/limo_description/share/limo_description/package.xml\n'}
[3.080257] (limo_description) CommandEnded: {'returncode': 0}
[3.132187] (limo_description) JobEnded: {'identifier': 'limo_description', 'rc': 0}
[3.132890] (limo_msgs) CommandEnded: {'returncode': 0}
[3.139462] (limo_msgs) JobProgress: {'identifier': 'limo_msgs', 'progress': 'install'}
[3.154329] (-) TimerEvent: {}
[3.155571] (limo_msgs) Command: {'cmd': ['/usr/bin/cmake', '--install', '/home/ben/KV6022_limo_ros2/build/limo_msgs'], 'cwd': '/home/ben/KV6022_limo_ros2/build/limo_msgs', 'env': OrderedDict([('GJS_DEBUG_TOPICS', 'JS ERROR;JS LOG'), ('LESSOPEN', '| /usr/bin/lesspipe %s'), ('CONDA_PROMPT_MODIFIER', '(ros2)'), ('LANGUAGE', 'en_GB:en'), ('USER', 'ben'), ('XDG_SESSION_TYPE', 'wayland'), ('SHLVL', '1'), ('LD_LIBRARY_PATH', '/home/ben/KV6022_limo_ros2/install/limo_msgs/lib:/usr/lib/x86_64-linux-gnu/gazebo-11/plugins:/opt/ros/humble/opt/rviz_ogre_vendor/lib:/opt/ros/humble/lib/x86_64-linux-gnu:/opt/ros/humble/lib'), ('HOME', '/home/ben'), ('CONDA_SHLVL', '2'), ('OLDPWD', '/home/ben/KV6022_limo_ros2/src'), ('DESKTOP_SESSION', 'ubuntu'), ('GIO_LAUNCHED_DESKTOP_FILE', '/usr/share/applications/terminator.desktop'), ('ROS_PYTHON_VERSION', '3'), ('GNOME_SHELL_SESSION_MODE', 'ubuntu'), ('GTK_MODULES', 'gail:atk-bridge'), ('MANAGERPID', '1179'), ('SYSTEMD_EXEC_PID', '1395'), ('DBUS_SESSION_BUS_ADDRESS', 'unix:path=/run/user/1000/bus'), ('COLORTERM', 'truecolor'), ('_CE_M', ''), ('TERMINATOR_DBUS_NAME', 'net.tenshu.Terminator25ef4b219e3b005583550f2b0f9f990c3'), ('_CONDA_ROOT', '/home/ben/miniconda3'), ('GIO_LAUNCHED_DESKTOP_FILE_PID', '9401'), ('IM_CONFIG_PHASE', '1'), ('WAYLAND_DISPLAY', 'wayland-0'), ('COLCON_PREFIX_PATH', '/home/ben/KV6022_limo_ros2/install'), ('ROS_DISTRO', 'humble'), ('LOGNAME', 'ben'), ('JOURNAL_STREAM', '8:24018'), ('_', '/usr/bin/colcon'), ('ROS_VERSION', '2'), ('XDG_SESSION_CLASS', 'user'), ('USERNAME', 'ben'), ('TERM', 'xterm-256color'), ('GNOME_DESKTOP_SESSION_ID', 'this-is-deprecated'), ('_CE_CONDA', ''), ('ROS_LOCALHOST_ONLY', '1'), ('PATH', '/home/ben/miniconda3/envs/ros2/bin:/home/ben/miniconda3/condabin:/opt/ros/humble/bin:/usr/local/sbin:/usr/local/bin:/usr/sbin:/usr/bin:/sbin:/bin:/usr/games:/usr/local/games:/snap/bin:/snap/bin'), ('SESSION_MANAGER', 'local/ben-Virtual-Machine:@/tmp/.ICE-unix/1333,unix/ben-Virtual-Machine:/tmp/.ICE-unix/1333'), ('INVOCATION_ID', '3fc2b0fa5bc04b889e378fc3b6ddc66d'), ('XDG_MENU_PREFIX', 'gnome-'), ('GNOME_SETUP_DISPLAY', ':1'), ('XDG_RUNTIME_DIR', '/run/user/1000'), ('DISPLAY', ':0'), ('TERMINATOR_DBUS_PATH', '/net/tenshu/Terminator2'), ('LANG', 'en_US.UTF-8'), ('XDG_CURRENT_DESKTOP', 'ubuntu:GNOME'), ('IBUS_DISABLE_SNOOPER', '1'), ('CONDA_PREFIX_1', '/home/ben/miniconda3'), ('XMODIFIERS', '@im=ibus'), ('XDG_SESSION_DESKTOP', 'ubuntu'), ('XAUTHORITY', '/run/user/1000/.mutter-Xwaylandauth.O92UV3'), ('LS_COLORS', 'rs=0:di=01;34:ln=01;36:mh=00:pi=40;33:so=01;35:do=01;35:bd=40;33;01:cd=40;33;01:or=40;31;01:mi=00:su=37;41:sg=30;43:ca=30;41:tw=30;42:ow=34;42:st=37;44:ex=01;32:*.tar=01;31:*.tgz=01;31:*.arc=01;31:*.arj=01;31:*.taz=01;31:*.lha=01;31:*.lz4=01;31:*.lzh=01;31:*.lzma=01;31:*.tlz=01;31:*.txz=01;31:*.tzo=01;31:*.t7z=01;31:*.zip=01;31:*.z=01;31:*.dz=01;31:*.gz=01;31:*.lrz=01;31:*.lz=01;31:*.lzo=01;31:*.xz=01;31:*.zst=01;31:*.tzst=01;31:*.bz2=01;31:*.bz=01;31:*.tbz=01;31:*.tbz2=01;31:*.tz=01;31:*.deb=01;31:*.rpm=01;31:*.jar=01;31:*.war=01;31:*.ear=01;31:*.sar=01;31:*.rar=01;31:*.alz=01;31:*.ace=01;31:*.zoo=01;31:*.cpio=01;31:*.7z=01;31:*.rz=01;31:*.cab=01;31:*.wim=01;31:*.swm=01;31:*.dwm=01;31:*.esd=01;31:*.jpg=01;35:*.jpeg=01;35:*.mjpg=01;35:*.mjpeg=01;35:*.gif=01;35:*.bmp=01;35:*.pbm=01;35:*.pgm=01;35:*.ppm=01;35:*.tga=01;35:*.xbm=01;35:*.xpm=01;35:*.tif=01;35:*.tiff=01;35:*.png=01;35:*.svg=01;35:*.svgz=01;35:*.mng=01;35:*.pcx=01;35:*.mov=01;35:*.mpg=01;35:*.mpeg=01;35:*.m2v=01;35:*.mkv=01;35:*.webm=01;35:*.webp=01;35:*.ogm=01;35:*.mp4=01;35:*.m4v=01;35:*.mp4v=01;35:*.vob=01;35:*.qt=01;35:*.nuv=01;35:*.wmv=01;35:*.asf=01;35:*.rm=01;35:*.rmvb=01;35:*.flc=01;35:*.avi=01;35:*.fli=01;35:*.flv=01;35:*.gl=01;35:*.dl=01;35:*.xcf=01;35:*.xwd=01;35:*.yuv=01;35:*.cgm=01;35:*.emf=01;35:*.ogv=01;35:*.ogx=01;35:*.aac=00;36:*.au=00;36:*.flac=00;36:*.m4a=00;36:*.mid=00;36:*.midi=00;36:*.mka=00;36:*.mp3=00;36:*.mpc=00;36:*.ogg=00;36:*.ra=00;36:*.wav=00;36:*.oga=00;36:*.opus=00;36:*.spx=00;36:*.xspf=00;36:'), ('SSH_AGENT_LAUNCHER', 'gnome-keyring'), ('SSH_AUTH_SOCK', '/run/user/1000/keyring/ssh'), ('AMENT_PREFIX_PATH', '/home/ben/KV6022_limo_ros2/install/trajectory_skeleton:/home/ben/KV6022_limo_ros2/install/trajectory_referee:/home/ben/KV6022_limo_ros2/install/limo_gazebosim:/home/ben/KV6022_limo_ros2/install/limo_msgs:/home/ben/KV6022_limo_ros2/install/limo_description:/home/ben/KV6022_limo_ros2/install/example_codes:/home/ben/KV6022_limo_ros2/install/Week2_lab:/home/ben/KV6022_limo_ros2/install/KV6022_assessment:/opt/ros/humble'), ('CONDA_PYTHON_EXE', '/home/ben/miniconda3/bin/python'), ('SHELL', '/bin/bash'), ('TERMINATOR_UUID', 'urn:uuid:ee2f9b05-a386-4426-b6db-454e68755f4c'), ('QT_ACCESSIBILITY', '1'), ('GDMSESSION', 'ubuntu'), ('LESSCLOSE', '/usr/bin/lesspipe %s %s'), ('CONDA_DEFAULT_ENV', 'ros2'), ('GJS_DEBUG_OUTPUT', 'stderr'), ('_CONDA_EXE', '/home/ben/miniconda3/bin/conda'), ('QT_IM_MODULE', 'ibus'), ('PWD', '/home/ben/KV6022_limo_ros2/build/limo_msgs'), ('LC_ALL', 'en_US.UTF-8'), ('XDG_CONFIG_DIRS', '/etc/xdg/xdg-ubuntu:/etc/xdg'), ('CONDA_EXE', '/home/ben/miniconda3/bin/conda'), ('XDG_DATA_DIRS', '/usr/share/ubuntu:/usr/local/share/:/usr/share/:/var/lib/snapd/desktop'), ('PYTHONPATH', '/home/ben/KV6022_limo_ros2/install/trajectory_skeleton/lib/python3.10/site-packages:/home/ben/KV6022_limo_ros2/install/trajectory_referee/lib/python3.10/site-packages:/home/ben/KV6022_limo_ros2/install/limo_gazebosim/lib/python3.10/site-packages:/home/ben/KV6022_limo_ros2/install/limo_msgs/lib/python3.10/site-packages:/home/ben/KV6022_limo_ros2/install/example_codes/lib/python3.10/site-packages:/home/ben/KV6022_limo_ros2/install/Week2_lab/lib/python3.10/site-packages:/home/ben/KV6022_limo_ros2/install/KV6022_assessment/lib/python3.10/site-packages:/opt/ros/humble/lib/python3.10/site-packages:/opt/ros/humble/local/lib/python3.10/dist-packages'), ('CONDA_PREFIX', '/home/ben/miniconda3/envs/ros2'), ('COLCON', '1'), ('VTE_VERSION', '6800'), ('CMAKE_PREFIX_PATH', '/home/ben/KV6022_limo_ros2/install/limo_gazebosim:/home/ben/KV6022_limo_ros2/install/limo_msgs:/home/ben/KV6022_limo_ros2/install/limo_description:/home/ben/KV6022_limo_ros2/install/trajectory_skeleton:/home/ben/KV6022_limo_ros2/install/trajectory_referee:/home/ben/KV6022_limo_ros2/install/example_codes:/home/ben/KV6022_limo_ros2/install/Week2_lab:/home/ben/KV6022_limo_ros2/install/KV6022_assessment:/opt/ros/humble')]), 'shell': False}
[3.218083] (limo_msgs) StdoutLine: {'line': b'-- Install configuration: ""\n'}
[3.218532] (limo_msgs) StdoutLine: {'line': b'-- Execute custom install script\n'}
[3.219988] (limo_msgs) StdoutLine: {'line': b'-- Up-to-date symlink: /home/ben/KV6022_limo_ros2/install/limo_msgs/share/ament_index/resource_index/rosidl_interfaces/limo_msgs\n'}
[3.225021] (limo_msgs) StdoutLine: {'line': b'-- Up-to-date symlink: /home/ben/KV6022_limo_ros2/install/limo_msgs/include/limo_msgs/limo_msgs/msg/detail/limo_status__functions.h\n'}
[3.225242] (limo_msgs) StdoutLine: {'line': b'-- Up-to-date symlink: /home/ben/KV6022_limo_ros2/install/limo_msgs/include/limo_msgs/limo_msgs/msg/detail/limo_status__struct.h\n'}
[3.225407] (limo_msgs) StdoutLine: {'line': b'-- Up-to-date symlink: /home/ben/KV6022_limo_ros2/install/limo_msgs/include/limo_msgs/limo_msgs/msg/detail/limo_status__type_support.h\n'}
[3.228900] (limo_msgs) StdoutLine: {'line': b'-- Up-to-date symlink: /home/ben/KV6022_limo_ros2/install/limo_msgs/include/limo_msgs/limo_msgs/msg/limo_status.h\n'}
[3.230879] (limo_msgs) StdoutLine: {'line': b'-- Up-to-date symlink: /home/ben/KV6022_limo_ros2/install/limo_msgs/include/limo_msgs/limo_msgs/msg/rosidl_generator_c__visibility_control.h\n'}
[3.231637] (limo_msgs) StdoutLine: {'line': b'-- Up-to-date symlink: /home/ben/KV6022_limo_ros2/install/limo_msgs/share/limo_msgs/environment/library_path.sh\n'}
[3.232873] (limo_msgs) StdoutLine: {'line': b'-- Up-to-date symlink: /home/ben/KV6022_limo_ros2/install/limo_msgs/share/limo_msgs/environment/library_path.dsv\n'}
[3.236654] (limo_msgs) StdoutLine: {'line': b'-- Up-to-date symlink: /home/ben/KV6022_limo_ros2/install/limo_msgs/include/limo_msgs/limo_msgs/msg/detail/limo_status__rosidl_typesupport_fastrtps_c.h\n'}
[3.238560] (limo_msgs) StdoutLine: {'line': b'-- Up-to-date symlink: /home/ben/KV6022_limo_ros2/install/limo_msgs/include/limo_msgs/limo_msgs/msg/rosidl_typesupport_fastrtps_c__visibility_control.h\n'}
[3.239554] (limo_msgs) StdoutLine: {'line': b'-- Up-to-date symlink: /home/ben/KV6022_limo_ros2/install/limo_msgs/include/limo_msgs/limo_msgs/msg/detail/limo_status__builder.hpp\n'}
[3.242976] (limo_msgs) StdoutLine: {'line': b'-- Up-to-date symlink: /home/ben/KV6022_limo_ros2/install/limo_msgs/include/limo_msgs/limo_msgs/msg/detail/limo_status__struct.hpp\n'}
[3.243173] (limo_msgs) StdoutLine: {'line': b'-- Up-to-date symlink: /home/ben/KV6022_limo_ros2/install/limo_msgs/include/limo_msgs/limo_msgs/msg/detail/limo_status__traits.hpp\n'}
[3.243742] (limo_msgs) StdoutLine: {'line': b'-- Up-to-date symlink: /home/ben/KV6022_limo_ros2/install/limo_msgs/include/limo_msgs/limo_msgs/msg/detail/limo_status__type_support.hpp\n'}
[3.252170] (limo_msgs) StdoutLine: {'line': b'-- Up-to-date symlink: /home/ben/KV6022_limo_ros2/install/limo_msgs/include/limo_msgs/limo_msgs/msg/limo_status.hpp\n'}
[3.253077] (limo_msgs) StdoutLine: {'line': b'-- Up-to-date symlink: /home/ben/KV6022_limo_ros2/install/limo_msgs/include/limo_msgs/limo_msgs/msg/rosidl_generator_cpp__visibility_control.hpp\n'}
[3.255045] (-) TimerEvent: {}
[3.258111] (limo_msgs) StdoutLine: {'line': b'-- Up-to-date symlink: /home/ben/KV6022_limo_ros2/install/limo_msgs/include/limo_msgs/limo_msgs/msg/detail/limo_status__rosidl_typesupport_fastrtps_cpp.hpp\n'}
[3.258308] (limo_msgs) StdoutLine: {'line': b'-- Up-to-date symlink: /home/ben/KV6022_limo_ros2/install/limo_msgs/include/limo_msgs/limo_msgs/msg/rosidl_typesupport_fastrtps_cpp__visibility_control.h\n'}
[3.268315] (limo_msgs) StdoutLine: {'line': b'-- Up-to-date symlink: /home/ben/KV6022_limo_ros2/install/limo_msgs/include/limo_msgs/limo_msgs/msg/detail/limo_status__rosidl_typesupport_introspection_c.h\n'}
[3.273423] (limo_msgs) StdoutLine: {'line': b'-- Up-to-date symlink: /home/ben/KV6022_limo_ros2/install/limo_msgs/include/limo_msgs/limo_msgs/msg/rosidl_typesupport_introspection_c__visibility_control.h\n'}
[3.273742] (limo_msgs) StdoutLine: {'line': b'-- Up-to-date symlink: /home/ben/KV6022_limo_ros2/install/limo_msgs/include/limo_msgs/limo_msgs/msg/detail/limo_status__rosidl_typesupport_introspection_cpp.hpp\n'}
[3.273902] (limo_msgs) StdoutLine: {'line': b'-- Up-to-date symlink: /home/ben/KV6022_limo_ros2/install/limo_msgs/share/limo_msgs/environment/pythonpath.sh\n'}
[3.282929] (limo_msgs) StdoutLine: {'line': b'-- Up-to-date symlink: /home/ben/KV6022_limo_ros2/install/limo_msgs/share/limo_msgs/environment/pythonpath.dsv\n'}
[3.283174] (limo_msgs) StdoutLine: {'line': b'-- Up-to-date symlink: /home/ben/KV6022_limo_ros2/install/limo_msgs/lib/python3.10/site-packages/limo_msgs-0.0.0-py3.10.egg-info/PKG-INFO\n'}
[3.283311] (limo_msgs) StdoutLine: {'line': b'-- Up-to-date symlink: /home/ben/KV6022_limo_ros2/install/limo_msgs/lib/python3.10/site-packages/limo_msgs-0.0.0-py3.10.egg-info/SOURCES.txt\n'}
[3.283444] (limo_msgs) StdoutLine: {'line': b'-- Up-to-date symlink: /home/ben/KV6022_limo_ros2/install/limo_msgs/lib/python3.10/site-packages/limo_msgs-0.0.0-py3.10.egg-info/dependency_links.txt\n'}
[3.283578] (limo_msgs) StdoutLine: {'line': b'-- Up-to-date symlink: /home/ben/KV6022_limo_ros2/install/limo_msgs/lib/python3.10/site-packages/limo_msgs-0.0.0-py3.10.egg-info/top_level.txt\n'}
[3.283712] (limo_msgs) StdoutLine: {'line': b'-- Up-to-date symlink: /home/ben/KV6022_limo_ros2/install/limo_msgs/lib/python3.10/site-packages/limo_msgs/__init__.py\n'}
[3.284059] (limo_msgs) StdoutLine: {'line': b'-- Up-to-date symlink: /home/ben/KV6022_limo_ros2/install/limo_msgs/lib/python3.10/site-packages/limo_msgs/_limo_msgs_s.ep.rosidl_typesupport_c.c\n'}
[3.284228] (limo_msgs) StdoutLine: {'line': b'-- Up-to-date symlink: /home/ben/KV6022_limo_ros2/install/limo_msgs/lib/python3.10/site-packages/limo_msgs/_limo_msgs_s.ep.rosidl_typesupport_fastrtps_c.c\n'}
[3.284361] (limo_msgs) StdoutLine: {'line': b'-- Up-to-date symlink: /home/ben/KV6022_limo_ros2/install/limo_msgs/lib/python3.10/site-packages/limo_msgs/_limo_msgs_s.ep.rosidl_typesupport_introspection_c.c\n'}
[3.287642] (limo_msgs) StdoutLine: {'line': b'-- Up-to-date symlink: /home/ben/KV6022_limo_ros2/install/limo_msgs/lib/python3.10/site-packages/limo_msgs/liblimo_msgs__rosidl_generator_py.so\n'}
[3.288142] (limo_msgs) StdoutLine: {'line': b'-- Up-to-date symlink: /home/ben/KV6022_limo_ros2/install/limo_msgs/lib/python3.10/site-packages/limo_msgs/limo_msgs_s__rosidl_typesupport_c.cpython-310-x86_64-linux-gnu.so\n'}
[3.290049] (limo_msgs) StdoutLine: {'line': b'-- Up-to-date symlink: /home/ben/KV6022_limo_ros2/install/limo_msgs/lib/python3.10/site-packages/limo_msgs/limo_msgs_s__rosidl_typesupport_fastrtps_c.cpython-310-x86_64-linux-gnu.so\n'}
[3.293701] (limo_msgs) StdoutLine: {'line': b'-- Up-to-date symlink: /home/ben/KV6022_limo_ros2/install/limo_msgs/lib/python3.10/site-packages/limo_msgs/limo_msgs_s__rosidl_typesupport_introspection_c.cpython-310-x86_64-linux-gnu.so\n'}
[3.294220] (limo_msgs) StdoutLine: {'line': b'-- Up-to-date symlink: /home/ben/KV6022_limo_ros2/install/limo_msgs/lib/python3.10/site-packages/limo_msgs/msg/__init__.py\n'}
[3.294366] (limo_msgs) StdoutLine: {'line': b'-- Up-to-date symlink: /home/ben/KV6022_limo_ros2/install/limo_msgs/lib/python3.10/site-packages/limo_msgs/msg/_limo_status.py\n'}
[3.298902] (limo_msgs) StdoutLine: {'line': b'-- Up-to-date symlink: /home/ben/KV6022_limo_ros2/install/limo_msgs/lib/python3.10/site-packages/limo_msgs/msg/_limo_status_s.c\n'}
[3.299080] (limo_msgs) StdoutLine: {'line': b'-- Up-to-date symlink: /home/ben/KV6022_limo_ros2/install/limo_msgs/lib/python3.10/site-packages/limo_msgs/limo_msgs_s__rosidl_typesupport_fastrtps_c.cpython-310-x86_64-linux-gnu.so\n'}
[3.299222] (limo_msgs) StdoutLine: {'line': b'-- Up-to-date symlink: /home/ben/KV6022_limo_ros2/install/limo_msgs/lib/python3.10/site-packages/limo_msgs/limo_msgs_s__rosidl_typesupport_introspection_c.cpython-310-x86_64-linux-gnu.so\n'}
[3.306752] (limo_msgs) StdoutLine: {'line': b'-- Up-to-date symlink: /home/ben/KV6022_limo_ros2/install/limo_msgs/lib/python3.10/site-packages/limo_msgs/limo_msgs_s__rosidl_typesupport_c.cpython-310-x86_64-linux-gnu.so\n'}
[3.306994] (limo_msgs) StdoutLine: {'line': b'-- Up-to-date symlink: /home/ben/KV6022_limo_ros2/install/limo_msgs/share/limo_msgs/rust/Cargo.toml\n'}
[3.307151] (limo_msgs) StdoutLine: {'line': b'-- Up-to-date symlink: /home/ben/KV6022_limo_ros2/install/limo_msgs/share/limo_msgs/rust/build.rs\n'}
[3.307283] (limo_msgs) StdoutLine: {'line': b'-- Up-to-date symlink: /home/ben/KV6022_limo_ros2/install/limo_msgs/share/limo_msgs/rust/src/lib.rs\n'}
[3.307606] (limo_msgs) StdoutLine: {'line': b'-- Up-to-date symlink: /home/ben/KV6022_limo_ros2/install/limo_msgs/share/limo_msgs/rust/src/msg.rs\n'}
[3.308688] (limo_msgs) StdoutLine: {'line': b'-- Up-to-date symlink: /home/ben/KV6022_limo_ros2/install/limo_msgs/share/limo_msgs/rust/src/msg/rmw.rs\n'}
[3.311749] (limo_msgs) StdoutLine: {'line': b'-- Up-to-date symlink: /home/ben/KV6022_limo_ros2/install/limo_msgs/share/limo_msgs/msg/LimoStatus.idl\n'}
[3.312709] (limo_msgs) StdoutLine: {'line': b'-- Up-to-date symlink: /home/ben/KV6022_limo_ros2/install/limo_msgs/share/limo_msgs/msg/LimoStatus.msg\n'}
[3.313319] (limo_msgs) StdoutLine: {'line': b'-- Up-to-date symlink: /home/ben/KV6022_limo_ros2/install/limo_msgs/share/ament_index/resource_index/package_run_dependencies/limo_msgs\n'}
[3.314322] (limo_msgs) StdoutLine: {'line': b'-- Up-to-date symlink: /home/ben/KV6022_limo_ros2/install/limo_msgs/share/ament_index/resource_index/parent_prefix_path/limo_msgs\n'}
[3.315698] (limo_msgs) StdoutLine: {'line': b'-- Up-to-date symlink: /home/ben/KV6022_limo_ros2/install/limo_msgs/share/limo_msgs/environment/ament_prefix_path.sh\n'}
[3.317576] (limo_msgs) StdoutLine: {'line': b'-- Up-to-date symlink: /home/ben/KV6022_limo_ros2/install/limo_msgs/share/limo_msgs/environment/ament_prefix_path.dsv\n'}
[3.319835] (limo_msgs) StdoutLine: {'line': b'-- Up-to-date symlink: /home/ben/KV6022_limo_ros2/install/limo_msgs/share/limo_msgs/environment/path.sh\n'}
[3.323539] (limo_msgs) StdoutLine: {'line': b'-- Up-to-date symlink: /home/ben/KV6022_limo_ros2/install/limo_msgs/share/limo_msgs/environment/path.dsv\n'}
[3.323693] (limo_msgs) StdoutLine: {'line': b'-- Up-to-date symlink: /home/ben/KV6022_limo_ros2/install/limo_msgs/share/limo_msgs/local_setup.bash\n'}
[3.323826] (limo_msgs) StdoutLine: {'line': b'-- Up-to-date symlink: /home/ben/KV6022_limo_ros2/install/limo_msgs/share/limo_msgs/local_setup.sh\n'}
[3.323957] (limo_msgs) StdoutLine: {'line': b'-- Up-to-date symlink: /home/ben/KV6022_limo_ros2/install/limo_msgs/share/limo_msgs/local_setup.zsh\n'}
[3.325009] (limo_msgs) StdoutLine: {'line': b'-- Up-to-date symlink: /home/ben/KV6022_limo_ros2/install/limo_msgs/share/limo_msgs/local_setup.dsv\n'}
[3.325865] (limo_msgs) StdoutLine: {'line': b'-- Symlinking: /home/ben/KV6022_limo_ros2/install/limo_msgs/share/limo_msgs/package.dsv\n'}
[3.355529] (-) TimerEvent: {}
[3.377049] (limo_msgs) StdoutLine: {'line': b'-- Up-to-date symlink: /home/ben/KV6022_limo_ros2/install/limo_msgs/share/ament_index/resource_index/packages/limo_msgs\n'}
[3.377321] (limo_msgs) StdoutLine: {'line': b'-- Up-to-date symlink: /home/ben/KV6022_limo_ros2/install/limo_msgs/share/limo_msgs/cmake/rosidl_cmake-extras.cmake\n'}
[3.377460] (limo_msgs) StdoutLine: {'line': b'-- Up-to-date symlink: /home/ben/KV6022_limo_ros2/install/limo_msgs/share/limo_msgs/cmake/ament_cmake_export_dependencies-extras.cmake\n'}
[3.377825] (limo_msgs) StdoutLine: {'line': b'-- Up-to-date symlink: /home/ben/KV6022_limo_ros2/install/limo_msgs/share/limo_msgs/cmake/ament_cmake_export_include_directories-extras.cmake\n'}
[3.377960] (limo_msgs) StdoutLine: {'line': b'-- Up-to-date symlink: /home/ben/KV6022_limo_ros2/install/limo_msgs/share/limo_msgs/cmake/ament_cmake_export_libraries-extras.cmake\n'}
[3.382824] (limo_msgs) StdoutLine: {'line': b'-- Up-to-date symlink: /home/ben/KV6022_limo_ros2/install/limo_msgs/share/limo_msgs/cmake/ament_cmake_export_targets-extras.cmake\n'}
[3.383092] (limo_msgs) StdoutLine: {'line': b'-- Up-to-date symlink: /home/ben/KV6022_limo_ros2/install/limo_msgs/share/limo_msgs/cmake/rosidl_cmake_export_typesupport_targets-extras.cmake\n'}
[3.383231] (limo_msgs) StdoutLine: {'line': b'-- Up-to-date symlink: /home/ben/KV6022_limo_ros2/install/limo_msgs/share/limo_msgs/cmake/rosidl_cmake_export_typesupport_libraries-extras.cmake\n'}
[3.385628] (limo_msgs) StdoutLine: {'line': b'-- Up-to-date symlink: /home/ben/KV6022_limo_ros2/install/limo_msgs/share/limo_msgs/cmake/rosidl_cmake_aggregate_target-extras.cmake\n'}
[3.386366] (limo_msgs) StdoutLine: {'line': b'-- Up-to-date symlink: /home/ben/KV6022_limo_ros2/install/limo_msgs/share/limo_msgs/cmake/limo_msgsConfig.cmake\n'}
[3.388036] (limo_msgs) StdoutLine: {'line': b'-- Up-to-date symlink: /home/ben/KV6022_limo_ros2/install/limo_msgs/share/limo_msgs/cmake/limo_msgsConfig-version.cmake\n'}
[3.388187] (limo_msgs) StdoutLine: {'line': b'-- Up-to-date symlink: /home/ben/KV6022_limo_ros2/install/limo_msgs/share/limo_msgs/package.xml\n'}
[3.398573] (limo_msgs) StdoutLine: {'line': b'-- Up-to-date: /home/ben/KV6022_limo_ros2/install/limo_msgs/lib/liblimo_msgs__rosidl_generator_c.so\n'}
[3.405738] (limo_msgs) StdoutLine: {'line': b'-- Up-to-date: /home/ben/KV6022_limo_ros2/install/limo_msgs/lib/liblimo_msgs__rosidl_typesupport_fastrtps_c.so\n'}
[3.410950] (limo_msgs) StdoutLine: {'line': b'-- Up-to-date: /home/ben/KV6022_limo_ros2/install/limo_msgs/lib/liblimo_msgs__rosidl_typesupport_fastrtps_cpp.so\n'}
[3.415394] (limo_msgs) StdoutLine: {'line': b'-- Up-to-date: /home/ben/KV6022_limo_ros2/install/limo_msgs/lib/liblimo_msgs__rosidl_typesupport_introspection_c.so\n'}
[3.421763] (limo_msgs) StdoutLine: {'line': b'-- Up-to-date: /home/ben/KV6022_limo_ros2/install/limo_msgs/lib/liblimo_msgs__rosidl_typesupport_c.so\n'}
[3.425811] (limo_msgs) StdoutLine: {'line': b'-- Up-to-date: /home/ben/KV6022_limo_ros2/install/limo_msgs/lib/liblimo_msgs__rosidl_typesupport_introspection_cpp.so\n'}
[3.434392] (limo_msgs) StdoutLine: {'line': b'-- Up-to-date: /home/ben/KV6022_limo_ros2/install/limo_msgs/lib/liblimo_msgs__rosidl_typesupport_cpp.so\n'}
[3.456221] (-) TimerEvent: {}
[3.557003] (-) TimerEvent: {}
[3.568568] (limo_msgs) StdoutLine: {'line': b"Listing '/home/ben/KV6022_limo_ros2/install/limo_msgs/lib/python3.10/site-packages/limo_msgs'...\n"}
[3.576743] (limo_msgs) StdoutLine: {'line': b"Listing '/home/ben/KV6022_limo_ros2/install/limo_msgs/lib/python3.10/site-packages/limo_msgs/msg'...\n"}
[3.578261] (limo_msgs) StdoutLine: {'line': b'-- Up-to-date: /home/ben/KV6022_limo_ros2/install/limo_msgs/lib/liblimo_msgs__rosidl_generator_py.so\n'}
[3.582822] (limo_msgs) StdoutLine: {'line': b'-- Up-to-date: /home/ben/KV6022_limo_ros2/install/limo_msgs/share/limo_msgs/cmake/export_limo_msgs__rosidl_generator_cExport.cmake\n'}
[3.583303] (limo_msgs) StdoutLine: {'line': b'-- Up-to-date: /home/ben/KV6022_limo_ros2/install/limo_msgs/share/limo_msgs/cmake/export_limo_msgs__rosidl_generator_cExport-noconfig.cmake\n'}
[3.590021] (limo_msgs) StdoutLine: {'line': b'-- Up-to-date: /home/ben/KV6022_limo_ros2/install/limo_msgs/share/limo_msgs/cmake/export_limo_msgs__rosidl_typesupport_fastrtps_cExport.cmake\n'}
[3.590236] (limo_msgs) StdoutLine: {'line': b'-- Up-to-date: /home/ben/KV6022_limo_ros2/install/limo_msgs/share/limo_msgs/cmake/export_limo_msgs__rosidl_typesupport_fastrtps_cExport-noconfig.cmake\n'}
[3.590534] (limo_msgs) StdoutLine: {'line': b'-- Up-to-date: /home/ben/KV6022_limo_ros2/install/limo_msgs/share/limo_msgs/cmake/export_limo_msgs__rosidl_generator_cppExport.cmake\n'}
[3.595856] (limo_msgs) StdoutLine: {'line': b'-- Up-to-date: /home/ben/KV6022_limo_ros2/install/limo_msgs/share/limo_msgs/cmake/export_limo_msgs__rosidl_typesupport_fastrtps_cppExport.cmake\n'}
[3.598478] (limo_msgs) StdoutLine: {'line': b'-- Up-to-date: /home/ben/KV6022_limo_ros2/install/limo_msgs/share/limo_msgs/cmake/export_limo_msgs__rosidl_typesupport_fastrtps_cppExport-noconfig.cmake\n'}
[3.598694] (limo_msgs) StdoutLine: {'line': b'-- Up-to-date: /home/ben/KV6022_limo_ros2/install/limo_msgs/share/limo_msgs/cmake/limo_msgs__rosidl_typesupport_introspection_cExport.cmake\n'}
[3.598972] (limo_msgs) StdoutLine: {'line': b'-- Up-to-date: /home/ben/KV6022_limo_ros2/install/limo_msgs/share/limo_msgs/cmake/limo_msgs__rosidl_typesupport_introspection_cExport-noconfig.cmake\n'}
[3.601719] (limo_msgs) StdoutLine: {'line': b'-- Up-to-date: /home/ben/KV6022_limo_ros2/install/limo_msgs/share/limo_msgs/cmake/limo_msgs__rosidl_typesupport_cExport.cmake\n'}
[3.602013] (limo_msgs) StdoutLine: {'line': b'-- Up-to-date: /home/ben/KV6022_limo_ros2/install/limo_msgs/share/limo_msgs/cmake/limo_msgs__rosidl_typesupport_cExport-noconfig.cmake\n'}
[3.603291] (limo_msgs) StdoutLine: {'line': b'-- Up-to-date: /home/ben/KV6022_limo_ros2/install/limo_msgs/share/limo_msgs/cmake/limo_msgs__rosidl_typesupport_introspection_cppExport.cmake\n'}
[3.603484] (limo_msgs) StdoutLine: {'line': b'-- Up-to-date: /home/ben/KV6022_limo_ros2/install/limo_msgs/share/limo_msgs/cmake/limo_msgs__rosidl_typesupport_introspection_cppExport-noconfig.cmake\n'}
[3.604728] (limo_msgs) StdoutLine: {'line': b'-- Up-to-date: /home/ben/KV6022_limo_ros2/install/limo_msgs/share/limo_msgs/cmake/limo_msgs__rosidl_typesupport_cppExport.cmake\n'}
[3.604937] (limo_msgs) StdoutLine: {'line': b'-- Up-to-date: /home/ben/KV6022_limo_ros2/install/limo_msgs/share/limo_msgs/cmake/limo_msgs__rosidl_typesupport_cppExport-noconfig.cmake\n'}
[3.607112] (limo_msgs) StdoutLine: {'line': b'-- Up-to-date: /home/ben/KV6022_limo_ros2/install/limo_msgs/share/limo_msgs/cmake/export_limo_msgs__rosidl_generator_pyExport.cmake\n'}
[3.607346] (limo_msgs) StdoutLine: {'line': b'-- Up-to-date: /home/ben/KV6022_limo_ros2/install/limo_msgs/share/limo_msgs/cmake/export_limo_msgs__rosidl_generator_pyExport-noconfig.cmake\n'}
[3.626729] (limo_msgs) CommandEnded: {'returncode': 0}
[3.661075] (-) TimerEvent: {}
[3.694880] (limo_msgs) JobEnded: {'identifier': 'limo_msgs', 'rc': 0}
[3.701384] (limo_gazebosim) JobStarted: {'identifier': 'limo_gazebosim'}
[3.761989] (-) TimerEvent: {}
[3.764528] (limo_gazebosim) JobProgress: {'identifier': 'limo_gazebosim', 'progress': 'cmake'}
[3.774776] (limo_gazebosim) JobProgress: {'identifier': 'limo_gazebosim', 'progress': 'build'}
[3.775033] (limo_gazebosim) Command: {'cmd': ['/usr/bin/cmake', '--build', '/home/ben/KV6022_limo_ros2/build/limo_gazebosim', '--', '-j8', '-l8'], 'cwd': '/home/ben/KV6022_limo_ros2/build/limo_gazebosim', 'env': OrderedDict([('GJS_DEBUG_TOPICS', 'JS ERROR;JS LOG'), ('LESSOPEN', '| /usr/bin/lesspipe %s'), ('CONDA_PROMPT_MODIFIER', '(ros2)'), ('LANGUAGE', 'en_GB:en'), ('USER', 'ben'), ('XDG_SESSION_TYPE', 'wayland'), ('SHLVL', '1'), ('LD_LIBRARY_PATH', '/home/ben/KV6022_limo_ros2/install/limo_msgs/lib:/usr/lib/x86_64-linux-gnu/gazebo-11/plugins:/opt/ros/humble/opt/rviz_ogre_vendor/lib:/opt/ros/humble/lib/x86_64-linux-gnu:/opt/ros/humble/lib'), ('HOME', '/home/ben'), ('CONDA_SHLVL', '2'), ('OLDPWD', '/home/ben/KV6022_limo_ros2/src'), ('DESKTOP_SESSION', 'ubuntu'), ('GIO_LAUNCHED_DESKTOP_FILE', '/usr/share/applications/terminator.desktop'), ('ROS_PYTHON_VERSION', '3'), ('GNOME_SHELL_SESSION_MODE', 'ubuntu'), ('GTK_MODULES', 'gail:atk-bridge'), ('MANAGERPID', '1179'), ('SYSTEMD_EXEC_PID', '1395'), ('DBUS_SESSION_BUS_ADDRESS', 'unix:path=/run/user/1000/bus'), ('COLORTERM', 'truecolor'), ('_CE_M', ''), ('TERMINATOR_DBUS_NAME', 'net.tenshu.Terminator25ef4b219e3b005583550f2b0f9f990c3'), ('_CONDA_ROOT', '/home/ben/miniconda3'), ('GIO_LAUNCHED_DESKTOP_FILE_PID', '9401'), ('IM_CONFIG_PHASE', '1'), ('WAYLAND_DISPLAY', 'wayland-0'), ('COLCON_PREFIX_PATH', '/home/ben/KV6022_limo_ros2/install'), ('ROS_DISTRO', 'humble'), ('LOGNAME', 'ben'), ('JOURNAL_STREAM', '8:24018'), ('_', '/usr/bin/colcon'), ('ROS_VERSION', '2'), ('XDG_SESSION_CLASS', 'user'), ('USERNAME', 'ben'), ('TERM', 'xterm-256color'), ('GNOME_DESKTOP_SESSION_ID', 'this-is-deprecated'), ('_CE_CONDA', ''), ('ROS_LOCALHOST_ONLY', '1'), ('PATH', '/home/ben/miniconda3/envs/ros2/bin:/home/ben/miniconda3/condabin:/opt/ros/humble/bin:/usr/local/sbin:/usr/local/bin:/usr/sbin:/usr/bin:/sbin:/bin:/usr/games:/usr/local/games:/snap/bin:/snap/bin'), ('SESSION_MANAGER', 'local/ben-Virtual-Machine:@/tmp/.ICE-unix/1333,unix/ben-Virtual-Machine:/tmp/.ICE-unix/1333'), ('INVOCATION_ID', '3fc2b0fa5bc04b889e378fc3b6ddc66d'), ('XDG_MENU_PREFIX', 'gnome-'), ('GNOME_SETUP_DISPLAY', ':1'), ('XDG_RUNTIME_DIR', '/run/user/1000'), ('DISPLAY', ':0'), ('TERMINATOR_DBUS_PATH', '/net/tenshu/Terminator2'), ('LANG', 'en_US.UTF-8'), ('XDG_CURRENT_DESKTOP', 'ubuntu:GNOME'), ('IBUS_DISABLE_SNOOPER', '1'), ('CONDA_PREFIX_1', '/home/ben/miniconda3'), ('XMODIFIERS', '@im=ibus'), ('XDG_SESSION_DESKTOP', 'ubuntu'), ('XAUTHORITY', '/run/user/1000/.mutter-Xwaylandauth.O92UV3'), ('LS_COLORS', 'rs=0:di=01;34:ln=01;36:mh=00:pi=40;33:so=01;35:do=01;35:bd=40;33;01:cd=40;33;01:or=40;31;01:mi=00:su=37;41:sg=30;43:ca=30;41:tw=30;42:ow=34;42:st=37;44:ex=01;32:*.tar=01;31:*.tgz=01;31:*.arc=01;31:*.arj=01;31:*.taz=01;31:*.lha=01;31:*.lz4=01;31:*.lzh=01;31:*.lzma=01;31:*.tlz=01;31:*.txz=01;31:*.tzo=01;31:*.t7z=01;31:*.zip=01;31:*.z=01;31:*.dz=01;31:*.gz=01;31:*.lrz=01;31:*.lz=01;31:*.lzo=01;31:*.xz=01;31:*.zst=01;31:*.tzst=01;31:*.bz2=01;31:*.bz=01;31:*.tbz=01;31:*.tbz2=01;31:*.tz=01;31:*.deb=01;31:*.rpm=01;31:*.jar=01;31:*.war=01;31:*.ear=01;31:*.sar=01;31:*.rar=01;31:*.alz=01;31:*.ace=01;31:*.zoo=01;31:*.cpio=01;31:*.7z=01;31:*.rz=01;31:*.cab=01;31:*.wim=01;31:*.swm=01;31:*.dwm=01;31:*.esd=01;31:*.jpg=01;35:*.jpeg=01;35:*.mjpg=01;35:*.mjpeg=01;35:*.gif=01;35:*.bmp=01;35:*.pbm=01;35:*.pgm=01;35:*.ppm=01;35:*.tga=01;35:*.xbm=01;35:*.xpm=01;35:*.tif=01;35:*.tiff=01;35:*.png=01;35:*.svg=01;35:*.svgz=01;35:*.mng=01;35:*.pcx=01;35:*.mov=01;35:*.mpg=01;35:*.mpeg=01;35:*.m2v=01;35:*.mkv=01;35:*.webm=01;35:*.webp=01;35:*.ogm=01;35:*.mp4=01;35:*.m4v=01;35:*.mp4v=01;35:*.vob=01;35:*.qt=01;35:*.nuv=01;35:*.wmv=01;35:*.asf=01;35:*.rm=01;35:*.rmvb=01;35:*.flc=01;35:*.avi=01;35:*.fli=01;35:*.flv=01;35:*.gl=01;35:*.dl=01;35:*.xcf=01;35:*.xwd=01;35:*.yuv=01;35:*.cgm=01;35:*.emf=01;35:*.ogv=01;35:*.ogx=01;35:*.aac=00;36:*.au=00;36:*.flac=00;36:*.m4a=00;36:*.mid=00;36:*.midi=00;36:*.mka=00;36:*.mp3=00;36:*.mpc=00;36:*.ogg=00;36:*.ra=00;36:*.wav=00;36:*.oga=00;36:*.opus=00;36:*.spx=00;36:*.xspf=00;36:'), ('SSH_AGENT_LAUNCHER', 'gnome-keyring'), ('SSH_AUTH_SOCK', '/run/user/1000/keyring/ssh'), ('AMENT_PREFIX_PATH', '/home/ben/KV6022_limo_ros2/install/trajectory_skeleton:/home/ben/KV6022_limo_ros2/install/trajectory_referee:/home/ben/KV6022_limo_ros2/install/limo_gazebosim:/home/ben/KV6022_limo_ros2/install/limo_msgs:/home/ben/KV6022_limo_ros2/install/limo_description:/home/ben/KV6022_limo_ros2/install/example_codes:/home/ben/KV6022_limo_ros2/install/Week2_lab:/home/ben/KV6022_limo_ros2/install/KV6022_assessment:/opt/ros/humble'), ('CONDA_PYTHON_EXE', '/home/ben/miniconda3/bin/python'), ('SHELL', '/bin/bash'), ('TERMINATOR_UUID', 'urn:uuid:ee2f9b05-a386-4426-b6db-454e68755f4c'), ('QT_ACCESSIBILITY', '1'), ('GDMSESSION', 'ubuntu'), ('LESSCLOSE', '/usr/bin/lesspipe %s %s'), ('CONDA_DEFAULT_ENV', 'ros2'), ('GJS_DEBUG_OUTPUT', 'stderr'), ('_CONDA_EXE', '/home/ben/miniconda3/bin/conda'), ('QT_IM_MODULE', 'ibus'), ('PWD', '/home/ben/KV6022_limo_ros2/build/limo_gazebosim'), ('LC_ALL', 'en_US.UTF-8'), ('XDG_CONFIG_DIRS', '/etc/xdg/xdg-ubuntu:/etc/xdg'), ('CONDA_EXE', '/home/ben/miniconda3/bin/conda'), ('XDG_DATA_DIRS', '/usr/share/ubuntu:/usr/local/share/:/usr/share/:/var/lib/snapd/desktop'), ('PYTHONPATH', '/home/ben/KV6022_limo_ros2/install/limo_msgs/lib/python3.10/site-packages:/home/ben/KV6022_limo_ros2/install/trajectory_skeleton/lib/python3.10/site-packages:/home/ben/KV6022_limo_ros2/install/trajectory_referee/lib/python3.10/site-packages:/home/ben/KV6022_limo_ros2/install/limo_gazebosim/lib/python3.10/site-packages:/home/ben/KV6022_limo_ros2/install/example_codes/lib/python3.10/site-packages:/home/ben/KV6022_limo_ros2/install/Week2_lab/lib/python3.10/site-packages:/home/ben/KV6022_limo_ros2/install/KV6022_assessment/lib/python3.10/site-packages:/opt/ros/humble/lib/python3.10/site-packages:/opt/ros/humble/local/lib/python3.10/dist-packages'), ('CONDA_PREFIX', '/home/ben/miniconda3/envs/ros2'), ('COLCON', '1'), ('VTE_VERSION', '6800'), ('CMAKE_PREFIX_PATH', '/home/ben/KV6022_limo_ros2/install/limo_msgs:/home/ben/KV6022_limo_ros2/install/limo_description:/home/ben/KV6022_limo_ros2/install/limo_gazebosim:/home/ben/KV6022_limo_ros2/install/trajectory_skeleton:/home/ben/KV6022_limo_ros2/install/trajectory_referee:/home/ben/KV6022_limo_ros2/install/example_codes:/home/ben/KV6022_limo_ros2/install/Week2_lab:/home/ben/KV6022_limo_ros2/install/KV6022_assessment:/opt/ros/humble')]), 'shell': False}
[3.868255] (-) TimerEvent: {}
[3.969743] (-) TimerEvent: {}
[4.074631] (-) TimerEvent: {}
[4.176692] (-) TimerEvent: {}
[4.178718] (limo_gazebosim) StdoutLine: {'line': b'Built target ament_cmake_python_symlink_limo_gazebosim\n'}
[4.278120] (-) TimerEvent: {}
[4.379760] (-) TimerEvent: {}
[4.439704] (example_codes) Command: {'cmd': ['/usr/bin/python3', '-W', 'ignore:setup.py install is deprecated', '-W', 'ignore:easy_install command is deprecated', 'setup.py', 'egg_info', '--egg-base', '../../build/example_codes', 'build', '--build-base', '/home/ben/KV6022_limo_ros2/build/example_codes/build', 'install', '--record', '/home/ben/KV6022_limo_ros2/build/example_codes/install.log', '--install-scripts', '$base/lib/example_codes', '--single-version-externally-managed', 'install_data'], 'cwd': '/home/ben/KV6022_limo_ros2/src/example_codes', 'env': OrderedDict([('GJS_DEBUG_TOPICS', 'JS ERROR;JS LOG'), ('LESSOPEN', '| /usr/bin/lesspipe %s'), ('CONDA_PROMPT_MODIFIER', '(ros2)'), ('LANGUAGE', 'en_GB:en'), ('USER', 'ben'), ('XDG_SESSION_TYPE', 'wayland'), ('SHLVL', '1'), ('LD_LIBRARY_PATH', '/home/ben/KV6022_limo_ros2/install/limo_msgs/lib:/usr/lib/x86_64-linux-gnu/gazebo-11/plugins:/opt/ros/humble/opt/rviz_ogre_vendor/lib:/opt/ros/humble/lib/x86_64-linux-gnu:/opt/ros/humble/lib'), ('HOME', '/home/ben'), ('CONDA_SHLVL', '2'), ('OLDPWD', '/home/ben/KV6022_limo_ros2/src'), ('DESKTOP_SESSION', 'ubuntu'), ('GIO_LAUNCHED_DESKTOP_FILE', '/usr/share/applications/terminator.desktop'), ('ROS_PYTHON_VERSION', '3'), ('GNOME_SHELL_SESSION_MODE', 'ubuntu'), ('GTK_MODULES', 'gail:atk-bridge'), ('MANAGERPID', '1179'), ('SYSTEMD_EXEC_PID', '1395'), ('DBUS_SESSION_BUS_ADDRESS', 'unix:path=/run/user/1000/bus'), ('COLORTERM', 'truecolor'), ('_CE_M', ''), ('TERMINATOR_DBUS_NAME', 'net.tenshu.Terminator25ef4b219e3b005583550f2b0f9f990c3'), ('_CONDA_ROOT', '/home/ben/miniconda3'), ('GIO_LAUNCHED_DESKTOP_FILE_PID', '9401'), ('IM_CONFIG_PHASE', '1'), ('WAYLAND_DISPLAY', 'wayland-0'), ('COLCON_PREFIX_PATH', '/home/ben/KV6022_limo_ros2/install'), ('ROS_DISTRO', 'humble'), ('LOGNAME', 'ben'), ('JOURNAL_STREAM', '8:24018'), ('_', '/usr/bin/colcon'), ('ROS_VERSION', '2'), ('XDG_SESSION_CLASS', 'user'), ('USERNAME', 'ben'), ('TERM', 'xterm-256color'), ('GNOME_DESKTOP_SESSION_ID', 'this-is-deprecated'), ('_CE_CONDA', ''), ('ROS_LOCALHOST_ONLY', '1'), ('PATH', '/home/ben/miniconda3/envs/ros2/bin:/home/ben/miniconda3/condabin:/opt/ros/humble/bin:/usr/local/sbin:/usr/local/bin:/usr/sbin:/usr/bin:/sbin:/bin:/usr/games:/usr/local/games:/snap/bin:/snap/bin'), ('SESSION_MANAGER', 'local/ben-Virtual-Machine:@/tmp/.ICE-unix/1333,unix/ben-Virtual-Machine:/tmp/.ICE-unix/1333'), ('INVOCATION_ID', '3fc2b0fa5bc04b889e378fc3b6ddc66d'), ('XDG_MENU_PREFIX', 'gnome-'), ('GNOME_SETUP_DISPLAY', ':1'), ('XDG_RUNTIME_DIR', '/run/user/1000'), ('DISPLAY', ':0'), ('TERMINATOR_DBUS_PATH', '/net/tenshu/Terminator2'), ('LANG', 'en_US.UTF-8'), ('XDG_CURRENT_DESKTOP', 'ubuntu:GNOME'), ('IBUS_DISABLE_SNOOPER', '1'), ('CONDA_PREFIX_1', '/home/ben/miniconda3'), ('XMODIFIERS', '@im=ibus'), ('XDG_SESSION_DESKTOP', 'ubuntu'), ('XAUTHORITY', '/run/user/1000/.mutter-Xwaylandauth.O92UV3'), ('LS_COLORS', 'rs=0:di=01;34:ln=01;36:mh=00:pi=40;33:so=01;35:do=01;35:bd=40;33;01:cd=40;33;01:or=40;31;01:mi=00:su=37;41:sg=30;43:ca=30;41:tw=30;42:ow=34;42:st=37;44:ex=01;32:*.tar=01;31:*.tgz=01;31:*.arc=01;31:*.arj=01;31:*.taz=01;31:*.lha=01;31:*.lz4=01;31:*.lzh=01;31:*.lzma=01;31:*.tlz=01;31:*.txz=01;31:*.tzo=01;31:*.t7z=01;31:*.zip=01;31:*.z=01;31:*.dz=01;31:*.gz=01;31:*.lrz=01;31:*.lz=01;31:*.lzo=01;31:*.xz=01;31:*.zst=01;31:*.tzst=01;31:*.bz2=01;31:*.bz=01;31:*.tbz=01;31:*.tbz2=01;31:*.tz=01;31:*.deb=01;31:*.rpm=01;31:*.jar=01;31:*.war=01;31:*.ear=01;31:*.sar=01;31:*.rar=01;31:*.alz=01;31:*.ace=01;31:*.zoo=01;31:*.cpio=01;31:*.7z=01;31:*.rz=01;31:*.cab=01;31:*.wim=01;31:*.swm=01;31:*.dwm=01;31:*.esd=01;31:*.jpg=01;35:*.jpeg=01;35:*.mjpg=01;35:*.mjpeg=01;35:*.gif=01;35:*.bmp=01;35:*.pbm=01;35:*.pgm=01;35:*.ppm=01;35:*.tga=01;35:*.xbm=01;35:*.xpm=01;35:*.tif=01;35:*.tiff=01;35:*.png=01;35:*.svg=01;35:*.svgz=01;35:*.mng=01;35:*.pcx=01;35:*.mov=01;35:*.mpg=01;35:*.mpeg=01;35:*.m2v=01;35:*.mkv=01;35:*.webm=01;35:*.webp=01;35:*.ogm=01;35:*.mp4=01;35:*.m4v=01;35:*.mp4v=01;35:*.vob=01;35:*.qt=01;35:*.nuv=01;35:*.wmv=01;35:*.asf=01;35:*.rm=01;35:*.rmvb=01;35:*.flc=01;35:*.avi=01;35:*.fli=01;35:*.flv=01;35:*.gl=01;35:*.dl=01;35:*.xcf=01;35:*.xwd=01;35:*.yuv=01;35:*.cgm=01;35:*.emf=01;35:*.ogv=01;35:*.ogx=01;35:*.aac=00;36:*.au=00;36:*.flac=00;36:*.m4a=00;36:*.mid=00;36:*.midi=00;36:*.mka=00;36:*.mp3=00;36:*.mpc=00;36:*.ogg=00;36:*.ra=00;36:*.wav=00;36:*.oga=00;36:*.opus=00;36:*.spx=00;36:*.xspf=00;36:'), ('SSH_AGENT_LAUNCHER', 'gnome-keyring'), ('SSH_AUTH_SOCK', '/run/user/1000/keyring/ssh'), ('AMENT_PREFIX_PATH', '/home/ben/KV6022_limo_ros2/install/trajectory_skeleton:/home/ben/KV6022_limo_ros2/install/trajectory_referee:/home/ben/KV6022_limo_ros2/install/limo_gazebosim:/home/ben/KV6022_limo_ros2/install/limo_msgs:/home/ben/KV6022_limo_ros2/install/limo_description:/home/ben/KV6022_limo_ros2/install/example_codes:/home/ben/KV6022_limo_ros2/install/Week2_lab:/home/ben/KV6022_limo_ros2/install/KV6022_assessment:/opt/ros/humble'), ('CONDA_PYTHON_EXE', '/home/ben/miniconda3/bin/python'), ('SHELL', '/bin/bash'), ('TERMINATOR_UUID', 'urn:uuid:ee2f9b05-a386-4426-b6db-454e68755f4c'), ('QT_ACCESSIBILITY', '1'), ('GDMSESSION', 'ubuntu'), ('LESSCLOSE', '/usr/bin/lesspipe %s %s'), ('CONDA_DEFAULT_ENV', 'ros2'), ('GJS_DEBUG_OUTPUT', 'stderr'), ('_CONDA_EXE', '/home/ben/miniconda3/bin/conda'), ('QT_IM_MODULE', 'ibus'), ('PWD', '/home/ben/KV6022_limo_ros2/build/example_codes'), ('LC_ALL', 'en_US.UTF-8'), ('XDG_CONFIG_DIRS', '/etc/xdg/xdg-ubuntu:/etc/xdg'), ('CONDA_EXE', '/home/ben/miniconda3/bin/conda'), ('XDG_DATA_DIRS', '/usr/share/ubuntu:/usr/local/share/:/usr/share/:/var/lib/snapd/desktop'), ('PYTHONPATH', '/home/ben/KV6022_limo_ros2/build/example_codes/prefix_override:/usr/lib/python3/dist-packages/colcon_core/task/python/colcon_distutils_commands:/home/ben/KV6022_limo_ros2/install/example_codes/lib/python3.10/site-packages:/home/ben/KV6022_limo_ros2/install/trajectory_skeleton/lib/python3.10/site-packages:/home/ben/KV6022_limo_ros2/install/trajectory_referee/lib/python3.10/site-packages:/home/ben/KV6022_limo_ros2/install/limo_gazebosim/lib/python3.10/site-packages:/home/ben/KV6022_limo_ros2/install/limo_msgs/lib/python3.10/site-packages:/home/ben/KV6022_limo_ros2/install/example_codes/lib/python3.10/site-packages:/home/ben/KV6022_limo_ros2/install/Week2_lab/lib/python3.10/site-packages:/home/ben/KV6022_limo_ros2/install/KV6022_assessment/lib/python3.10/site-packages:/opt/ros/humble/lib/python3.10/site-packages:/opt/ros/humble/local/lib/python3.10/dist-packages'), ('CONDA_PREFIX', '/home/ben/miniconda3/envs/ros2'), ('COLCON', '1'), ('VTE_VERSION', '6800'), ('CMAKE_PREFIX_PATH', '/home/ben/KV6022_limo_ros2/install/limo_gazebosim:/home/ben/KV6022_limo_ros2/install/limo_msgs:/home/ben/KV6022_limo_ros2/install/limo_description')]), 'shell': False}
[4.456876] (KV6022_assessment) Command: {'cmd': ['/usr/bin/python3', '-W', 'ignore:setup.py install is deprecated', '-W', 'ignore:easy_install command is deprecated', 'setup.py', 'egg_info', '--egg-base', '../../build/KV6022_assessment', 'build', '--build-base', '/home/ben/KV6022_limo_ros2/build/KV6022_assessment/build', 'install', '--record', '/home/ben/KV6022_limo_ros2/build/KV6022_assessment/install.log', '--install-scripts', '$base/lib/KV6022_assessment', '--single-version-externally-managed', 'install_data'], 'cwd': '/home/ben/KV6022_limo_ros2/src/KV6022_assessment', 'env': OrderedDict([('GJS_DEBUG_TOPICS', 'JS ERROR;JS LOG'), ('LESSOPEN', '| /usr/bin/lesspipe %s'), ('CONDA_PROMPT_MODIFIER', '(ros2)'), ('LANGUAGE', 'en_GB:en'), ('USER', 'ben'), ('XDG_SESSION_TYPE', 'wayland'), ('SHLVL', '1'), ('LD_LIBRARY_PATH', '/home/ben/KV6022_limo_ros2/install/limo_msgs/lib:/usr/lib/x86_64-linux-gnu/gazebo-11/plugins:/opt/ros/humble/opt/rviz_ogre_vendor/lib:/opt/ros/humble/lib/x86_64-linux-gnu:/opt/ros/humble/lib'), ('HOME', '/home/ben'), ('CONDA_SHLVL', '2'), ('OLDPWD', '/home/ben/KV6022_limo_ros2/src'), ('DESKTOP_SESSION', 'ubuntu'), ('GIO_LAUNCHED_DESKTOP_FILE', '/usr/share/applications/terminator.desktop'), ('ROS_PYTHON_VERSION', '3'), ('GNOME_SHELL_SESSION_MODE', 'ubuntu'), ('GTK_MODULES', 'gail:atk-bridge'), ('MANAGERPID', '1179'), ('SYSTEMD_EXEC_PID', '1395'), ('DBUS_SESSION_BUS_ADDRESS', 'unix:path=/run/user/1000/bus'), ('COLORTERM', 'truecolor'), ('_CE_M', ''), ('TERMINATOR_DBUS_NAME', 'net.tenshu.Terminator25ef4b219e3b005583550f2b0f9f990c3'), ('_CONDA_ROOT', '/home/ben/miniconda3'), ('GIO_LAUNCHED_DESKTOP_FILE_PID', '9401'), ('IM_CONFIG_PHASE', '1'), ('WAYLAND_DISPLAY', 'wayland-0'), ('COLCON_PREFIX_PATH', '/home/ben/KV6022_limo_ros2/install'), ('ROS_DISTRO', 'humble'), ('LOGNAME', 'ben'), ('JOURNAL_STREAM', '8:24018'), ('_', '/usr/bin/colcon'), ('ROS_VERSION', '2'), ('XDG_SESSION_CLASS', 'user'), ('USERNAME', 'ben'), ('TERM', 'xterm-256color'), ('GNOME_DESKTOP_SESSION_ID', 'this-is-deprecated'), ('_CE_CONDA', ''), ('ROS_LOCALHOST_ONLY', '1'), ('PATH', '/home/ben/miniconda3/envs/ros2/bin:/home/ben/miniconda3/condabin:/opt/ros/humble/bin:/usr/local/sbin:/usr/local/bin:/usr/sbin:/usr/bin:/sbin:/bin:/usr/games:/usr/local/games:/snap/bin:/snap/bin'), ('SESSION_MANAGER', 'local/ben-Virtual-Machine:@/tmp/.ICE-unix/1333,unix/ben-Virtual-Machine:/tmp/.ICE-unix/1333'), ('INVOCATION_ID', '3fc2b0fa5bc04b889e378fc3b6ddc66d'), ('XDG_MENU_PREFIX', 'gnome-'), ('GNOME_SETUP_DISPLAY', ':1'), ('XDG_RUNTIME_DIR', '/run/user/1000'), ('DISPLAY', ':0'), ('TERMINATOR_DBUS_PATH', '/net/tenshu/Terminator2'), ('LANG', 'en_US.UTF-8'), ('XDG_CURRENT_DESKTOP', 'ubuntu:GNOME'), ('IBUS_DISABLE_SNOOPER', '1'), ('CONDA_PREFIX_1', '/home/ben/miniconda3'), ('XMODIFIERS', '@im=ibus'), ('XDG_SESSION_DESKTOP', 'ubuntu'), ('XAUTHORITY', '/run/user/1000/.mutter-Xwaylandauth.O92UV3'), ('LS_COLORS', 'rs=0:di=01;34:ln=01;36:mh=00:pi=40;33:so=01;35:do=01;35:bd=40;33;01:cd=40;33;01:or=40;31;01:mi=00:su=37;41:sg=30;43:ca=30;41:tw=30;42:ow=34;42:st=37;44:ex=01;32:*.tar=01;31:*.tgz=01;31:*.arc=01;31:*.arj=01;31:*.taz=01;31:*.lha=01;31:*.lz4=01;31:*.lzh=01;31:*.lzma=01;31:*.tlz=01;31:*.txz=01;31:*.tzo=01;31:*.t7z=01;31:*.zip=01;31:*.z=01;31:*.dz=01;31:*.gz=01;31:*.lrz=01;31:*.lz=01;31:*.lzo=01;31:*.xz=01;31:*.zst=01;31:*.tzst=01;31:*.bz2=01;31:*.bz=01;31:*.tbz=01;31:*.tbz2=01;31:*.tz=01;31:*.deb=01;31:*.rpm=01;31:*.jar=01;31:*.war=01;31:*.ear=01;31:*.sar=01;31:*.rar=01;31:*.alz=01;31:*.ace=01;31:*.zoo=01;31:*.cpio=01;31:*.7z=01;31:*.rz=01;31:*.cab=01;31:*.wim=01;31:*.swm=01;31:*.dwm=01;31:*.esd=01;31:*.jpg=01;35:*.jpeg=01;35:*.mjpg=01;35:*.mjpeg=01;35:*.gif=01;35:*.bmp=01;35:*.pbm=01;35:*.pgm=01;35:*.ppm=01;35:*.tga=01;35:*.xbm=01;35:*.xpm=01;35:*.tif=01;35:*.tiff=01;35:*.png=01;35:*.svg=01;35:*.svgz=01;35:*.mng=01;35:*.pcx=01;35:*.mov=01;35:*.mpg=01;35:*.mpeg=01;35:*.m2v=01;35:*.mkv=01;35:*.webm=01;35:*.webp=01;35:*.ogm=01;35:*.mp4=01;35:*.m4v=01;35:*.mp4v=01;35:*.vob=01;35:*.qt=01;35:*.nuv=01;35:*.wmv=01;35:*.asf=01;35:*.rm=01;35:*.rmvb=01;35:*.flc=01;35:*.avi=01;35:*.fli=01;35:*.flv=01;35:*.gl=01;35:*.dl=01;35:*.xcf=01;35:*.xwd=01;35:*.yuv=01;35:*.cgm=01;35:*.emf=01;35:*.ogv=01;35:*.ogx=01;35:*.aac=00;36:*.au=00;36:*.flac=00;36:*.m4a=00;36:*.mid=00;36:*.midi=00;36:*.mka=00;36:*.mp3=00;36:*.mpc=00;36:*.ogg=00;36:*.ra=00;36:*.wav=00;36:*.oga=00;36:*.opus=00;36:*.spx=00;36:*.xspf=00;36:'), ('SSH_AGENT_LAUNCHER', 'gnome-keyring'), ('SSH_AUTH_SOCK', '/run/user/1000/keyring/ssh'), ('AMENT_PREFIX_PATH', '/home/ben/KV6022_limo_ros2/install/trajectory_skeleton:/home/ben/KV6022_limo_ros2/install/trajectory_referee:/home/ben/KV6022_limo_ros2/install/limo_gazebosim:/home/ben/KV6022_limo_ros2/install/limo_msgs:/home/ben/KV6022_limo_ros2/install/limo_description:/home/ben/KV6022_limo_ros2/install/example_codes:/home/ben/KV6022_limo_ros2/install/Week2_lab:/home/ben/KV6022_limo_ros2/install/KV6022_assessment:/opt/ros/humble'), ('CONDA_PYTHON_EXE', '/home/ben/miniconda3/bin/python'), ('SHELL', '/bin/bash'), ('TERMINATOR_UUID', 'urn:uuid:ee2f9b05-a386-4426-b6db-454e68755f4c'), ('QT_ACCESSIBILITY', '1'), ('GDMSESSION', 'ubuntu'), ('LESSCLOSE', '/usr/bin/lesspipe %s %s'), ('CONDA_DEFAULT_ENV', 'ros2'), ('GJS_DEBUG_OUTPUT', 'stderr'), ('_CONDA_EXE', '/home/ben/miniconda3/bin/conda'), ('QT_IM_MODULE', 'ibus'), ('PWD', '/home/ben/KV6022_limo_ros2/build/KV6022_assessment'), ('LC_ALL', 'en_US.UTF-8'), ('XDG_CONFIG_DIRS', '/etc/xdg/xdg-ubuntu:/etc/xdg'), ('CONDA_EXE', '/home/ben/miniconda3/bin/conda'), ('XDG_DATA_DIRS', '/usr/share/ubuntu:/usr/local/share/:/usr/share/:/var/lib/snapd/desktop'), ('PYTHONPATH', '/home/ben/KV6022_limo_ros2/build/KV6022_assessment/prefix_override:/usr/lib/python3/dist-packages/colcon_core/task/python/colcon_distutils_commands:/home/ben/KV6022_limo_ros2/install/KV6022_assessment/lib/python3.10/site-packages:/home/ben/KV6022_limo_ros2/install/trajectory_skeleton/lib/python3.10/site-packages:/home/ben/KV6022_limo_ros2/install/trajectory_referee/lib/python3.10/site-packages:/home/ben/KV6022_limo_ros2/install/limo_gazebosim/lib/python3.10/site-packages:/home/ben/KV6022_limo_ros2/install/limo_msgs/lib/python3.10/site-packages:/home/ben/KV6022_limo_ros2/install/example_codes/lib/python3.10/site-packages:/home/ben/KV6022_limo_ros2/install/Week2_lab/lib/python3.10/site-packages:/home/ben/KV6022_limo_ros2/install/KV6022_assessment/lib/python3.10/site-packages:/opt/ros/humble/lib/python3.10/site-packages:/opt/ros/humble/local/lib/python3.10/dist-packages'), ('CONDA_PREFIX', '/home/ben/miniconda3/envs/ros2'), ('COLCON', '1'), ('VTE_VERSION', '6800'), ('CMAKE_PREFIX_PATH', '/home/ben/KV6022_limo_ros2/install/limo_gazebosim:/home/ben/KV6022_limo_ros2/install/limo_msgs:/home/ben/KV6022_limo_ros2/install/limo_description')]), 'shell': False}
[4.470266] (trajectory_referee) Command: {'cmd': ['/usr/bin/python3', '-W', 'ignore:setup.py install is deprecated', '-W', 'ignore:easy_install command is deprecated', 'setup.py', 'egg_info', '--egg-base', '../../build/trajectory_referee', 'build', '--build-base', '/home/ben/KV6022_limo_ros2/build/trajectory_referee/build', 'install', '--record', '/home/ben/KV6022_limo_ros2/build/trajectory_referee/install.log', '--install-scripts', '$base/lib/trajectory_referee', '--single-version-externally-managed', 'install_data'], 'cwd': '/home/ben/KV6022_limo_ros2/src/trajectory_referee', 'env': OrderedDict([('GJS_DEBUG_TOPICS', 'JS ERROR;JS LOG'), ('LESSOPEN', '| /usr/bin/lesspipe %s'), ('CONDA_PROMPT_MODIFIER', '(ros2)'), ('LANGUAGE', 'en_GB:en'), ('USER', 'ben'), ('XDG_SESSION_TYPE', 'wayland'), ('SHLVL', '1'), ('LD_LIBRARY_PATH', '/home/ben/KV6022_limo_ros2/install/limo_msgs/lib:/usr/lib/x86_64-linux-gnu/gazebo-11/plugins:/opt/ros/humble/opt/rviz_ogre_vendor/lib:/opt/ros/humble/lib/x86_64-linux-gnu:/opt/ros/humble/lib'), ('HOME', '/home/ben'), ('CONDA_SHLVL', '2'), ('OLDPWD', '/home/ben/KV6022_limo_ros2/src'), ('DESKTOP_SESSION', 'ubuntu'), ('GIO_LAUNCHED_DESKTOP_FILE', '/usr/share/applications/terminator.desktop'), ('ROS_PYTHON_VERSION', '3'), ('GNOME_SHELL_SESSION_MODE', 'ubuntu'), ('GTK_MODULES', 'gail:atk-bridge'), ('MANAGERPID', '1179'), ('SYSTEMD_EXEC_PID', '1395'), ('DBUS_SESSION_BUS_ADDRESS', 'unix:path=/run/user/1000/bus'), ('COLORTERM', 'truecolor'), ('_CE_M', ''), ('TERMINATOR_DBUS_NAME', 'net.tenshu.Terminator25ef4b219e3b005583550f2b0f9f990c3'), ('_CONDA_ROOT', '/home/ben/miniconda3'), ('GIO_LAUNCHED_DESKTOP_FILE_PID', '9401'), ('IM_CONFIG_PHASE', '1'), ('WAYLAND_DISPLAY', 'wayland-0'), ('COLCON_PREFIX_PATH', '/home/ben/KV6022_limo_ros2/install'), ('ROS_DISTRO', 'humble'), ('LOGNAME', 'ben'), ('JOURNAL_STREAM', '8:24018'), ('_', '/usr/bin/colcon'), ('ROS_VERSION', '2'), ('XDG_SESSION_CLASS', 'user'), ('USERNAME', 'ben'), ('TERM', 'xterm-256color'), ('GNOME_DESKTOP_SESSION_ID', 'this-is-deprecated'), ('_CE_CONDA', ''), ('ROS_LOCALHOST_ONLY', '1'), ('PATH', '/home/ben/miniconda3/envs/ros2/bin:/home/ben/miniconda3/condabin:/opt/ros/humble/bin:/usr/local/sbin:/usr/local/bin:/usr/sbin:/usr/bin:/sbin:/bin:/usr/games:/usr/local/games:/snap/bin:/snap/bin'), ('SESSION_MANAGER', 'local/ben-Virtual-Machine:@/tmp/.ICE-unix/1333,unix/ben-Virtual-Machine:/tmp/.ICE-unix/1333'), ('INVOCATION_ID', '3fc2b0fa5bc04b889e378fc3b6ddc66d'), ('XDG_MENU_PREFIX', 'gnome-'), ('GNOME_SETUP_DISPLAY', ':1'), ('XDG_RUNTIME_DIR', '/run/user/1000'), ('DISPLAY', ':0'), ('TERMINATOR_DBUS_PATH', '/net/tenshu/Terminator2'), ('LANG', 'en_US.UTF-8'), ('XDG_CURRENT_DESKTOP', 'ubuntu:GNOME'), ('IBUS_DISABLE_SNOOPER', '1'), ('CONDA_PREFIX_1', '/home/ben/miniconda3'), ('XMODIFIERS', '@im=ibus'), ('XDG_SESSION_DESKTOP', 'ubuntu'), ('XAUTHORITY', '/run/user/1000/.mutter-Xwaylandauth.O92UV3'), ('LS_COLORS', 'rs=0:di=01;34:ln=01;36:mh=00:pi=40;33:so=01;35:do=01;35:bd=40;33;01:cd=40;33;01:or=40;31;01:mi=00:su=37;41:sg=30;43:ca=30;41:tw=30;42:ow=34;42:st=37;44:ex=01;32:*.tar=01;31:*.tgz=01;31:*.arc=01;31:*.arj=01;31:*.taz=01;31:*.lha=01;31:*.lz4=01;31:*.lzh=01;31:*.lzma=01;31:*.tlz=01;31:*.txz=01;31:*.tzo=01;31:*.t7z=01;31:*.zip=01;31:*.z=01;31:*.dz=01;31:*.gz=01;31:*.lrz=01;31:*.lz=01;31:*.lzo=01;31:*.xz=01;31:*.zst=01;31:*.tzst=01;31:*.bz2=01;31:*.bz=01;31:*.tbz=01;31:*.tbz2=01;31:*.tz=01;31:*.deb=01;31:*.rpm=01;31:*.jar=01;31:*.war=01;31:*.ear=01;31:*.sar=01;31:*.rar=01;31:*.alz=01;31:*.ace=01;31:*.zoo=01;31:*.cpio=01;31:*.7z=01;31:*.rz=01;31:*.cab=01;31:*.wim=01;31:*.swm=01;31:*.dwm=01;31:*.esd=01;31:*.jpg=01;35:*.jpeg=01;35:*.mjpg=01;35:*.mjpeg=01;35:*.gif=01;35:*.bmp=01;35:*.pbm=01;35:*.pgm=01;35:*.ppm=01;35:*.tga=01;35:*.xbm=01;35:*.xpm=01;35:*.tif=01;35:*.tiff=01;35:*.png=01;35:*.svg=01;35:*.svgz=01;35:*.mng=01;35:*.pcx=01;35:*.mov=01;35:*.mpg=01;35:*.mpeg=01;35:*.m2v=01;35:*.mkv=01;35:*.webm=01;35:*.webp=01;35:*.ogm=01;35:*.mp4=01;35:*.m4v=01;35:*.mp4v=01;35:*.vob=01;35:*.qt=01;35:*.nuv=01;35:*.wmv=01;35:*.asf=01;35:*.rm=01;35:*.rmvb=01;35:*.flc=01;35:*.avi=01;35:*.fli=01;35:*.flv=01;35:*.gl=01;35:*.dl=01;35:*.xcf=01;35:*.xwd=01;35:*.yuv=01;35:*.cgm=01;35:*.emf=01;35:*.ogv=01;35:*.ogx=01;35:*.aac=00;36:*.au=00;36:*.flac=00;36:*.m4a=00;36:*.mid=00;36:*.midi=00;36:*.mka=00;36:*.mp3=00;36:*.mpc=00;36:*.ogg=00;36:*.ra=00;36:*.wav=00;36:*.oga=00;36:*.opus=00;36:*.spx=00;36:*.xspf=00;36:'), ('SSH_AGENT_LAUNCHER', 'gnome-keyring'), ('SSH_AUTH_SOCK', '/run/user/1000/keyring/ssh'), ('AMENT_PREFIX_PATH', '/home/ben/KV6022_limo_ros2/install/trajectory_skeleton:/home/ben/KV6022_limo_ros2/install/trajectory_referee:/home/ben/KV6022_limo_ros2/install/limo_gazebosim:/home/ben/KV6022_limo_ros2/install/limo_msgs:/home/ben/KV6022_limo_ros2/install/limo_description:/home/ben/KV6022_limo_ros2/install/example_codes:/home/ben/KV6022_limo_ros2/install/Week2_lab:/home/ben/KV6022_limo_ros2/install/KV6022_assessment:/opt/ros/humble'), ('CONDA_PYTHON_EXE', '/home/ben/miniconda3/bin/python'), ('SHELL', '/bin/bash'), ('TERMINATOR_UUID', 'urn:uuid:ee2f9b05-a386-4426-b6db-454e68755f4c'), ('QT_ACCESSIBILITY', '1'), ('GDMSESSION', 'ubuntu'), ('LESSCLOSE', '/usr/bin/lesspipe %s %s'), ('CONDA_DEFAULT_ENV', 'ros2'), ('GJS_DEBUG_OUTPUT', 'stderr'), ('_CONDA_EXE', '/home/ben/miniconda3/bin/conda'), ('QT_IM_MODULE', 'ibus'), ('PWD', '/home/ben/KV6022_limo_ros2/build/trajectory_referee'), ('LC_ALL', 'en_US.UTF-8'), ('XDG_CONFIG_DIRS', '/etc/xdg/xdg-ubuntu:/etc/xdg'), ('CONDA_EXE', '/home/ben/miniconda3/bin/conda'), ('XDG_DATA_DIRS', '/usr/share/ubuntu:/usr/local/share/:/usr/share/:/var/lib/snapd/desktop'), ('PYTHONPATH', '/home/ben/KV6022_limo_ros2/build/trajectory_referee/prefix_override:/usr/lib/python3/dist-packages/colcon_core/task/python/colcon_distutils_commands:/home/ben/KV6022_limo_ros2/install/trajectory_referee/lib/python3.10/site-packages:/home/ben/KV6022_limo_ros2/install/trajectory_skeleton/lib/python3.10/site-packages:/home/ben/KV6022_limo_ros2/install/trajectory_referee/lib/python3.10/site-packages:/home/ben/KV6022_limo_ros2/install/limo_gazebosim/lib/python3.10/site-packages:/home/ben/KV6022_limo_ros2/install/limo_msgs/lib/python3.10/site-packages:/home/ben/KV6022_limo_ros2/install/example_codes/lib/python3.10/site-packages:/home/ben/KV6022_limo_ros2/install/Week2_lab/lib/python3.10/site-packages:/home/ben/KV6022_limo_ros2/install/KV6022_assessment/lib/python3.10/site-packages:/opt/ros/humble/lib/python3.10/site-packages:/opt/ros/humble/local/lib/python3.10/dist-packages'), ('CONDA_PREFIX', '/home/ben/miniconda3/envs/ros2'), ('COLCON', '1'), ('VTE_VERSION', '6800'), ('CMAKE_PREFIX_PATH', '/home/ben/KV6022_limo_ros2/install/limo_gazebosim:/home/ben/KV6022_limo_ros2/install/limo_msgs:/home/ben/KV6022_limo_ros2/install/limo_description')]), 'shell': False}
[4.475712] (Week2_lab) Command: {'cmd': ['/usr/bin/python3', '-W', 'ignore:setup.py install is deprecated', '-W', 'ignore:easy_install command is deprecated', 'setup.py', 'egg_info', '--egg-base', '../../build/Week2_lab', 'build', '--build-base', '/home/ben/KV6022_limo_ros2/build/Week2_lab/build', 'install', '--record', '/home/ben/KV6022_limo_ros2/build/Week2_lab/install.log', '--install-scripts', '$base/lib/Week2_lab', '--single-version-externally-managed', 'install_data'], 'cwd': '/home/ben/KV6022_limo_ros2/src/Week2_lab', 'env': OrderedDict([('GJS_DEBUG_TOPICS', 'JS ERROR;JS LOG'), ('LESSOPEN', '| /usr/bin/lesspipe %s'), ('CONDA_PROMPT_MODIFIER', '(ros2)'), ('LANGUAGE', 'en_GB:en'), ('USER', 'ben'), ('XDG_SESSION_TYPE', 'wayland'), ('SHLVL', '1'), ('LD_LIBRARY_PATH', '/home/ben/KV6022_limo_ros2/install/limo_msgs/lib:/usr/lib/x86_64-linux-gnu/gazebo-11/plugins:/opt/ros/humble/opt/rviz_ogre_vendor/lib:/opt/ros/humble/lib/x86_64-linux-gnu:/opt/ros/humble/lib'), ('HOME', '/home/ben'), ('CONDA_SHLVL', '2'), ('OLDPWD', '/home/ben/KV6022_limo_ros2/src'), ('DESKTOP_SESSION', 'ubuntu'), ('GIO_LAUNCHED_DESKTOP_FILE', '/usr/share/applications/terminator.desktop'), ('ROS_PYTHON_VERSION', '3'), ('GNOME_SHELL_SESSION_MODE', 'ubuntu'), ('GTK_MODULES', 'gail:atk-bridge'), ('MANAGERPID', '1179'), ('SYSTEMD_EXEC_PID', '1395'), ('DBUS_SESSION_BUS_ADDRESS', 'unix:path=/run/user/1000/bus'), ('COLORTERM', 'truecolor'), ('_CE_M', ''), ('TERMINATOR_DBUS_NAME', 'net.tenshu.Terminator25ef4b219e3b005583550f2b0f9f990c3'), ('_CONDA_ROOT', '/home/ben/miniconda3'), ('GIO_LAUNCHED_DESKTOP_FILE_PID', '9401'), ('IM_CONFIG_PHASE', '1'), ('WAYLAND_DISPLAY', 'wayland-0'), ('COLCON_PREFIX_PATH', '/home/ben/KV6022_limo_ros2/install'), ('ROS_DISTRO', 'humble'), ('LOGNAME', 'ben'), ('JOURNAL_STREAM', '8:24018'), ('_', '/usr/bin/colcon'), ('ROS_VERSION', '2'), ('XDG_SESSION_CLASS', 'user'), ('USERNAME', 'ben'), ('TERM', 'xterm-256color'), ('GNOME_DESKTOP_SESSION_ID', 'this-is-deprecated'), ('_CE_CONDA', ''), ('ROS_LOCALHOST_ONLY', '1'), ('PATH', '/home/ben/miniconda3/envs/ros2/bin:/home/ben/miniconda3/condabin:/opt/ros/humble/bin:/usr/local/sbin:/usr/local/bin:/usr/sbin:/usr/bin:/sbin:/bin:/usr/games:/usr/local/games:/snap/bin:/snap/bin'), ('SESSION_MANAGER', 'local/ben-Virtual-Machine:@/tmp/.ICE-unix/1333,unix/ben-Virtual-Machine:/tmp/.ICE-unix/1333'), ('INVOCATION_ID', '3fc2b0fa5bc04b889e378fc3b6ddc66d'), ('XDG_MENU_PREFIX', 'gnome-'), ('GNOME_SETUP_DISPLAY', ':1'), ('XDG_RUNTIME_DIR', '/run/user/1000'), ('DISPLAY', ':0'), ('TERMINATOR_DBUS_PATH', '/net/tenshu/Terminator2'), ('LANG', 'en_US.UTF-8'), ('XDG_CURRENT_DESKTOP', 'ubuntu:GNOME'), ('IBUS_DISABLE_SNOOPER', '1'), ('CONDA_PREFIX_1', '/home/ben/miniconda3'), ('XMODIFIERS', '@im=ibus'), ('XDG_SESSION_DESKTOP', 'ubuntu'), ('XAUTHORITY', '/run/user/1000/.mutter-Xwaylandauth.O92UV3'), ('LS_COLORS', 'rs=0:di=01;34:ln=01;36:mh=00:pi=40;33:so=01;35:do=01;35:bd=40;33;01:cd=40;33;01:or=40;31;01:mi=00:su=37;41:sg=30;43:ca=30;41:tw=30;42:ow=34;42:st=37;44:ex=01;32:*.tar=01;31:*.tgz=01;31:*.arc=01;31:*.arj=01;31:*.taz=01;31:*.lha=01;31:*.lz4=01;31:*.lzh=01;31:*.lzma=01;31:*.tlz=01;31:*.txz=01;31:*.tzo=01;31:*.t7z=01;31:*.zip=01;31:*.z=01;31:*.dz=01;31:*.gz=01;31:*.lrz=01;31:*.lz=01;31:*.lzo=01;31:*.xz=01;31:*.zst=01;31:*.tzst=01;31:*.bz2=01;31:*.bz=01;31:*.tbz=01;31:*.tbz2=01;31:*.tz=01;31:*.deb=01;31:*.rpm=01;31:*.jar=01;31:*.war=01;31:*.ear=01;31:*.sar=01;31:*.rar=01;31:*.alz=01;31:*.ace=01;31:*.zoo=01;31:*.cpio=01;31:*.7z=01;31:*.rz=01;31:*.cab=01;31:*.wim=01;31:*.swm=01;31:*.dwm=01;31:*.esd=01;31:*.jpg=01;35:*.jpeg=01;35:*.mjpg=01;35:*.mjpeg=01;35:*.gif=01;35:*.bmp=01;35:*.pbm=01;35:*.pgm=01;35:*.ppm=01;35:*.tga=01;35:*.xbm=01;35:*.xpm=01;35:*.tif=01;35:*.tiff=01;35:*.png=01;35:*.svg=01;35:*.svgz=01;35:*.mng=01;35:*.pcx=01;35:*.mov=01;35:*.mpg=01;35:*.mpeg=01;35:*.m2v=01;35:*.mkv=01;35:*.webm=01;35:*.webp=01;35:*.ogm=01;35:*.mp4=01;35:*.m4v=01;35:*.mp4v=01;35:*.vob=01;35:*.qt=01;35:*.nuv=01;35:*.wmv=01;35:*.asf=01;35:*.rm=01;35:*.rmvb=01;35:*.flc=01;35:*.avi=01;35:*.fli=01;35:*.flv=01;35:*.gl=01;35:*.dl=01;35:*.xcf=01;35:*.xwd=01;35:*.yuv=01;35:*.cgm=01;35:*.emf=01;35:*.ogv=01;35:*.ogx=01;35:*.aac=00;36:*.au=00;36:*.flac=00;36:*.m4a=00;36:*.mid=00;36:*.midi=00;36:*.mka=00;36:*.mp3=00;36:*.mpc=00;36:*.ogg=00;36:*.ra=00;36:*.wav=00;36:*.oga=00;36:*.opus=00;36:*.spx=00;36:*.xspf=00;36:'), ('SSH_AGENT_LAUNCHER', 'gnome-keyring'), ('SSH_AUTH_SOCK', '/run/user/1000/keyring/ssh'), ('AMENT_PREFIX_PATH', '/home/ben/KV6022_limo_ros2/install/trajectory_skeleton:/home/ben/KV6022_limo_ros2/install/trajectory_referee:/home/ben/KV6022_limo_ros2/install/limo_gazebosim:/home/ben/KV6022_limo_ros2/install/limo_msgs:/home/ben/KV6022_limo_ros2/install/limo_description:/home/ben/KV6022_limo_ros2/install/example_codes:/home/ben/KV6022_limo_ros2/install/Week2_lab:/home/ben/KV6022_limo_ros2/install/KV6022_assessment:/opt/ros/humble'), ('CONDA_PYTHON_EXE', '/home/ben/miniconda3/bin/python'), ('SHELL', '/bin/bash'), ('TERMINATOR_UUID', 'urn:uuid:ee2f9b05-a386-4426-b6db-454e68755f4c'), ('QT_ACCESSIBILITY', '1'), ('GDMSESSION', 'ubuntu'), ('LESSCLOSE', '/usr/bin/lesspipe %s %s'), ('CONDA_DEFAULT_ENV', 'ros2'), ('GJS_DEBUG_OUTPUT', 'stderr'), ('_CONDA_EXE', '/home/ben/miniconda3/bin/conda'), ('QT_IM_MODULE', 'ibus'), ('PWD', '/home/ben/KV6022_limo_ros2/build/Week2_lab'), ('LC_ALL', 'en_US.UTF-8'), ('XDG_CONFIG_DIRS', '/etc/xdg/xdg-ubuntu:/etc/xdg'), ('CONDA_EXE', '/home/ben/miniconda3/bin/conda'), ('XDG_DATA_DIRS', '/usr/share/ubuntu:/usr/local/share/:/usr/share/:/var/lib/snapd/desktop'), ('PYTHONPATH', '/home/ben/KV6022_limo_ros2/build/Week2_lab/prefix_override:/usr/lib/python3/dist-packages/colcon_core/task/python/colcon_distutils_commands:/home/ben/KV6022_limo_ros2/install/Week2_lab/lib/python3.10/site-packages:/home/ben/KV6022_limo_ros2/install/trajectory_skeleton/lib/python3.10/site-packages:/home/ben/KV6022_limo_ros2/install/trajectory_referee/lib/python3.10/site-packages:/home/ben/KV6022_limo_ros2/install/limo_gazebosim/lib/python3.10/site-packages:/home/ben/KV6022_limo_ros2/install/limo_msgs/lib/python3.10/site-packages:/home/ben/KV6022_limo_ros2/install/example_codes/lib/python3.10/site-packages:/home/ben/KV6022_limo_ros2/install/Week2_lab/lib/python3.10/site-packages:/home/ben/KV6022_limo_ros2/install/KV6022_assessment/lib/python3.10/site-packages:/opt/ros/humble/lib/python3.10/site-packages:/opt/ros/humble/local/lib/python3.10/dist-packages'), ('CONDA_PREFIX', '/home/ben/miniconda3/envs/ros2'), ('COLCON', '1'), ('VTE_VERSION', '6800'), ('CMAKE_PREFIX_PATH', '/home/ben/KV6022_limo_ros2/install/limo_gazebosim:/home/ben/KV6022_limo_ros2/install/limo_msgs:/home/ben/KV6022_limo_ros2/install/limo_description')]), 'shell': False}
[4.483158] (-) TimerEvent: {}
[4.487906] (trajectory_skeleton) Command: {'cmd': ['/usr/bin/python3', '-W', 'ignore:setup.py install is deprecated', '-W', 'ignore:easy_install command is deprecated', 'setup.py', 'egg_info', '--egg-base', '../../build/trajectory_skeleton', 'build', '--build-base', '/home/ben/KV6022_limo_ros2/build/trajectory_skeleton/build', 'install', '--record', '/home/ben/KV6022_limo_ros2/build/trajectory_skeleton/install.log', '--install-scripts', '$base/lib/trajectory_skeleton', '--single-version-externally-managed', 'install_data'], 'cwd': '/home/ben/KV6022_limo_ros2/src/trajectory_skeleton', 'env': OrderedDict([('GJS_DEBUG_TOPICS', 'JS ERROR;JS LOG'), ('LESSOPEN', '| /usr/bin/lesspipe %s'), ('CONDA_PROMPT_MODIFIER', '(ros2)'), ('LANGUAGE', 'en_GB:en'), ('USER', 'ben'), ('XDG_SESSION_TYPE', 'wayland'), ('SHLVL', '1'), ('LD_LIBRARY_PATH', '/home/ben/KV6022_limo_ros2/install/limo_msgs/lib:/usr/lib/x86_64-linux-gnu/gazebo-11/plugins:/opt/ros/humble/opt/rviz_ogre_vendor/lib:/opt/ros/humble/lib/x86_64-linux-gnu:/opt/ros/humble/lib'), ('HOME', '/home/ben'), ('CONDA_SHLVL', '2'), ('OLDPWD', '/home/ben/KV6022_limo_ros2/src'), ('DESKTOP_SESSION', 'ubuntu'), ('GIO_LAUNCHED_DESKTOP_FILE', '/usr/share/applications/terminator.desktop'), ('ROS_PYTHON_VERSION', '3'), ('GNOME_SHELL_SESSION_MODE', 'ubuntu'), ('GTK_MODULES', 'gail:atk-bridge'), ('MANAGERPID', '1179'), ('SYSTEMD_EXEC_PID', '1395'), ('DBUS_SESSION_BUS_ADDRESS', 'unix:path=/run/user/1000/bus'), ('COLORTERM', 'truecolor'), ('_CE_M', ''), ('TERMINATOR_DBUS_NAME', 'net.tenshu.Terminator25ef4b219e3b005583550f2b0f9f990c3'), ('_CONDA_ROOT', '/home/ben/miniconda3'), ('GIO_LAUNCHED_DESKTOP_FILE_PID', '9401'), ('IM_CONFIG_PHASE', '1'), ('WAYLAND_DISPLAY', 'wayland-0'), ('COLCON_PREFIX_PATH', '/home/ben/KV6022_limo_ros2/install'), ('ROS_DISTRO', 'humble'), ('LOGNAME', 'ben'), ('JOURNAL_STREAM', '8:24018'), ('_', '/usr/bin/colcon'), ('ROS_VERSION', '2'), ('XDG_SESSION_CLASS', 'user'), ('USERNAME', 'ben'), ('TERM', 'xterm-256color'), ('GNOME_DESKTOP_SESSION_ID', 'this-is-deprecated'), ('_CE_CONDA', ''), ('ROS_LOCALHOST_ONLY', '1'), ('PATH', '/home/ben/miniconda3/envs/ros2/bin:/home/ben/miniconda3/condabin:/opt/ros/humble/bin:/usr/local/sbin:/usr/local/bin:/usr/sbin:/usr/bin:/sbin:/bin:/usr/games:/usr/local/games:/snap/bin:/snap/bin'), ('SESSION_MANAGER', 'local/ben-Virtual-Machine:@/tmp/.ICE-unix/1333,unix/ben-Virtual-Machine:/tmp/.ICE-unix/1333'), ('INVOCATION_ID', '3fc2b0fa5bc04b889e378fc3b6ddc66d'), ('XDG_MENU_PREFIX', 'gnome-'), ('GNOME_SETUP_DISPLAY', ':1'), ('XDG_RUNTIME_DIR', '/run/user/1000'), ('DISPLAY', ':0'), ('TERMINATOR_DBUS_PATH', '/net/tenshu/Terminator2'), ('LANG', 'en_US.UTF-8'), ('XDG_CURRENT_DESKTOP', 'ubuntu:GNOME'), ('IBUS_DISABLE_SNOOPER', '1'), ('CONDA_PREFIX_1', '/home/ben/miniconda3'), ('XMODIFIERS', '@im=ibus'), ('XDG_SESSION_DESKTOP', 'ubuntu'), ('XAUTHORITY', '/run/user/1000/.mutter-Xwaylandauth.O92UV3'), ('LS_COLORS', 'rs=0:di=01;34:ln=01;36:mh=00:pi=40;33:so=01;35:do=01;35:bd=40;33;01:cd=40;33;01:or=40;31;01:mi=00:su=37;41:sg=30;43:ca=30;41:tw=30;42:ow=34;42:st=37;44:ex=01;32:*.tar=01;31:*.tgz=01;31:*.arc=01;31:*.arj=01;31:*.taz=01;31:*.lha=01;31:*.lz4=01;31:*.lzh=01;31:*.lzma=01;31:*.tlz=01;31:*.txz=01;31:*.tzo=01;31:*.t7z=01;31:*.zip=01;31:*.z=01;31:*.dz=01;31:*.gz=01;31:*.lrz=01;31:*.lz=01;31:*.lzo=01;31:*.xz=01;31:*.zst=01;31:*.tzst=01;31:*.bz2=01;31:*.bz=01;31:*.tbz=01;31:*.tbz2=01;31:*.tz=01;31:*.deb=01;31:*.rpm=01;31:*.jar=01;31:*.war=01;31:*.ear=01;31:*.sar=01;31:*.rar=01;31:*.alz=01;31:*.ace=01;31:*.zoo=01;31:*.cpio=01;31:*.7z=01;31:*.rz=01;31:*.cab=01;31:*.wim=01;31:*.swm=01;31:*.dwm=01;31:*.esd=01;31:*.jpg=01;35:*.jpeg=01;35:*.mjpg=01;35:*.mjpeg=01;35:*.gif=01;35:*.bmp=01;35:*.pbm=01;35:*.pgm=01;35:*.ppm=01;35:*.tga=01;35:*.xbm=01;35:*.xpm=01;35:*.tif=01;35:*.tiff=01;35:*.png=01;35:*.svg=01;35:*.svgz=01;35:*.mng=01;35:*.pcx=01;35:*.mov=01;35:*.mpg=01;35:*.mpeg=01;35:*.m2v=01;35:*.mkv=01;35:*.webm=01;35:*.webp=01;35:*.ogm=01;35:*.mp4=01;35:*.m4v=01;35:*.mp4v=01;35:*.vob=01;35:*.qt=01;35:*.nuv=01;35:*.wmv=01;35:*.asf=01;35:*.rm=01;35:*.rmvb=01;35:*.flc=01;35:*.avi=01;35:*.fli=01;35:*.flv=01;35:*.gl=01;35:*.dl=01;35:*.xcf=01;35:*.xwd=01;35:*.yuv=01;35:*.cgm=01;35:*.emf=01;35:*.ogv=01;35:*.ogx=01;35:*.aac=00;36:*.au=00;36:*.flac=00;36:*.m4a=00;36:*.mid=00;36:*.midi=00;36:*.mka=00;36:*.mp3=00;36:*.mpc=00;36:*.ogg=00;36:*.ra=00;36:*.wav=00;36:*.oga=00;36:*.opus=00;36:*.spx=00;36:*.xspf=00;36:'), ('SSH_AGENT_LAUNCHER', 'gnome-keyring'), ('SSH_AUTH_SOCK', '/run/user/1000/keyring/ssh'), ('AMENT_PREFIX_PATH', '/home/ben/KV6022_limo_ros2/install/trajectory_skeleton:/home/ben/KV6022_limo_ros2/install/trajectory_referee:/home/ben/KV6022_limo_ros2/install/limo_gazebosim:/home/ben/KV6022_limo_ros2/install/limo_msgs:/home/ben/KV6022_limo_ros2/install/limo_description:/home/ben/KV6022_limo_ros2/install/example_codes:/home/ben/KV6022_limo_ros2/install/Week2_lab:/home/ben/KV6022_limo_ros2/install/KV6022_assessment:/opt/ros/humble'), ('CONDA_PYTHON_EXE', '/home/ben/miniconda3/bin/python'), ('SHELL', '/bin/bash'), ('TERMINATOR_UUID', 'urn:uuid:ee2f9b05-a386-4426-b6db-454e68755f4c'), ('QT_ACCESSIBILITY', '1'), ('GDMSESSION', 'ubuntu'), ('LESSCLOSE', '/usr/bin/lesspipe %s %s'), ('CONDA_DEFAULT_ENV', 'ros2'), ('GJS_DEBUG_OUTPUT', 'stderr'), ('_CONDA_EXE', '/home/ben/miniconda3/bin/conda'), ('QT_IM_MODULE', 'ibus'), ('PWD', '/home/ben/KV6022_limo_ros2/build/trajectory_skeleton'), ('LC_ALL', 'en_US.UTF-8'), ('XDG_CONFIG_DIRS', '/etc/xdg/xdg-ubuntu:/etc/xdg'), ('CONDA_EXE', '/home/ben/miniconda3/bin/conda'), ('XDG_DATA_DIRS', '/usr/share/ubuntu:/usr/local/share/:/usr/share/:/var/lib/snapd/desktop'), ('PYTHONPATH', '/home/ben/KV6022_limo_ros2/build/trajectory_skeleton/prefix_override:/usr/lib/python3/dist-packages/colcon_core/task/python/colcon_distutils_commands:/home/ben/KV6022_limo_ros2/install/trajectory_skeleton/lib/python3.10/site-packages:/home/ben/KV6022_limo_ros2/install/trajectory_skeleton/lib/python3.10/site-packages:/home/ben/KV6022_limo_ros2/install/trajectory_referee/lib/python3.10/site-packages:/home/ben/KV6022_limo_ros2/install/limo_gazebosim/lib/python3.10/site-packages:/home/ben/KV6022_limo_ros2/install/limo_msgs/lib/python3.10/site-packages:/home/ben/KV6022_limo_ros2/install/example_codes/lib/python3.10/site-packages:/home/ben/KV6022_limo_ros2/install/Week2_lab/lib/python3.10/site-packages:/home/ben/KV6022_limo_ros2/install/KV6022_assessment/lib/python3.10/site-packages:/opt/ros/humble/lib/python3.10/site-packages:/opt/ros/humble/local/lib/python3.10/dist-packages'), ('CONDA_PREFIX', '/home/ben/miniconda3/envs/ros2'), ('COLCON', '1'), ('VTE_VERSION', '6800'), ('CMAKE_PREFIX_PATH', '/home/ben/KV6022_limo_ros2/install/limo_gazebosim:/home/ben/KV6022_limo_ros2/install/limo_msgs:/home/ben/KV6022_limo_ros2/install/limo_description')]), 'shell': False}
[4.588920] (-) TimerEvent: {}
[4.691845] (-) TimerEvent: {}
[4.794976] (-) TimerEvent: {}
[4.885245] (limo_gazebosim) StdoutLine: {'line': b'running egg_info\n'}
[4.895891] (-) TimerEvent: {}
[4.915271] (limo_gazebosim) StdoutLine: {'line': b'writing limo_gazebosim.egg-info/PKG-INFO\n'}
[4.919139] (limo_gazebosim) StdoutLine: {'line': b'writing dependency_links to limo_gazebosim.egg-info/dependency_links.txt\n'}
[4.920459] (limo_gazebosim) StdoutLine: {'line': b'writing top-level names to limo_gazebosim.egg-info/top_level.txt\n'}
[4.997051] (-) TimerEvent: {}
[5.009552] (limo_gazebosim) StdoutLine: {'line': b"reading manifest file 'limo_gazebosim.egg-info/SOURCES.txt'\n"}
[5.012324] (limo_gazebosim) StdoutLine: {'line': b"writing manifest file 'limo_gazebosim.egg-info/SOURCES.txt'\n"}
[5.098226] (limo_gazebosim) StdoutLine: {'line': b'Built target ament_cmake_python_build_limo_gazebosim_egg\n'}
[5.098481] (-) TimerEvent: {}
[5.125383] (trajectory_referee) StdoutLine: {'line': b'running egg_info\n'}
[5.126338] (trajectory_referee) StdoutLine: {'line': b'writing ../../build/trajectory_referee/trajectory_referee.egg-info/PKG-INFO\n'}
[5.126479] (trajectory_referee) StdoutLine: {'line': b'writing dependency_links to ../../build/trajectory_referee/trajectory_referee.egg-info/dependency_links.txt\n'}
[5.126618] (trajectory_referee) StdoutLine: {'line': b'writing entry points to ../../build/trajectory_referee/trajectory_referee.egg-info/entry_points.txt\n'}
[5.126750] (trajectory_referee) StdoutLine: {'line': b'writing requirements to ../../build/trajectory_referee/trajectory_referee.egg-info/requires.txt\n'}
[5.126882] (trajectory_referee) StdoutLine: {'line': b'writing top-level names to ../../build/trajectory_referee/trajectory_referee.egg-info/top_level.txt\n'}
[5.130627] (trajectory_referee) StdoutLine: {'line': b"reading manifest file '../../build/trajectory_referee/trajectory_referee.egg-info/SOURCES.txt'\n"}
[5.131418] (trajectory_referee) StdoutLine: {'line': b"writing manifest file '../../build/trajectory_referee/trajectory_referee.egg-info/SOURCES.txt'\n"}
[5.131573] (trajectory_referee) StdoutLine: {'line': b'running build\n'}
[5.133122] (trajectory_referee) StdoutLine: {'line': b'running build_py\n'}
[5.133494] (trajectory_referee) StdoutLine: {'line': b'copying trajectory_referee/trajectory_publisher.py -> /home/ben/KV6022_limo_ros2/build/trajectory_referee/build/lib/trajectory_referee\n'}
[5.133879] (trajectory_referee) StdoutLine: {'line': b'running install\n'}
[5.134014] (trajectory_referee) StdoutLine: {'line': b'running install_lib\n'}
[5.137109] (trajectory_referee) StdoutLine: {'line': b'copying /home/ben/KV6022_limo_ros2/build/trajectory_referee/build/lib/trajectory_referee/trajectory_publisher.py -> /home/ben/KV6022_limo_ros2/install/trajectory_referee/lib/python3.10/site-packages/trajectory_referee\n'}
[5.137290] (trajectory_referee) StdoutLine: {'line': b'byte-compiling /home/ben/KV6022_limo_ros2/install/trajectory_referee/lib/python3.10/site-packages/trajectory_referee/trajectory_publisher.py to trajectory_publisher.cpython-310.pyc\n'}
[5.144321] (trajectory_referee) StdoutLine: {'line': b'running install_data\n'}
[5.144491] (trajectory_referee) StdoutLine: {'line': b'running install_egg_info\n'}
[5.144637] (trajectory_referee) StdoutLine: {'line': b"removing '/home/ben/KV6022_limo_ros2/install/trajectory_referee/lib/python3.10/site-packages/trajectory_referee-0.0.0-py3.10.egg-info' (and everything under it)\n"}
[5.144775] (trajectory_referee) StdoutLine: {'line': b'Copying ../../build/trajectory_referee/trajectory_referee.egg-info to /home/ben/KV6022_limo_ros2/install/trajectory_referee/lib/python3.10/site-packages/trajectory_referee-0.0.0-py3.10.egg-info\n'}
[5.154313] (trajectory_referee) StdoutLine: {'line': b'running install_scripts\n'}
[5.178654] (limo_gazebosim) CommandEnded: {'returncode': 0}
[5.182020] (limo_gazebosim) JobProgress: {'identifier': 'limo_gazebosim', 'progress': 'install'}
[5.182117] (limo_gazebosim) Command: {'cmd': ['/usr/bin/cmake', '--install', '/home/ben/KV6022_limo_ros2/build/limo_gazebosim'], 'cwd': '/home/ben/KV6022_limo_ros2/build/limo_gazebosim', 'env': OrderedDict([('GJS_DEBUG_TOPICS', 'JS ERROR;JS LOG'), ('LESSOPEN', '| /usr/bin/lesspipe %s'), ('CONDA_PROMPT_MODIFIER', '(ros2)'), ('LANGUAGE', 'en_GB:en'), ('USER', 'ben'), ('XDG_SESSION_TYPE', 'wayland'), ('SHLVL', '1'), ('LD_LIBRARY_PATH', '/home/ben/KV6022_limo_ros2/install/limo_msgs/lib:/usr/lib/x86_64-linux-gnu/gazebo-11/plugins:/opt/ros/humble/opt/rviz_ogre_vendor/lib:/opt/ros/humble/lib/x86_64-linux-gnu:/opt/ros/humble/lib'), ('HOME', '/home/ben'), ('CONDA_SHLVL', '2'), ('OLDPWD', '/home/ben/KV6022_limo_ros2/src'), ('DESKTOP_SESSION', 'ubuntu'), ('GIO_LAUNCHED_DESKTOP_FILE', '/usr/share/applications/terminator.desktop'), ('ROS_PYTHON_VERSION', '3'), ('GNOME_SHELL_SESSION_MODE', 'ubuntu'), ('GTK_MODULES', 'gail:atk-bridge'), ('MANAGERPID', '1179'), ('SYSTEMD_EXEC_PID', '1395'), ('DBUS_SESSION_BUS_ADDRESS', 'unix:path=/run/user/1000/bus'), ('COLORTERM', 'truecolor'), ('_CE_M', ''), ('TERMINATOR_DBUS_NAME', 'net.tenshu.Terminator25ef4b219e3b005583550f2b0f9f990c3'), ('_CONDA_ROOT', '/home/ben/miniconda3'), ('GIO_LAUNCHED_DESKTOP_FILE_PID', '9401'), ('IM_CONFIG_PHASE', '1'), ('WAYLAND_DISPLAY', 'wayland-0'), ('COLCON_PREFIX_PATH', '/home/ben/KV6022_limo_ros2/install'), ('ROS_DISTRO', 'humble'), ('LOGNAME', 'ben'), ('JOURNAL_STREAM', '8:24018'), ('_', '/usr/bin/colcon'), ('ROS_VERSION', '2'), ('XDG_SESSION_CLASS', 'user'), ('USERNAME', 'ben'), ('TERM', 'xterm-256color'), ('GNOME_DESKTOP_SESSION_ID', 'this-is-deprecated'), ('_CE_CONDA', ''), ('ROS_LOCALHOST_ONLY', '1'), ('PATH', '/home/ben/miniconda3/envs/ros2/bin:/home/ben/miniconda3/condabin:/opt/ros/humble/bin:/usr/local/sbin:/usr/local/bin:/usr/sbin:/usr/bin:/sbin:/bin:/usr/games:/usr/local/games:/snap/bin:/snap/bin'), ('SESSION_MANAGER', 'local/ben-Virtual-Machine:@/tmp/.ICE-unix/1333,unix/ben-Virtual-Machine:/tmp/.ICE-unix/1333'), ('INVOCATION_ID', '3fc2b0fa5bc04b889e378fc3b6ddc66d'), ('XDG_MENU_PREFIX', 'gnome-'), ('GNOME_SETUP_DISPLAY', ':1'), ('XDG_RUNTIME_DIR', '/run/user/1000'), ('DISPLAY', ':0'), ('TERMINATOR_DBUS_PATH', '/net/tenshu/Terminator2'), ('LANG', 'en_US.UTF-8'), ('XDG_CURRENT_DESKTOP', 'ubuntu:GNOME'), ('IBUS_DISABLE_SNOOPER', '1'), ('CONDA_PREFIX_1', '/home/ben/miniconda3'), ('XMODIFIERS', '@im=ibus'), ('XDG_SESSION_DESKTOP', 'ubuntu'), ('XAUTHORITY', '/run/user/1000/.mutter-Xwaylandauth.O92UV3'), ('LS_COLORS', 'rs=0:di=01;34:ln=01;36:mh=00:pi=40;33:so=01;35:do=01;35:bd=40;33;01:cd=40;33;01:or=40;31;01:mi=00:su=37;41:sg=30;43:ca=30;41:tw=30;42:ow=34;42:st=37;44:ex=01;32:*.tar=01;31:*.tgz=01;31:*.arc=01;31:*.arj=01;31:*.taz=01;31:*.lha=01;31:*.lz4=01;31:*.lzh=01;31:*.lzma=01;31:*.tlz=01;31:*.txz=01;31:*.tzo=01;31:*.t7z=01;31:*.zip=01;31:*.z=01;31:*.dz=01;31:*.gz=01;31:*.lrz=01;31:*.lz=01;31:*.lzo=01;31:*.xz=01;31:*.zst=01;31:*.tzst=01;31:*.bz2=01;31:*.bz=01;31:*.tbz=01;31:*.tbz2=01;31:*.tz=01;31:*.deb=01;31:*.rpm=01;31:*.jar=01;31:*.war=01;31:*.ear=01;31:*.sar=01;31:*.rar=01;31:*.alz=01;31:*.ace=01;31:*.zoo=01;31:*.cpio=01;31:*.7z=01;31:*.rz=01;31:*.cab=01;31:*.wim=01;31:*.swm=01;31:*.dwm=01;31:*.esd=01;31:*.jpg=01;35:*.jpeg=01;35:*.mjpg=01;35:*.mjpeg=01;35:*.gif=01;35:*.bmp=01;35:*.pbm=01;35:*.pgm=01;35:*.ppm=01;35:*.tga=01;35:*.xbm=01;35:*.xpm=01;35:*.tif=01;35:*.tiff=01;35:*.png=01;35:*.svg=01;35:*.svgz=01;35:*.mng=01;35:*.pcx=01;35:*.mov=01;35:*.mpg=01;35:*.mpeg=01;35:*.m2v=01;35:*.mkv=01;35:*.webm=01;35:*.webp=01;35:*.ogm=01;35:*.mp4=01;35:*.m4v=01;35:*.mp4v=01;35:*.vob=01;35:*.qt=01;35:*.nuv=01;35:*.wmv=01;35:*.asf=01;35:*.rm=01;35:*.rmvb=01;35:*.flc=01;35:*.avi=01;35:*.fli=01;35:*.flv=01;35:*.gl=01;35:*.dl=01;35:*.xcf=01;35:*.xwd=01;35:*.yuv=01;35:*.cgm=01;35:*.emf=01;35:*.ogv=01;35:*.ogx=01;35:*.aac=00;36:*.au=00;36:*.flac=00;36:*.m4a=00;36:*.mid=00;36:*.midi=00;36:*.mka=00;36:*.mp3=00;36:*.mpc=00;36:*.ogg=00;36:*.ra=00;36:*.wav=00;36:*.oga=00;36:*.opus=00;36:*.spx=00;36:*.xspf=00;36:'), ('SSH_AGENT_LAUNCHER', 'gnome-keyring'), ('SSH_AUTH_SOCK', '/run/user/1000/keyring/ssh'), ('AMENT_PREFIX_PATH', '/home/ben/KV6022_limo_ros2/install/trajectory_skeleton:/home/ben/KV6022_limo_ros2/install/trajectory_referee:/home/ben/KV6022_limo_ros2/install/limo_gazebosim:/home/ben/KV6022_limo_ros2/install/limo_msgs:/home/ben/KV6022_limo_ros2/install/limo_description:/home/ben/KV6022_limo_ros2/install/example_codes:/home/ben/KV6022_limo_ros2/install/Week2_lab:/home/ben/KV6022_limo_ros2/install/KV6022_assessment:/opt/ros/humble'), ('CONDA_PYTHON_EXE', '/home/ben/miniconda3/bin/python'), ('SHELL', '/bin/bash'), ('TERMINATOR_UUID', 'urn:uuid:ee2f9b05-a386-4426-b6db-454e68755f4c'), ('QT_ACCESSIBILITY', '1'), ('GDMSESSION', 'ubuntu'), ('LESSCLOSE', '/usr/bin/lesspipe %s %s'), ('CONDA_DEFAULT_ENV', 'ros2'), ('GJS_DEBUG_OUTPUT', 'stderr'), ('_CONDA_EXE', '/home/ben/miniconda3/bin/conda'), ('QT_IM_MODULE', 'ibus'), ('PWD', '/home/ben/KV6022_limo_ros2/build/limo_gazebosim'), ('LC_ALL', 'en_US.UTF-8'), ('XDG_CONFIG_DIRS', '/etc/xdg/xdg-ubuntu:/etc/xdg'), ('CONDA_EXE', '/home/ben/miniconda3/bin/conda'), ('XDG_DATA_DIRS', '/usr/share/ubuntu:/usr/local/share/:/usr/share/:/var/lib/snapd/desktop'), ('PYTHONPATH', '/home/ben/KV6022_limo_ros2/install/limo_msgs/lib/python3.10/site-packages:/home/ben/KV6022_limo_ros2/install/trajectory_skeleton/lib/python3.10/site-packages:/home/ben/KV6022_limo_ros2/install/trajectory_referee/lib/python3.10/site-packages:/home/ben/KV6022_limo_ros2/install/limo_gazebosim/lib/python3.10/site-packages:/home/ben/KV6022_limo_ros2/install/example_codes/lib/python3.10/site-packages:/home/ben/KV6022_limo_ros2/install/Week2_lab/lib/python3.10/site-packages:/home/ben/KV6022_limo_ros2/install/KV6022_assessment/lib/python3.10/site-packages:/opt/ros/humble/lib/python3.10/site-packages:/opt/ros/humble/local/lib/python3.10/dist-packages'), ('CONDA_PREFIX', '/home/ben/miniconda3/envs/ros2'), ('COLCON', '1'), ('VTE_VERSION', '6800'), ('CMAKE_PREFIX_PATH', '/home/ben/KV6022_limo_ros2/install/limo_msgs:/home/ben/KV6022_limo_ros2/install/limo_description:/home/ben/KV6022_limo_ros2/install/limo_gazebosim:/home/ben/KV6022_limo_ros2/install/trajectory_skeleton:/home/ben/KV6022_limo_ros2/install/trajectory_referee:/home/ben/KV6022_limo_ros2/install/example_codes:/home/ben/KV6022_limo_ros2/install/Week2_lab:/home/ben/KV6022_limo_ros2/install/KV6022_assessment:/opt/ros/humble')]), 'shell': False}
[5.200013] (-) TimerEvent: {}
[5.209255] (trajectory_referee) StdoutLine: {'line': b'Installing trajectory_publisher script to /home/ben/KV6022_limo_ros2/install/trajectory_referee/lib/trajectory_referee\n'}
[5.210766] (trajectory_referee) StdoutLine: {'line': b"writing list of installed files to '/home/ben/KV6022_limo_ros2/build/trajectory_referee/install.log'\n"}
[5.224453] (KV6022_assessment) StdoutLine: {'line': b'running egg_info\n'}
[5.224895] (KV6022_assessment) StdoutLine: {'line': b'writing ../../build/KV6022_assessment/KV6022_assessment.egg-info/PKG-INFO\n'}
[5.225053] (KV6022_assessment) StdoutLine: {'line': b'writing dependency_links to ../../build/KV6022_assessment/KV6022_assessment.egg-info/dependency_links.txt\n'}
[5.231537] (KV6022_assessment) StdoutLine: {'line': b'writing entry points to ../../build/KV6022_assessment/KV6022_assessment.egg-info/entry_points.txt\n'}
[5.231976] (KV6022_assessment) StdoutLine: {'line': b'writing requirements to ../../build/KV6022_assessment/KV6022_assessment.egg-info/requires.txt\n'}
[5.232128] (KV6022_assessment) StdoutLine: {'line': b'writing top-level names to ../../build/KV6022_assessment/KV6022_assessment.egg-info/top_level.txt\n'}
[5.232266] (KV6022_assessment) StdoutLine: {'line': b"reading manifest file '../../build/KV6022_assessment/KV6022_assessment.egg-info/SOURCES.txt'\n"}
[5.233340] (KV6022_assessment) StdoutLine: {'line': b"writing manifest file '../../build/KV6022_assessment/KV6022_assessment.egg-info/SOURCES.txt'\n"}
[5.234412] (KV6022_assessment) StdoutLine: {'line': b'running build\n'}
[5.235881] (KV6022_assessment) StdoutLine: {'line': b'running build_py\n'}
[5.237048] (KV6022_assessment) StdoutLine: {'line': b'running install\n'}
[5.239619] (example_codes) StdoutLine: {'line': b'running egg_info\n'}
[5.239822] (example_codes) StdoutLine: {'line': b'writing ../../build/example_codes/example_codes.egg-info/PKG-INFO\n'}
[5.239960] (example_codes) StdoutLine: {'line': b'writing dependency_links to ../../build/example_codes/example_codes.egg-info/dependency_links.txt\n'}
[5.240097] (KV6022_assessment) StdoutLine: {'line': b'running install_lib\n'}
[5.242119] (example_codes) StdoutLine: {'line': b'writing entry points to ../../build/example_codes/example_codes.egg-info/entry_points.txt\n'}
[5.242297] (example_codes) StdoutLine: {'line': b'writing requirements to ../../build/example_codes/example_codes.egg-info/requires.txt\n'}
[5.242428] (example_codes) StdoutLine: {'line': b'writing top-level names to ../../build/example_codes/example_codes.egg-info/top_level.txt\n'}
[5.244008] (example_codes) StdoutLine: {'line': b"reading manifest file '../../build/example_codes/example_codes.egg-info/SOURCES.txt'\n"}
[5.248515] (KV6022_assessment) StdoutLine: {'line': b'running install_data\n'}
[5.250822] (KV6022_assessment) StdoutLine: {'line': b'running install_egg_info\n'}
[5.251012] (example_codes) StdoutLine: {'line': b"writing manifest file '../../build/example_codes/example_codes.egg-info/SOURCES.txt'\n"}
[5.251169] (example_codes) StdoutLine: {'line': b'running build\n'}
[5.251705] (example_codes) StdoutLine: {'line': b'running build_py\n'}
[5.252397] (limo_gazebosim) StdoutLine: {'line': b'-- Install configuration: ""\n'}
[5.256420] (limo_gazebosim) StdoutLine: {'line': b'-- Execute custom install script\n'}
[5.257954] (example_codes) StdoutLine: {'line': b'running install\n'}
[5.258885] (example_codes) StdoutLine: {'line': b'running install_lib\n'}
[5.260895] (limo_gazebosim) StdoutLine: {'line': b'-- Up-to-date symlink: /home/ben/KV6022_limo_ros2/install/limo_gazebosim/share/limo_gazebosim/launch/limo_gazebo_ackerman_drive.launch.py\n'}
[5.261041] (limo_gazebosim) StdoutLine: {'line': b'-- Up-to-date symlink: /home/ben/KV6022_limo_ros2/install/limo_gazebosim/share/limo_gazebosim/launch/limo_gazebo_assessment.launch.py\n'}
[5.261189] (limo_gazebosim) StdoutLine: {'line': b'-- Up-to-date symlink: /home/ben/KV6022_limo_ros2/install/limo_gazebosim/share/limo_gazebosim/launch/limo_gazebo_diff.launch.py\n'}
[5.263019] (KV6022_assessment) StdoutLine: {'line': b"removing '/home/ben/KV6022_limo_ros2/install/KV6022_assessment/lib/python3.10/site-packages/KV6022_assessment-0.0.0-py3.10.egg-info' (and everything under it)\n"}
[5.270412] (limo_gazebosim) StdoutLine: {'line': b'-- Up-to-date symlink: /home/ben/KV6022_limo_ros2/install/limo_gazebosim/share/limo_gazebosim/launch/limo_gazebo_mecanum_drive.launch.py\n'}
[5.276705] (limo_gazebosim) StdoutLine: {'line': b'-- Up-to-date symlink: /home/ben/KV6022_limo_ros2/install/limo_gazebosim/share/limo_gazebosim/launch/limo_gazebo_track_drive.launch.py\n'}
[5.276940] (limo_gazebosim) StdoutLine: {'line': b'-- Up-to-date symlink: /home/ben/KV6022_limo_ros2/install/limo_gazebosim/share/limo_gazebosim/rviz/urdf.rviz\n'}
[5.277114] (limo_gazebosim) StdoutLine: {'line': b'-- Up-to-date symlink: /home/ben/KV6022_limo_ros2/install/limo_gazebosim/share/limo_gazebosim/worlds/potholes.world\n'}
[5.277376] (limo_gazebosim) StdoutLine: {'line': b'-- Up-to-date symlink: /home/ben/KV6022_limo_ros2/install/limo_gazebosim/share/limo_gazebosim/worlds/potholes_simple.world\n'}
[5.277513] (limo_gazebosim) StdoutLine: {'line': b'-- Up-to-date symlink: /home/ben/KV6022_limo_ros2/install/limo_gazebosim/share/limo_gazebosim/worlds/simple.world\n'}
[5.277664] (limo_gazebosim) StdoutLine: {'line': b'-- Up-to-date symlink: /home/ben/KV6022_limo_ros2/install/limo_gazebosim/share/limo_gazebosim/worlds/simulation_table.world\n'}
[5.284301] (KV6022_assessment) StdoutLine: {'line': b'Copying ../../build/KV6022_assessment/KV6022_assessment.egg-info to /home/ben/KV6022_limo_ros2/install/KV6022_assessment/lib/python3.10/site-packages/KV6022_assessment-0.0.0-py3.10.egg-info\n'}
[5.284555] (example_codes) StdoutLine: {'line': b'running install_data\n'}
[5.284723] (example_codes) StdoutLine: {'line': b'running install_egg_info\n'}
[5.284867] (limo_gazebosim) StdoutLine: {'line': b'-- Up-to-date symlink: /home/ben/KV6022_limo_ros2/install/limo_gazebosim/share/limo_gazebosim/worlds/simulation_table_small.world\n'}
[5.288325] (Week2_lab) StdoutLine: {'line': b'running egg_info\n'}
[5.288505] (trajectory_referee) CommandEnded: {'returncode': 0}
[5.289049] (limo_gazebosim) StdoutLine: {'line': b'-- Up-to-date symlink: /home/ben/KV6022_limo_ros2/install/limo_gazebosim/share/limo_gazebosim/worlds/simulation_table_with_obstacles.world\n'}
[5.291511] (example_codes) StdoutLine: {'line': b"removing '/home/ben/KV6022_limo_ros2/install/example_codes/lib/python3.10/site-packages/example_codes-0.0.0-py3.10.egg-info' (and everything under it)\n"}
[5.293035] (example_codes) StdoutLine: {'line': b'Copying ../../build/example_codes/example_codes.egg-info to /home/ben/KV6022_limo_ros2/install/example_codes/lib/python3.10/site-packages/example_codes-0.0.0-py3.10.egg-info\n'}
[5.293724] (Week2_lab) StdoutLine: {'line': b'writing ../../build/Week2_lab/Week2_lab.egg-info/PKG-INFO\n'}
[5.293882] (Week2_lab) StdoutLine: {'line': b'writing dependency_links to ../../build/Week2_lab/Week2_lab.egg-info/dependency_links.txt\n'}
[5.294025] (Week2_lab) StdoutLine: {'line': b'writing entry points to ../../build/Week2_lab/Week2_lab.egg-info/entry_points.txt\n'}
[5.294164] (Week2_lab) StdoutLine: {'line': b'writing requirements to ../../build/Week2_lab/Week2_lab.egg-info/requires.txt\n'}
[5.294302] (Week2_lab) StdoutLine: {'line': b'writing top-level names to ../../build/Week2_lab/Week2_lab.egg-info/top_level.txt\n'}
[5.294826] (example_codes) StdoutLine: {'line': b'running install_scripts\n'}
[5.295530] (Week2_lab) StdoutLine: {'line': b"reading manifest file '../../build/Week2_lab/Week2_lab.egg-info/SOURCES.txt'\n"}
[5.296724] (limo_gazebosim) StdoutLine: {'line': b'-- Up-to-date symlink: /home/ben/KV6022_limo_ros2/install/limo_gazebosim/share/limo_gazebosim/models/Apriltag36_11_00000/materials/scripts/Apriltag.material\n'}
[5.296875] (Week2_lab) StdoutLine: {'line': b"writing manifest file '../../build/Week2_lab/Week2_lab.egg-info/SOURCES.txt'\n"}
[5.297354] (Week2_lab) StdoutLine: {'line': b'running build\n'}
[5.297495] (Week2_lab) StdoutLine: {'line': b'running build_py\n'}
[5.297748] (KV6022_assessment) StdoutLine: {'line': b'running install_scripts\n'}
[5.297898] (limo_gazebosim) StdoutLine: {'line': b'-- Up-to-date symlink: /home/ben/KV6022_limo_ros2/install/limo_gazebosim/share/limo_gazebosim/models/Apriltag36_11_00000/materials/textures/tag36_11_00000.png\n'}
[5.298204] (limo_gazebosim) StdoutLine: {'line': b'-- Up-to-date symlink: /home/ben/KV6022_limo_ros2/install/limo_gazebosim/share/limo_gazebosim/models/Apriltag36_11_00000/meshes/tag36_11_00000.dae\n'}
[5.298369] (Week2_lab) StdoutLine: {'line': b'running install\n'}
[5.298681] (limo_gazebosim) StdoutLine: {'line': b'-- Up-to-date symlink: /home/ben/KV6022_limo_ros2/install/limo_gazebosim/share/limo_gazebosim/models/Apriltag36_11_00000/model.config\n'}
[5.298835] (Week2_lab) StdoutLine: {'line': b'running install_lib\n'}
[5.298981] (limo_gazebosim) StdoutLine: {'line': b'-- Up-to-date symlink: /home/ben/KV6022_limo_ros2/install/limo_gazebosim/share/limo_gazebosim/models/Apriltag36_11_00000/model.sdf\n'}
[5.299133] (limo_gazebosim) StdoutLine: {'line': b'-- Up-to-date symlink: /home/ben/KV6022_limo_ros2/install/limo_gazebosim/share/limo_gazebosim/models/Apriltag36_11_00001/materials/scripts/Apriltag.material\n'}
[5.300284] (-) TimerEvent: {}
[5.300977] (Week2_lab) StdoutLine: {'line': b'running install_data\n'}
[5.301817] (Week2_lab) StdoutLine: {'line': b'running install_egg_info\n'}
[5.301992] (limo_gazebosim) StdoutLine: {'line': b'-- Up-to-date symlink: /home/ben/KV6022_limo_ros2/install/limo_gazebosim/share/limo_gazebosim/models/Apriltag36_11_00001/materials/textures/tag36_11_00001.png\n'}
[5.302149] (limo_gazebosim) StdoutLine: {'line': b'-- Up-to-date symlink: /home/ben/KV6022_limo_ros2/install/limo_gazebosim/share/limo_gazebosim/models/Apriltag36_11_00001/model.config\n'}
[5.302294] (limo_gazebosim) StdoutLine: {'line': b'-- Up-to-date symlink: /home/ben/KV6022_limo_ros2/install/limo_gazebosim/share/limo_gazebosim/models/Apriltag36_11_00001/model.sdf\n'}
[5.303855] (limo_gazebosim) StdoutLine: {'line': b'-- Up-to-date symlink: /home/ben/KV6022_limo_ros2/install/limo_gazebosim/share/limo_gazebosim/models/Apriltag36_11_00002/materials/scripts/Apriltag.material\n'}
[5.305596] (limo_gazebosim) StdoutLine: {'line': b'-- Up-to-date symlink: /home/ben/KV6022_limo_ros2/install/limo_gazebosim/share/limo_gazebosim/models/Apriltag36_11_00002/materials/textures/tag36_11_00002.png\n'}
[5.305840] (limo_gazebosim) StdoutLine: {'line': b'-- Up-to-date symlink: /home/ben/KV6022_limo_ros2/install/limo_gazebosim/share/limo_gazebosim/models/Apriltag36_11_00002/model.config\n'}
[5.305982] (Week2_lab) StdoutLine: {'line': b"removing '/home/ben/KV6022_limo_ros2/install/Week2_lab/lib/python3.10/site-packages/Week2_lab-0.0.0-py3.10.egg-info' (and everything under it)\n"}
[5.311163] (Week2_lab) StdoutLine: {'line': b'Copying ../../build/Week2_lab/Week2_lab.egg-info to /home/ben/KV6022_limo_ros2/install/Week2_lab/lib/python3.10/site-packages/Week2_lab-0.0.0-py3.10.egg-info\n'}
[5.312229] (limo_gazebosim) StdoutLine: {'line': b'-- Up-to-date symlink: /home/ben/KV6022_limo_ros2/install/limo_gazebosim/share/limo_gazebosim/models/Apriltag36_11_00002/model.sdf\n'}
[5.312484] (Week2_lab) StdoutLine: {'line': b'running install_scripts\n'}
[5.312636] (limo_gazebosim) StdoutLine: {'line': b'-- Up-to-date symlink: /home/ben/KV6022_limo_ros2/install/limo_gazebosim/share/limo_gazebosim/models/Apriltag36_11_00003/materials/scripts/Apriltag.material\n'}
[5.317977] (limo_gazebosim) StdoutLine: {'line': b'-- Up-to-date symlink: /home/ben/KV6022_limo_ros2/install/limo_gazebosim/share/limo_gazebosim/models/Apriltag36_11_00003/materials/textures/tag36_11_00003.png\n'}
[5.329526] (limo_gazebosim) StdoutLine: {'line': b'-- Up-to-date symlink: /home/ben/KV6022_limo_ros2/install/limo_gazebosim/share/limo_gazebosim/models/Apriltag36_11_00003/model.config\n'}
[5.329888] (limo_gazebosim) StdoutLine: {'line': b'-- Up-to-date symlink: /home/ben/KV6022_limo_ros2/install/limo_gazebosim/share/limo_gazebosim/models/Apriltag36_11_00003/model.sdf\n'}
[5.330026] (limo_gazebosim) StdoutLine: {'line': b'-- Up-to-date symlink: /home/ben/KV6022_limo_ros2/install/limo_gazebosim/share/limo_gazebosim/models/potholes/materials/scripts/potholes.material\n'}
[5.330855] (limo_gazebosim) StdoutLine: {'line': b'-- Up-to-date symlink: /home/ben/KV6022_limo_ros2/install/limo_gazebosim/share/limo_gazebosim/models/potholes/materials/textures/background_potholes.png\n'}
[5.331096] (limo_gazebosim) StdoutLine: {'line': b'-- Up-to-date symlink: /home/ben/KV6022_limo_ros2/install/limo_gazebosim/share/limo_gazebosim/models/potholes/model.config\n'}
[5.331235] (limo_gazebosim) StdoutLine: {'line': b'-- Up-to-date symlink: /home/ben/KV6022_limo_ros2/install/limo_gazebosim/share/limo_gazebosim/models/potholes/model.sdf\n'}
[5.336249] (limo_gazebosim) StdoutLine: {'line': b'-- Up-to-date symlink: /home/ben/KV6022_limo_ros2/install/limo_gazebosim/share/limo_gazebosim/models/potholes_simple/materials/scripts/potholes_simple.material\n'}
[5.338958] (limo_gazebosim) StdoutLine: {'line': b'-- Up-to-date symlink: /home/ben/KV6022_limo_ros2/install/limo_gazebosim/share/limo_gazebosim/models/potholes_simple/materials/textures/background_potholes_simple.png\n'}
[5.339098] (limo_gazebosim) StdoutLine: {'line': b'-- Up-to-date symlink: /home/ben/KV6022_limo_ros2/install/limo_gazebosim/share/limo_gazebosim/models/potholes_simple/model.config\n'}
[5.339232] (limo_gazebosim) StdoutLine: {'line': b'-- Up-to-date symlink: /home/ben/KV6022_limo_ros2/install/limo_gazebosim/share/limo_gazebosim/models/potholes_simple/model.sdf\n'}
[5.339525] (limo_gazebosim) StdoutLine: {'line': b'-- Up-to-date symlink: /home/ben/KV6022_limo_ros2/install/limo_gazebosim/share/limo_gazebosim/models/simple.stl\n'}
[5.339727] (limo_gazebosim) StdoutLine: {'line': b'-- Up-to-date symlink: /home/ben/KV6022_limo_ros2/install/limo_gazebosim/share/limo_gazebosim/models/simulation_table/materials/scripts/simulation_table.material\n'}
[5.339866] (limo_gazebosim) StdoutLine: {'line': b'-- Up-to-date symlink: /home/ben/KV6022_limo_ros2/install/limo_gazebosim/share/limo_gazebosim/models/simulation_table/materials/textures/background (copy).png\n'}
[5.340003] (limo_gazebosim) StdoutLine: {'line': b'-- Up-to-date symlink: /home/ben/KV6022_limo_ros2/install/limo_gazebosim/share/limo_gazebosim/models/simulation_table/materials/textures/background.png\n'}
[5.340170] (limo_gazebosim) StdoutLine: {'line': b'-- Up-to-date symlink: /home/ben/KV6022_limo_ros2/install/limo_gazebosim/share/limo_gazebosim/models/simulation_table/materials/textures/background_low.png\n'}
[5.340308] (limo_gazebosim) StdoutLine: {'line': b'-- Up-to-date symlink: /home/ben/KV6022_limo_ros2/install/limo_gazebosim/share/limo_gazebosim/models/simulation_table/materials/textures/simulation_table_vector.svg\n'}
[5.340441] (limo_gazebosim) StdoutLine: {'line': b'-- Up-to-date symlink: /home/ben/KV6022_limo_ros2/install/limo_gazebosim/share/limo_gazebosim/models/simulation_table/model.config\n'}
[5.351312] (example_codes) StdoutLine: {'line': b"writing list of installed files to '/home/ben/KV6022_limo_ros2/build/example_codes/install.log'\n"}
[5.352448] (limo_gazebosim) StdoutLine: {'line': b'-- Up-to-date symlink: /home/ben/KV6022_limo_ros2/install/limo_gazebosim/share/limo_gazebosim/models/simulation_table/model.sdf\n'}
[5.352745] (limo_gazebosim) StdoutLine: {'line': b'-- Up-to-date symlink: /home/ben/KV6022_limo_ros2/install/limo_gazebosim/share/limo_gazebosim/models/simulation_table_small/materials/scripts/simulation_table_small.material\n'}
[5.352898] (limo_gazebosim) StdoutLine: {'line': b'-- Up-to-date symlink: /home/ben/KV6022_limo_ros2/install/limo_gazebosim/share/limo_gazebosim/models/simulation_table_small/materials/textures/background_small.png\n'}
[5.353045] (limo_gazebosim) StdoutLine: {'line': b'-- Up-to-date symlink: /home/ben/KV6022_limo_ros2/install/limo_gazebosim/share/limo_gazebosim/models/simulation_table_small/model.config\n'}
[5.353208] (limo_gazebosim) StdoutLine: {'line': b'-- Up-to-date symlink: /home/ben/KV6022_limo_ros2/install/limo_gazebosim/share/limo_gazebosim/models/simulation_table_small/model.sdf\n'}
[5.356228] (limo_gazebosim) StdoutLine: {'line': b'-- Up-to-date symlink: /home/ben/KV6022_limo_ros2/install/limo_gazebosim/share/limo_gazebosim/models/simulation_table_with_obstacles/materials/scripts/simulation_table.material\n'}
[5.358184] (limo_gazebosim) StdoutLine: {'line': b'-- Up-to-date symlink: /home/ben/KV6022_limo_ros2/install/limo_gazebosim/share/limo_gazebosim/models/simulation_table_with_obstacles/materials/textures/background (copy).png\n'}
[5.358367] (limo_gazebosim) StdoutLine: {'line': b'-- Up-to-date symlink: /home/ben/KV6022_limo_ros2/install/limo_gazebosim/share/limo_gazebosim/models/simulation_table_with_obstacles/materials/textures/background.png\n'}
[5.365403] (limo_gazebosim) StdoutLine: {'line': b'-- Up-to-date symlink: /home/ben/KV6022_limo_ros2/install/limo_gazebosim/share/limo_gazebosim/models/simulation_table_with_obstacles/materials/textures/background_low.png\n'}
[5.372005] (limo_gazebosim) StdoutLine: {'line': b'-- Up-to-date symlink: /home/ben/KV6022_limo_ros2/install/limo_gazebosim/share/limo_gazebosim/models/simulation_table_with_obstacles/materials/textures/simulation_table_vector.svg\n'}
[5.372706] (limo_gazebosim) StdoutLine: {'line': b'-- Up-to-date symlink: /home/ben/KV6022_limo_ros2/install/limo_gazebosim/share/limo_gazebosim/models/simulation_table_with_obstacles/model.config\n'}
[5.372999] (trajectory_skeleton) StdoutLine: {'line': b'running egg_info\n'}
[5.373184] (trajectory_skeleton) StdoutLine: {'line': b'writing ../../build/trajectory_skeleton/trajectory_skeleton.egg-info/PKG-INFO\n'}
[5.373325] (trajectory_skeleton) StdoutLine: {'line': b'writing dependency_links to ../../build/trajectory_skeleton/trajectory_skeleton.egg-info/dependency_links.txt\n'}
[5.373471] (trajectory_skeleton) StdoutLine: {'line': b'writing entry points to ../../build/trajectory_skeleton/trajectory_skeleton.egg-info/entry_points.txt\n'}
[5.373833] (trajectory_skeleton) StdoutLine: {'line': b'writing requirements to ../../build/trajectory_skeleton/trajectory_skeleton.egg-info/requires.txt\n'}
[5.373990] (trajectory_skeleton) StdoutLine: {'line': b'writing top-level names to ../../build/trajectory_skeleton/trajectory_skeleton.egg-info/top_level.txt\n'}
[5.374134] (trajectory_skeleton) StdoutLine: {'line': b"reading manifest file '../../build/trajectory_skeleton/trajectory_skeleton.egg-info/SOURCES.txt'\n"}
[5.374299] (trajectory_skeleton) StdoutLine: {'line': b"writing manifest file '../../build/trajectory_skeleton/trajectory_skeleton.egg-info/SOURCES.txt'\n"}
[5.374622] (trajectory_skeleton) StdoutLine: {'line': b'running build\n'}
[5.378523] (trajectory_skeleton) StdoutLine: {'line': b'running build_py\n'}
[5.380871] (trajectory_skeleton) StdoutLine: {'line': b'copying trajectory_skeleton/trajectory_tracking_controller.py -> /home/ben/KV6022_limo_ros2/build/trajectory_skeleton/build/lib/trajectory_skeleton\n'}
[5.382958] (trajectory_skeleton) StdoutLine: {'line': b'running install\n'}
[5.383312] (trajectory_skeleton) StdoutLine: {'line': b'running install_lib\n'}
[5.384814] (limo_gazebosim) StdoutLine: {'line': b'-- Up-to-date symlink: /home/ben/KV6022_limo_ros2/install/limo_gazebosim/share/limo_gazebosim/models/simulation_table_with_obstacles/model.sdf\n'}
[5.391966] (limo_gazebosim) StdoutLine: {'line': b'-- Up-to-date symlink: /home/ben/KV6022_limo_ros2/install/limo_gazebosim/share/limo_gazebosim/environment/pythonpath.sh\n'}
[5.392125] (limo_gazebosim) StdoutLine: {'line': b'-- Up-to-date symlink: /home/ben/KV6022_limo_ros2/install/limo_gazebosim/share/limo_gazebosim/environment/pythonpath.dsv\n'}
[5.392258] (trajectory_skeleton) StdoutLine: {'line': b'copying /home/ben/KV6022_limo_ros2/build/trajectory_skeleton/build/lib/trajectory_skeleton/trajectory_tracking_controller.py -> /home/ben/KV6022_limo_ros2/install/trajectory_skeleton/lib/python3.10/site-packages/trajectory_skeleton\n'}
[5.395196] (trajectory_skeleton) StdoutLine: {'line': b'byte-compiling /home/ben/KV6022_limo_ros2/install/trajectory_skeleton/lib/python3.10/site-packages/trajectory_skeleton/trajectory_tracking_controller.py to trajectory_tracking_controller.cpython-310.pyc\n'}
[5.395735] (limo_gazebosim) StdoutLine: {'line': b'-- Up-to-date symlink: /home/ben/KV6022_limo_ros2/install/limo_gazebosim/lib/python3.10/site-packages/limo_gazebosim-0.0.0-py3.10.egg-info/PKG-INFO\n'}
[5.396029] (trajectory_skeleton) StdoutLine: {'line': b'running install_data\n'}
[5.396176] (trajectory_skeleton) StdoutLine: {'line': b'running install_egg_info\n'}
[5.396316] (trajectory_skeleton) StdoutLine: {'line': b"removing '/home/ben/KV6022_limo_ros2/install/trajectory_skeleton/lib/python3.10/site-packages/trajectory_skeleton-0.0.0-py3.10.egg-info' (and everything under it)\n"}
[5.396457] (trajectory_skeleton) StdoutLine: {'line': b'Copying ../../build/trajectory_skeleton/trajectory_skeleton.egg-info to /home/ben/KV6022_limo_ros2/install/trajectory_skeleton/lib/python3.10/site-packages/trajectory_skeleton-0.0.0-py3.10.egg-info\n'}
[5.396642] (limo_gazebosim) StdoutLine: {'line': b'-- Up-to-date symlink: /home/ben/KV6022_limo_ros2/install/limo_gazebosim/lib/python3.10/site-packages/limo_gazebosim-0.0.0-py3.10.egg-info/SOURCES.txt\n'}
[5.396888] (limo_gazebosim) StdoutLine: {'line': b'-- Up-to-date symlink: /home/ben/KV6022_limo_ros2/install/limo_gazebosim/lib/python3.10/site-packages/limo_gazebosim-0.0.0-py3.10.egg-info/dependency_links.txt\n'}
[5.397038] (limo_gazebosim) StdoutLine: {'line': b'-- Up-to-date symlink: /home/ben/KV6022_limo_ros2/install/limo_gazebosim/lib/python3.10/site-packages/limo_gazebosim-0.0.0-py3.10.egg-info/top_level.txt\n'}
[5.397178] (limo_gazebosim) StdoutLine: {'line': b'-- Up-to-date symlink: /home/ben/KV6022_limo_ros2/install/limo_gazebosim/lib/python3.10/site-packages/limo_gazebosim/__init__.py\n'}
[5.397319] (limo_gazebosim) StdoutLine: {'line': b'-- Up-to-date symlink: /home/ben/KV6022_limo_ros2/install/limo_gazebosim/lib/limo_gazebosim/twist_watchdog.py\n'}
[5.397567] (limo_gazebosim) StdoutLine: {'line': b'-- Up-to-date symlink: /home/ben/KV6022_limo_ros2/install/limo_gazebosim/share/ament_index/resource_index/package_run_dependencies/limo_gazebosim\n'}
[5.397709] (limo_gazebosim) StdoutLine: {'line': b'-- Up-to-date symlink: /home/ben/KV6022_limo_ros2/install/limo_gazebosim/share/ament_index/resource_index/parent_prefix_path/limo_gazebosim\n'}
[5.397846] (limo_gazebosim) StdoutLine: {'line': b'-- Up-to-date symlink: /home/ben/KV6022_limo_ros2/install/limo_gazebosim/share/limo_gazebosim/environment/ament_prefix_path.sh\n'}
[5.397998] (limo_gazebosim) StdoutLine: {'line': b'-- Up-to-date symlink: /home/ben/KV6022_limo_ros2/install/limo_gazebosim/share/limo_gazebosim/environment/ament_prefix_path.dsv\n'}
[5.398134] (limo_gazebosim) StdoutLine: {'line': b'-- Up-to-date symlink: /home/ben/KV6022_limo_ros2/install/limo_gazebosim/share/limo_gazebosim/environment/path.sh\n'}
[5.398469] (trajectory_skeleton) StdoutLine: {'line': b'running install_scripts\n'}
[5.398641] (limo_gazebosim) StdoutLine: {'line': b'-- Up-to-date symlink: /home/ben/KV6022_limo_ros2/install/limo_gazebosim/share/limo_gazebosim/environment/path.dsv\n'}
[5.398994] (KV6022_assessment) StdoutLine: {'line': b'Installing example_nav_through_poses script to /home/ben/KV6022_limo_ros2/install/KV6022_assessment/lib/KV6022_assessment\n'}
[5.399535] (KV6022_assessment) StdoutLine: {'line': b'Installing example_nav_to_pose script to /home/ben/KV6022_limo_ros2/install/KV6022_assessment/lib/KV6022_assessment\n'}
[5.399696] (KV6022_assessment) StdoutLine: {'line': b'Installing example_opencv_detector script to /home/ben/KV6022_limo_ros2/install/KV6022_assessment/lib/KV6022_assessment\n'}
[5.400287] (KV6022_assessment) StdoutLine: {'line': b'Installing example_waypoint_follower script to /home/ben/KV6022_limo_ros2/install/KV6022_assessment/lib/KV6022_assessment\n'}
[5.400447] (-) TimerEvent: {}
[5.400678] (limo_gazebosim) StdoutLine: {'line': b'-- Up-to-date symlink: /home/ben/KV6022_limo_ros2/install/limo_gazebosim/share/limo_gazebosim/local_setup.bash\n'}
[5.400885] (limo_gazebosim) StdoutLine: {'line': b'-- Up-to-date symlink: /home/ben/KV6022_limo_ros2/install/limo_gazebosim/share/limo_gazebosim/local_setup.sh\n'}
[5.402038] (limo_gazebosim) StdoutLine: {'line': b'-- Up-to-date symlink: /home/ben/KV6022_limo_ros2/install/limo_gazebosim/share/limo_gazebosim/local_setup.zsh\n'}
[5.402404] (KV6022_assessment) StdoutLine: {'line': b"writing list of installed files to '/home/ben/KV6022_limo_ros2/build/KV6022_assessment/install.log'\n"}
[5.402653] (trajectory_referee) JobEnded: {'identifier': 'trajectory_referee', 'rc': 0}
[5.404286] (limo_gazebosim) StdoutLine: {'line': b'-- Up-to-date symlink: /home/ben/KV6022_limo_ros2/install/limo_gazebosim/share/limo_gazebosim/local_setup.dsv\n'}
[5.404745] (limo_gazebosim) StdoutLine: {'line': b'-- Symlinking: /home/ben/KV6022_limo_ros2/install/limo_gazebosim/share/limo_gazebosim/package.dsv\n'}
[5.405050] (example_codes) CommandEnded: {'returncode': 0}
[5.405415] (Week2_lab) StdoutLine: {'line': b'Installing command_publisher script to /home/ben/KV6022_limo_ros2/install/Week2_lab/lib/Week2_lab\n'}
[5.405666] (Week2_lab) StdoutLine: {'line': b"writing list of installed files to '/home/ben/KV6022_limo_ros2/build/Week2_lab/install.log'\n"}
[5.414543] (trajectory_skeleton) StdoutLine: {'line': b'Installing trajectory_tracking_controller script to /home/ben/KV6022_limo_ros2/install/trajectory_skeleton/lib/trajectory_skeleton\n'}
[5.415059] (trajectory_skeleton) StdoutLine: {'line': b"writing list of installed files to '/home/ben/KV6022_limo_ros2/build/trajectory_skeleton/install.log'\n"}
[5.420653] (example_codes) JobEnded: {'identifier': 'example_codes', 'rc': 0}
[5.424646] (KV6022_assessment) CommandEnded: {'returncode': 0}
[5.446636] (limo_gazebosim) StdoutLine: {'line': b'-- Up-to-date symlink: /home/ben/KV6022_limo_ros2/install/limo_gazebosim/share/ament_index/resource_index/packages/limo_gazebosim\n'}
[5.448781] (KV6022_assessment) JobEnded: {'identifier': 'KV6022_assessment', 'rc': 0}
[5.453495] (limo_gazebosim) StdoutLine: {'line': b'-- Up-to-date symlink: /home/ben/KV6022_limo_ros2/install/limo_gazebosim/share/limo_gazebosim/cmake/limo_gazebosimConfig.cmake\n'}
[5.453880] (limo_gazebosim) StdoutLine: {'line': b'-- Up-to-date symlink: /home/ben/KV6022_limo_ros2/install/limo_gazebosim/share/limo_gazebosim/cmake/limo_gazebosimConfig-version.cmake\n'}
[5.455953] (limo_gazebosim) StdoutLine: {'line': b'-- Up-to-date symlink: /home/ben/KV6022_limo_ros2/install/limo_gazebosim/share/limo_gazebosim/package.xml\n'}
[5.457260] (Week2_lab) CommandEnded: {'returncode': 0}
[5.472341] (Week2_lab) JobEnded: {'identifier': 'Week2_lab', 'rc': 0}
[5.474532] (trajectory_skeleton) CommandEnded: {'returncode': 0}
[5.491193] (trajectory_skeleton) JobEnded: {'identifier': 'trajectory_skeleton', 'rc': 0}
[5.501095] (-) TimerEvent: {}
[5.536058] (limo_gazebosim) StdoutLine: {'line': b"Listing '/home/ben/KV6022_limo_ros2/install/limo_gazebosim/lib/python3.10/site-packages/limo_gazebosim'...\n"}
[5.548460] (limo_gazebosim) CommandEnded: {'returncode': 0}
[5.589754] (limo_gazebosim) JobEnded: {'identifier': 'limo_gazebosim', 'rc': 0}
[5.592179] (-) EventReactorShutdown: {}
