[0.000000] (-) TimerEvent: {}
[0.000282] (KV6022_assessment) JobQueued: {'identifier': 'KV6022_assessment', 'dependencies': OrderedDict()}
[0.000593] (example_codes) JobQueued: {'identifier': 'example_codes', 'dependencies': OrderedDict()}
[0.000674] (limo_description) JobQueued: {'identifier': 'limo_description', 'dependencies': OrderedDict()}
[0.000722] (limo_msgs) JobQueued: {'identifier': 'limo_msgs', 'dependencies': OrderedDict()}
[0.000769] (trajectory_referee) JobQueued: {'identifier': 'trajectory_referee', 'dependencies': OrderedDict()}
[0.000832] (trajectory_skeleton) JobQueued: {'identifier': 'trajectory_skeleton', 'dependencies': OrderedDict()}
[0.001001] (limo_gazebosim) JobQueued: {'identifier': 'limo_gazebosim', 'dependencies': OrderedDict([('limo_description', '/home/ben/KV6022_limo_ros2/install/limo_description'), ('limo_msgs', '/home/ben/KV6022_limo_ros2/install/limo_msgs')])}
[0.001051] (limo_description) JobStarted: {'identifier': 'limo_description'}
[0.013514] (limo_msgs) JobStarted: {'identifier': 'limo_msgs'}
[0.024025] (KV6022_assessment) JobStarted: {'identifier': 'KV6022_assessment'}
[0.036605] (example_codes) JobStarted: {'identifier': 'example_codes'}
[0.048482] (trajectory_referee) JobStarted: {'identifier': 'trajectory_referee'}
[0.061454] (trajectory_skeleton) JobStarted: {'identifier': 'trajectory_skeleton'}
[0.075524] (limo_description) JobProgress: {'identifier': 'limo_description', 'progress': 'cmake'}
[0.076547] (limo_description) Command: {'cmd': ['/usr/bin/cmake', '/home/ben/KV6022_limo_ros2/src/limo_description', '-DAMENT_CMAKE_SYMLINK_INSTALL=1', '-DCMAKE_INSTALL_PREFIX=/home/ben/KV6022_limo_ros2/install/limo_description'], 'cwd': '/home/ben/KV6022_limo_ros2/build/limo_description', 'env': OrderedDict([('LESSOPEN', '| /usr/bin/lesspipe %s'), ('CONDA_PROMPT_MODIFIER', '(ros2)'), ('LANGUAGE', 'en_GB:en'), ('USER', 'ben'), ('XDG_SESSION_TYPE', 'wayland'), ('SHLVL', '1'), ('LD_LIBRARY_PATH', '/usr/lib/x86_64-linux-gnu/gazebo-11/plugins:/opt/ros/humble/opt/rviz_ogre_vendor/lib:/opt/ros/humble/lib/x86_64-linux-gnu:/opt/ros/humble/lib'), ('HOME', '/home/ben'), ('CONDA_SHLVL', '2'), ('OLDPWD', '/home/ben'), ('DESKTOP_SESSION', 'ubuntu'), ('ROS_PYTHON_VERSION', '3'), ('GNOME_SHELL_SESSION_MODE', 'ubuntu'), ('GTK_MODULES', 'gail:atk-bridge'), ('SYSTEMD_EXEC_PID', '1600'), ('DBUS_SESSION_BUS_ADDRESS', 'unix:path=/run/user/1000/bus'), ('COLORTERM', 'truecolor'), ('_CE_M', ''), ('_CONDA_ROOT', '/home/ben/miniconda3'), ('IM_CONFIG_PHASE', '1'), ('WAYLAND_DISPLAY', 'wayland-0'), ('ROS_DISTRO', 'humble'), ('LOGNAME', 'ben'), ('_', '/usr/bin/colcon'), ('ROS_VERSION', '2'), ('XDG_SESSION_CLASS', 'user'), ('USERNAME', 'ben'), ('TERM', 'xterm-256color'), ('GNOME_DESKTOP_SESSION_ID', 'this-is-deprecated'), ('_CE_CONDA', ''), ('ROS_LOCALHOST_ONLY', '0'), ('PATH', '/home/ben/miniconda3/envs/ros2/bin:/home/ben/miniconda3/condabin:/opt/ros/humble/bin:/usr/local/sbin:/usr/local/bin:/usr/sbin:/usr/bin:/sbin:/bin:/usr/games:/usr/local/games:/snap/bin:/snap/bin'), ('SESSION_MANAGER', 'local/ben-Virtual-Machine:@/tmp/.ICE-unix/1562,unix/ben-Virtual-Machine:/tmp/.ICE-unix/1562'), ('XDG_MENU_PREFIX', 'gnome-'), ('GNOME_TERMINAL_SCREEN', '/org/gnome/Terminal/screen/b49f6e32_157d_4a45_9dd8_b48a1e023859'), ('GNOME_SETUP_DISPLAY', ':1'), ('XDG_RUNTIME_DIR', '/run/user/1000'), ('DISPLAY', ':0'), ('LANG', 'en_US.UTF-8'), ('XDG_CURRENT_DESKTOP', 'ubuntu:GNOME'), ('CONDA_PREFIX_1', '/home/ben/miniconda3'), ('XMODIFIERS', '@im=ibus'), ('XDG_SESSION_DESKTOP', 'ubuntu'), ('XAUTHORITY', '/run/user/1000/.mutter-Xwaylandauth.MP6NV3'), ('LS_COLORS', 'rs=0:di=01;34:ln=01;36:mh=00:pi=40;33:so=01;35:do=01;35:bd=40;33;01:cd=40;33;01:or=40;31;01:mi=00:su=37;41:sg=30;43:ca=30;41:tw=30;42:ow=34;42:st=37;44:ex=01;32:*.tar=01;31:*.tgz=01;31:*.arc=01;31:*.arj=01;31:*.taz=01;31:*.lha=01;31:*.lz4=01;31:*.lzh=01;31:*.lzma=01;31:*.tlz=01;31:*.txz=01;31:*.tzo=01;31:*.t7z=01;31:*.zip=01;31:*.z=01;31:*.dz=01;31:*.gz=01;31:*.lrz=01;31:*.lz=01;31:*.lzo=01;31:*.xz=01;31:*.zst=01;31:*.tzst=01;31:*.bz2=01;31:*.bz=01;31:*.tbz=01;31:*.tbz2=01;31:*.tz=01;31:*.deb=01;31:*.rpm=01;31:*.jar=01;31:*.war=01;31:*.ear=01;31:*.sar=01;31:*.rar=01;31:*.alz=01;31:*.ace=01;31:*.zoo=01;31:*.cpio=01;31:*.7z=01;31:*.rz=01;31:*.cab=01;31:*.wim=01;31:*.swm=01;31:*.dwm=01;31:*.esd=01;31:*.jpg=01;35:*.jpeg=01;35:*.mjpg=01;35:*.mjpeg=01;35:*.gif=01;35:*.bmp=01;35:*.pbm=01;35:*.pgm=01;35:*.ppm=01;35:*.tga=01;35:*.xbm=01;35:*.xpm=01;35:*.tif=01;35:*.tiff=01;35:*.png=01;35:*.svg=01;35:*.svgz=01;35:*.mng=01;35:*.pcx=01;35:*.mov=01;35:*.mpg=01;35:*.mpeg=01;35:*.m2v=01;35:*.mkv=01;35:*.webm=01;35:*.webp=01;35:*.ogm=01;35:*.mp4=01;35:*.m4v=01;35:*.mp4v=01;35:*.vob=01;35:*.qt=01;35:*.nuv=01;35:*.wmv=01;35:*.asf=01;35:*.rm=01;35:*.rmvb=01;35:*.flc=01;35:*.avi=01;35:*.fli=01;35:*.flv=01;35:*.gl=01;35:*.dl=01;35:*.xcf=01;35:*.xwd=01;35:*.yuv=01;35:*.cgm=01;35:*.emf=01;35:*.ogv=01;35:*.ogx=01;35:*.aac=00;36:*.au=00;36:*.flac=00;36:*.m4a=00;36:*.mid=00;36:*.midi=00;36:*.mka=00;36:*.mp3=00;36:*.mpc=00;36:*.ogg=00;36:*.ra=00;36:*.wav=00;36:*.oga=00;36:*.opus=00;36:*.spx=00;36:*.xspf=00;36:'), ('GNOME_TERMINAL_SERVICE', ':1.786'), ('SSH_AGENT_LAUNCHER', 'gnome-keyring'), ('SSH_AUTH_SOCK', '/run/user/1000/keyring/ssh'), ('AMENT_PREFIX_PATH', '/opt/ros/humble'), ('CONDA_PYTHON_EXE', '/home/ben/miniconda3/bin/python'), ('SHELL', '/bin/bash'), ('QT_ACCESSIBILITY', '1'), ('GDMSESSION', 'ubuntu'), ('LESSCLOSE', '/usr/bin/lesspipe %s %s'), ('CONDA_DEFAULT_ENV', 'ros2'), ('_CONDA_EXE', '/home/ben/miniconda3/bin/conda'), ('QT_IM_MODULE', 'ibus'), ('PWD', '/home/ben/KV6022_limo_ros2/build/limo_description'), ('LC_ALL', 'en_US.UTF-8'), ('XDG_CONFIG_DIRS', '/etc/xdg/xdg-ubuntu:/etc/xdg'), ('CONDA_EXE', '/home/ben/miniconda3/bin/conda'), ('XDG_DATA_DIRS', '/usr/share/ubuntu:/usr/local/share/:/usr/share/:/var/lib/snapd/desktop'), ('PYTHONPATH', '/opt/ros/humble/lib/python3.10/site-packages:/opt/ros/humble/local/lib/python3.10/dist-packages'), ('CONDA_PREFIX', '/home/ben/miniconda3/envs/ros2'), ('COLCON', '1'), ('VTE_VERSION', '6800'), ('CMAKE_PREFIX_PATH', '/opt/ros/humble')]), 'shell': False}
[0.083560] (limo_msgs) JobProgress: {'identifier': 'limo_msgs', 'progress': 'cmake'}
[0.086238] (limo_msgs) Command: {'cmd': ['/usr/bin/cmake', '/home/ben/KV6022_limo_ros2/src/limo_msgs', '-DAMENT_CMAKE_SYMLINK_INSTALL=1', '-DCMAKE_INSTALL_PREFIX=/home/ben/KV6022_limo_ros2/install/limo_msgs'], 'cwd': '/home/ben/KV6022_limo_ros2/build/limo_msgs', 'env': OrderedDict([('LESSOPEN', '| /usr/bin/lesspipe %s'), ('CONDA_PROMPT_MODIFIER', '(ros2)'), ('LANGUAGE', 'en_GB:en'), ('USER', 'ben'), ('XDG_SESSION_TYPE', 'wayland'), ('SHLVL', '1'), ('LD_LIBRARY_PATH', '/usr/lib/x86_64-linux-gnu/gazebo-11/plugins:/opt/ros/humble/opt/rviz_ogre_vendor/lib:/opt/ros/humble/lib/x86_64-linux-gnu:/opt/ros/humble/lib'), ('HOME', '/home/ben'), ('CONDA_SHLVL', '2'), ('OLDPWD', '/home/ben'), ('DESKTOP_SESSION', 'ubuntu'), ('ROS_PYTHON_VERSION', '3'), ('GNOME_SHELL_SESSION_MODE', 'ubuntu'), ('GTK_MODULES', 'gail:atk-bridge'), ('SYSTEMD_EXEC_PID', '1600'), ('DBUS_SESSION_BUS_ADDRESS', 'unix:path=/run/user/1000/bus'), ('COLORTERM', 'truecolor'), ('_CE_M', ''), ('_CONDA_ROOT', '/home/ben/miniconda3'), ('IM_CONFIG_PHASE', '1'), ('WAYLAND_DISPLAY', 'wayland-0'), ('ROS_DISTRO', 'humble'), ('LOGNAME', 'ben'), ('_', '/usr/bin/colcon'), ('ROS_VERSION', '2'), ('XDG_SESSION_CLASS', 'user'), ('USERNAME', 'ben'), ('TERM', 'xterm-256color'), ('GNOME_DESKTOP_SESSION_ID', 'this-is-deprecated'), ('_CE_CONDA', ''), ('ROS_LOCALHOST_ONLY', '0'), ('PATH', '/home/ben/miniconda3/envs/ros2/bin:/home/ben/miniconda3/condabin:/opt/ros/humble/bin:/usr/local/sbin:/usr/local/bin:/usr/sbin:/usr/bin:/sbin:/bin:/usr/games:/usr/local/games:/snap/bin:/snap/bin'), ('SESSION_MANAGER', 'local/ben-Virtual-Machine:@/tmp/.ICE-unix/1562,unix/ben-Virtual-Machine:/tmp/.ICE-unix/1562'), ('XDG_MENU_PREFIX', 'gnome-'), ('GNOME_TERMINAL_SCREEN', '/org/gnome/Terminal/screen/b49f6e32_157d_4a45_9dd8_b48a1e023859'), ('GNOME_SETUP_DISPLAY', ':1'), ('XDG_RUNTIME_DIR', '/run/user/1000'), ('DISPLAY', ':0'), ('LANG', 'en_US.UTF-8'), ('XDG_CURRENT_DESKTOP', 'ubuntu:GNOME'), ('CONDA_PREFIX_1', '/home/ben/miniconda3'), ('XMODIFIERS', '@im=ibus'), ('XDG_SESSION_DESKTOP', 'ubuntu'), ('XAUTHORITY', '/run/user/1000/.mutter-Xwaylandauth.MP6NV3'), ('LS_COLORS', 'rs=0:di=01;34:ln=01;36:mh=00:pi=40;33:so=01;35:do=01;35:bd=40;33;01:cd=40;33;01:or=40;31;01:mi=00:su=37;41:sg=30;43:ca=30;41:tw=30;42:ow=34;42:st=37;44:ex=01;32:*.tar=01;31:*.tgz=01;31:*.arc=01;31:*.arj=01;31:*.taz=01;31:*.lha=01;31:*.lz4=01;31:*.lzh=01;31:*.lzma=01;31:*.tlz=01;31:*.txz=01;31:*.tzo=01;31:*.t7z=01;31:*.zip=01;31:*.z=01;31:*.dz=01;31:*.gz=01;31:*.lrz=01;31:*.lz=01;31:*.lzo=01;31:*.xz=01;31:*.zst=01;31:*.tzst=01;31:*.bz2=01;31:*.bz=01;31:*.tbz=01;31:*.tbz2=01;31:*.tz=01;31:*.deb=01;31:*.rpm=01;31:*.jar=01;31:*.war=01;31:*.ear=01;31:*.sar=01;31:*.rar=01;31:*.alz=01;31:*.ace=01;31:*.zoo=01;31:*.cpio=01;31:*.7z=01;31:*.rz=01;31:*.cab=01;31:*.wim=01;31:*.swm=01;31:*.dwm=01;31:*.esd=01;31:*.jpg=01;35:*.jpeg=01;35:*.mjpg=01;35:*.mjpeg=01;35:*.gif=01;35:*.bmp=01;35:*.pbm=01;35:*.pgm=01;35:*.ppm=01;35:*.tga=01;35:*.xbm=01;35:*.xpm=01;35:*.tif=01;35:*.tiff=01;35:*.png=01;35:*.svg=01;35:*.svgz=01;35:*.mng=01;35:*.pcx=01;35:*.mov=01;35:*.mpg=01;35:*.mpeg=01;35:*.m2v=01;35:*.mkv=01;35:*.webm=01;35:*.webp=01;35:*.ogm=01;35:*.mp4=01;35:*.m4v=01;35:*.mp4v=01;35:*.vob=01;35:*.qt=01;35:*.nuv=01;35:*.wmv=01;35:*.asf=01;35:*.rm=01;35:*.rmvb=01;35:*.flc=01;35:*.avi=01;35:*.fli=01;35:*.flv=01;35:*.gl=01;35:*.dl=01;35:*.xcf=01;35:*.xwd=01;35:*.yuv=01;35:*.cgm=01;35:*.emf=01;35:*.ogv=01;35:*.ogx=01;35:*.aac=00;36:*.au=00;36:*.flac=00;36:*.m4a=00;36:*.mid=00;36:*.midi=00;36:*.mka=00;36:*.mp3=00;36:*.mpc=00;36:*.ogg=00;36:*.ra=00;36:*.wav=00;36:*.oga=00;36:*.opus=00;36:*.spx=00;36:*.xspf=00;36:'), ('GNOME_TERMINAL_SERVICE', ':1.786'), ('SSH_AGENT_LAUNCHER', 'gnome-keyring'), ('SSH_AUTH_SOCK', '/run/user/1000/keyring/ssh'), ('AMENT_PREFIX_PATH', '/opt/ros/humble'), ('CONDA_PYTHON_EXE', '/home/ben/miniconda3/bin/python'), ('SHELL', '/bin/bash'), ('QT_ACCESSIBILITY', '1'), ('GDMSESSION', 'ubuntu'), ('LESSCLOSE', '/usr/bin/lesspipe %s %s'), ('CONDA_DEFAULT_ENV', 'ros2'), ('_CONDA_EXE', '/home/ben/miniconda3/bin/conda'), ('QT_IM_MODULE', 'ibus'), ('PWD', '/home/ben/KV6022_limo_ros2/build/limo_msgs'), ('LC_ALL', 'en_US.UTF-8'), ('XDG_CONFIG_DIRS', '/etc/xdg/xdg-ubuntu:/etc/xdg'), ('CONDA_EXE', '/home/ben/miniconda3/bin/conda'), ('XDG_DATA_DIRS', '/usr/share/ubuntu:/usr/local/share/:/usr/share/:/var/lib/snapd/desktop'), ('PYTHONPATH', '/opt/ros/humble/lib/python3.10/site-packages:/opt/ros/humble/local/lib/python3.10/dist-packages'), ('CONDA_PREFIX', '/home/ben/miniconda3/envs/ros2'), ('COLCON', '1'), ('VTE_VERSION', '6800'), ('CMAKE_PREFIX_PATH', '/opt/ros/humble')]), 'shell': False}
[0.098284] (-) TimerEvent: {}
[0.198920] (-) TimerEvent: {}
[0.299950] (-) TimerEvent: {}
[0.401043] (-) TimerEvent: {}
[0.501836] (-) TimerEvent: {}
[0.602920] (-) TimerEvent: {}
[0.703554] (-) TimerEvent: {}
[0.805101] (-) TimerEvent: {}
[0.905637] (-) TimerEvent: {}
[1.007753] (-) TimerEvent: {}
[1.108913] (-) TimerEvent: {}
[1.209808] (-) TimerEvent: {}
[1.310403] (-) TimerEvent: {}
[1.411176] (-) TimerEvent: {}
[1.473319] (limo_description) StdoutLine: {'line': b'-- The C compiler identification is GNU 11.4.0\n'}
[1.474310] (limo_description) StdoutLine: {'line': b'-- The CXX compiler identification is GNU 11.4.0\n'}
[1.474479] (limo_description) StdoutLine: {'line': b'-- Detecting C compiler ABI info\n'}
[1.475054] (limo_description) StdoutLine: {'line': b'-- Detecting C compiler ABI info - done\n'}
[1.475277] (limo_description) StdoutLine: {'line': b'-- Check for working C compiler: /usr/bin/cc - skipped\n'}
[1.475889] (limo_description) StdoutLine: {'line': b'-- Detecting C compile features\n'}
[1.476238] (limo_description) StdoutLine: {'line': b'-- Detecting C compile features - done\n'}
[1.476502] (limo_description) StdoutLine: {'line': b'-- Detecting CXX compiler ABI info\n'}
[1.477268] (limo_description) StdoutLine: {'line': b'-- Detecting CXX compiler ABI info - done\n'}
[1.477606] (limo_description) StdoutLine: {'line': b'-- Check for working CXX compiler: /usr/bin/c++ - skipped\n'}
[1.478391] (limo_description) StdoutLine: {'line': b'-- Detecting CXX compile features\n'}
[1.479552] (limo_description) StdoutLine: {'line': b'-- Detecting CXX compile features - done\n'}
[1.480575] (limo_description) StdoutLine: {'line': b'-- Found ament_cmake: 1.3.14 (/opt/ros/humble/share/ament_cmake/cmake)\n'}
[1.480771] (limo_msgs) StdoutLine: {'line': b'-- The C compiler identification is GNU 11.4.0\n'}
[1.480933] (limo_msgs) StdoutLine: {'line': b'-- The CXX compiler identification is GNU 11.4.0\n'}
[1.481894] (limo_msgs) StdoutLine: {'line': b'-- Detecting C compiler ABI info\n'}
[1.482139] (limo_msgs) StdoutLine: {'line': b'-- Detecting C compiler ABI info - done\n'}
[1.482571] (limo_msgs) StdoutLine: {'line': b'-- Check for working C compiler: /usr/bin/cc - skipped\n'}
[1.482779] (limo_msgs) StdoutLine: {'line': b'-- Detecting C compile features\n'}
[1.482944] (limo_msgs) StdoutLine: {'line': b'-- Detecting C compile features - done\n'}
[1.483248] (limo_msgs) StdoutLine: {'line': b'-- Detecting CXX compiler ABI info\n'}
[1.485402] (limo_msgs) StdoutLine: {'line': b'-- Detecting CXX compiler ABI info - done\n'}
[1.485535] (limo_msgs) StdoutLine: {'line': b'-- Check for working CXX compiler: /usr/bin/c++ - skipped\n'}
[1.485658] (limo_msgs) StdoutLine: {'line': b'-- Detecting CXX compile features\n'}
[1.485968] (limo_msgs) StdoutLine: {'line': b'-- Detecting CXX compile features - done\n'}
[1.486090] (limo_msgs) StdoutLine: {'line': b'-- Found ament_cmake: 1.3.14 (/opt/ros/humble/share/ament_cmake/cmake)\n'}
[1.511825] (-) TimerEvent: {}
[1.612965] (-) TimerEvent: {}
[1.613560] (limo_msgs) StdoutLine: {'line': b'-- Found Python3: /home/ben/miniconda3/envs/ros2/bin/python3 (found version "3.10.20") found components: Interpreter \n'}
[1.617982] (limo_description) StdoutLine: {'line': b'-- Found Python3: /home/ben/miniconda3/envs/ros2/bin/python3 (found version "3.10.20") found components: Interpreter \n'}
[1.713575] (-) TimerEvent: {}
[1.731850] (limo_msgs) StdoutLine: {'line': b'-- Override CMake install command with custom implementation using symlinks instead of copying resources\n'}
[1.732304] (limo_description) StdoutLine: {'line': b'-- Override CMake install command with custom implementation using symlinks instead of copying resources\n'}
[1.814305] (-) TimerEvent: {}
[1.823465] (limo_msgs) StdoutLine: {'line': b'-- Found std_msgs: 4.9.2 (/opt/ros/humble/share/std_msgs/cmake)\n'}
[1.824007] (limo_description) StdoutLine: {'line': b'-- Found ament_lint_auto: 0.12.15 (/opt/ros/humble/share/ament_lint_auto/cmake)\n'}
[1.914615] (-) TimerEvent: {}
[1.926653] (limo_msgs) StdoutLine: {'line': b'-- Found rosidl_generator_c: 3.1.9 (/opt/ros/humble/share/rosidl_generator_c/cmake)\n'}
[1.942911] (limo_msgs) StdoutLine: {'line': b'-- Found rosidl_adapter: 3.1.9 (/opt/ros/humble/share/rosidl_adapter/cmake)\n'}
[1.973031] (limo_msgs) StdoutLine: {'line': b'-- Found rosidl_generator_cpp: 3.1.9 (/opt/ros/humble/share/rosidl_generator_cpp/cmake)\n'}
[2.015364] (-) TimerEvent: {}
[2.023348] (limo_msgs) StdoutLine: {'line': b'-- Using all available rosidl_typesupport_c: rosidl_typesupport_fastrtps_c;rosidl_typesupport_introspection_c\n'}
[2.045511] (limo_description) StdoutLine: {'line': b"-- Added test 'copyright' to check source files copyright and LICENSE\n"}
[2.070801] (limo_msgs) StdoutLine: {'line': b'-- Using all available rosidl_typesupport_cpp: rosidl_typesupport_fastrtps_cpp;rosidl_typesupport_introspection_cpp\n'}
[2.081334] (limo_description) StdoutLine: {'line': b"-- Added test 'flake8' to check Python code syntax and style conventions\n"}
[2.085260] (limo_description) StdoutLine: {'line': b"-- Added test 'lint_cmake' to check CMake code style\n"}
[2.090245] (limo_description) StdoutLine: {'line': b"-- Added test 'pep257' to check Python code against some of the docstring style conventions in PEP 257\n"}
[2.111147] (limo_description) StdoutLine: {'line': b"-- Added test 'xmllint' to check XML markup files\n"}
[2.115798] (-) TimerEvent: {}
[2.116288] (limo_description) StdoutLine: {'line': b'-- Configuring done\n'}
[2.128359] (limo_description) StdoutLine: {'line': b'-- Generating done\n'}
[2.133213] (limo_description) StdoutLine: {'line': b'-- Build files have been written to: /home/ben/KV6022_limo_ros2/build/limo_description\n'}
[2.143008] (limo_msgs) StdoutLine: {'line': b'-- Found rosidl_default_generators: 1.2.1 (/opt/ros/humble/share/rosidl_default_generators/cmake)\n'}
[2.151714] (limo_description) CommandEnded: {'returncode': 0}
[2.152901] (limo_description) JobProgress: {'identifier': 'limo_description', 'progress': 'build'}
[2.152956] (limo_description) Command: {'cmd': ['/usr/bin/cmake', '--build', '/home/ben/KV6022_limo_ros2/build/limo_description', '--', '-j8', '-l8'], 'cwd': '/home/ben/KV6022_limo_ros2/build/limo_description', 'env': OrderedDict([('LESSOPEN', '| /usr/bin/lesspipe %s'), ('CONDA_PROMPT_MODIFIER', '(ros2)'), ('LANGUAGE', 'en_GB:en'), ('USER', 'ben'), ('XDG_SESSION_TYPE', 'wayland'), ('SHLVL', '1'), ('LD_LIBRARY_PATH', '/usr/lib/x86_64-linux-gnu/gazebo-11/plugins:/opt/ros/humble/opt/rviz_ogre_vendor/lib:/opt/ros/humble/lib/x86_64-linux-gnu:/opt/ros/humble/lib'), ('HOME', '/home/ben'), ('CONDA_SHLVL', '2'), ('OLDPWD', '/home/ben'), ('DESKTOP_SESSION', 'ubuntu'), ('ROS_PYTHON_VERSION', '3'), ('GNOME_SHELL_SESSION_MODE', 'ubuntu'), ('GTK_MODULES', 'gail:atk-bridge'), ('SYSTEMD_EXEC_PID', '1600'), ('DBUS_SESSION_BUS_ADDRESS', 'unix:path=/run/user/1000/bus'), ('COLORTERM', 'truecolor'), ('_CE_M', ''), ('_CONDA_ROOT', '/home/ben/miniconda3'), ('IM_CONFIG_PHASE', '1'), ('WAYLAND_DISPLAY', 'wayland-0'), ('ROS_DISTRO', 'humble'), ('LOGNAME', 'ben'), ('_', '/usr/bin/colcon'), ('ROS_VERSION', '2'), ('XDG_SESSION_CLASS', 'user'), ('USERNAME', 'ben'), ('TERM', 'xterm-256color'), ('GNOME_DESKTOP_SESSION_ID', 'this-is-deprecated'), ('_CE_CONDA', ''), ('ROS_LOCALHOST_ONLY', '0'), ('PATH', '/home/ben/miniconda3/envs/ros2/bin:/home/ben/miniconda3/condabin:/opt/ros/humble/bin:/usr/local/sbin:/usr/local/bin:/usr/sbin:/usr/bin:/sbin:/bin:/usr/games:/usr/local/games:/snap/bin:/snap/bin'), ('SESSION_MANAGER', 'local/ben-Virtual-Machine:@/tmp/.ICE-unix/1562,unix/ben-Virtual-Machine:/tmp/.ICE-unix/1562'), ('XDG_MENU_PREFIX', 'gnome-'), ('GNOME_TERMINAL_SCREEN', '/org/gnome/Terminal/screen/b49f6e32_157d_4a45_9dd8_b48a1e023859'), ('GNOME_SETUP_DISPLAY', ':1'), ('XDG_RUNTIME_DIR', '/run/user/1000'), ('DISPLAY', ':0'), ('LANG', 'en_US.UTF-8'), ('XDG_CURRENT_DESKTOP', 'ubuntu:GNOME'), ('CONDA_PREFIX_1', '/home/ben/miniconda3'), ('XMODIFIERS', '@im=ibus'), ('XDG_SESSION_DESKTOP', 'ubuntu'), ('XAUTHORITY', '/run/user/1000/.mutter-Xwaylandauth.MP6NV3'), ('LS_COLORS', 'rs=0:di=01;34:ln=01;36:mh=00:pi=40;33:so=01;35:do=01;35:bd=40;33;01:cd=40;33;01:or=40;31;01:mi=00:su=37;41:sg=30;43:ca=30;41:tw=30;42:ow=34;42:st=37;44:ex=01;32:*.tar=01;31:*.tgz=01;31:*.arc=01;31:*.arj=01;31:*.taz=01;31:*.lha=01;31:*.lz4=01;31:*.lzh=01;31:*.lzma=01;31:*.tlz=01;31:*.txz=01;31:*.tzo=01;31:*.t7z=01;31:*.zip=01;31:*.z=01;31:*.dz=01;31:*.gz=01;31:*.lrz=01;31:*.lz=01;31:*.lzo=01;31:*.xz=01;31:*.zst=01;31:*.tzst=01;31:*.bz2=01;31:*.bz=01;31:*.tbz=01;31:*.tbz2=01;31:*.tz=01;31:*.deb=01;31:*.rpm=01;31:*.jar=01;31:*.war=01;31:*.ear=01;31:*.sar=01;31:*.rar=01;31:*.alz=01;31:*.ace=01;31:*.zoo=01;31:*.cpio=01;31:*.7z=01;31:*.rz=01;31:*.cab=01;31:*.wim=01;31:*.swm=01;31:*.dwm=01;31:*.esd=01;31:*.jpg=01;35:*.jpeg=01;35:*.mjpg=01;35:*.mjpeg=01;35:*.gif=01;35:*.bmp=01;35:*.pbm=01;35:*.pgm=01;35:*.ppm=01;35:*.tga=01;35:*.xbm=01;35:*.xpm=01;35:*.tif=01;35:*.tiff=01;35:*.png=01;35:*.svg=01;35:*.svgz=01;35:*.mng=01;35:*.pcx=01;35:*.mov=01;35:*.mpg=01;35:*.mpeg=01;35:*.m2v=01;35:*.mkv=01;35:*.webm=01;35:*.webp=01;35:*.ogm=01;35:*.mp4=01;35:*.m4v=01;35:*.mp4v=01;35:*.vob=01;35:*.qt=01;35:*.nuv=01;35:*.wmv=01;35:*.asf=01;35:*.rm=01;35:*.rmvb=01;35:*.flc=01;35:*.avi=01;35:*.fli=01;35:*.flv=01;35:*.gl=01;35:*.dl=01;35:*.xcf=01;35:*.xwd=01;35:*.yuv=01;35:*.cgm=01;35:*.emf=01;35:*.ogv=01;35:*.ogx=01;35:*.aac=00;36:*.au=00;36:*.flac=00;36:*.m4a=00;36:*.mid=00;36:*.midi=00;36:*.mka=00;36:*.mp3=00;36:*.mpc=00;36:*.ogg=00;36:*.ra=00;36:*.wav=00;36:*.oga=00;36:*.opus=00;36:*.spx=00;36:*.xspf=00;36:'), ('GNOME_TERMINAL_SERVICE', ':1.786'), ('SSH_AGENT_LAUNCHER', 'gnome-keyring'), ('SSH_AUTH_SOCK', '/run/user/1000/keyring/ssh'), ('AMENT_PREFIX_PATH', '/opt/ros/humble'), ('CONDA_PYTHON_EXE', '/home/ben/miniconda3/bin/python'), ('SHELL', '/bin/bash'), ('QT_ACCESSIBILITY', '1'), ('GDMSESSION', 'ubuntu'), ('LESSCLOSE', '/usr/bin/lesspipe %s %s'), ('CONDA_DEFAULT_ENV', 'ros2'), ('_CONDA_EXE', '/home/ben/miniconda3/bin/conda'), ('QT_IM_MODULE', 'ibus'), ('PWD', '/home/ben/KV6022_limo_ros2/build/limo_description'), ('LC_ALL', 'en_US.UTF-8'), ('XDG_CONFIG_DIRS', '/etc/xdg/xdg-ubuntu:/etc/xdg'), ('CONDA_EXE', '/home/ben/miniconda3/bin/conda'), ('XDG_DATA_DIRS', '/usr/share/ubuntu:/usr/local/share/:/usr/share/:/var/lib/snapd/desktop'), ('PYTHONPATH', '/opt/ros/humble/lib/python3.10/site-packages:/opt/ros/humble/local/lib/python3.10/dist-packages'), ('CONDA_PREFIX', '/home/ben/miniconda3/envs/ros2'), ('COLCON', '1'), ('VTE_VERSION', '6800'), ('CMAKE_PREFIX_PATH', '/opt/ros/humble')]), 'shell': False}
[2.216102] (-) TimerEvent: {}
[2.300121] (limo_description) CommandEnded: {'returncode': 0}
[2.303058] (limo_description) JobProgress: {'identifier': 'limo_description', 'progress': 'install'}
[2.316438] (-) TimerEvent: {}
[2.332301] (limo_description) Command: {'cmd': ['/usr/bin/cmake', '--install', '/home/ben/KV6022_limo_ros2/build/limo_description'], 'cwd': '/home/ben/KV6022_limo_ros2/build/limo_description', 'env': OrderedDict([('LESSOPEN', '| /usr/bin/lesspipe %s'), ('CONDA_PROMPT_MODIFIER', '(ros2)'), ('LANGUAGE', 'en_GB:en'), ('USER', 'ben'), ('XDG_SESSION_TYPE', 'wayland'), ('SHLVL', '1'), ('LD_LIBRARY_PATH', '/usr/lib/x86_64-linux-gnu/gazebo-11/plugins:/opt/ros/humble/opt/rviz_ogre_vendor/lib:/opt/ros/humble/lib/x86_64-linux-gnu:/opt/ros/humble/lib'), ('HOME', '/home/ben'), ('CONDA_SHLVL', '2'), ('OLDPWD', '/home/ben'), ('DESKTOP_SESSION', 'ubuntu'), ('ROS_PYTHON_VERSION', '3'), ('GNOME_SHELL_SESSION_MODE', 'ubuntu'), ('GTK_MODULES', 'gail:atk-bridge'), ('SYSTEMD_EXEC_PID', '1600'), ('DBUS_SESSION_BUS_ADDRESS', 'unix:path=/run/user/1000/bus'), ('COLORTERM', 'truecolor'), ('_CE_M', ''), ('_CONDA_ROOT', '/home/ben/miniconda3'), ('IM_CONFIG_PHASE', '1'), ('WAYLAND_DISPLAY', 'wayland-0'), ('ROS_DISTRO', 'humble'), ('LOGNAME', 'ben'), ('_', '/usr/bin/colcon'), ('ROS_VERSION', '2'), ('XDG_SESSION_CLASS', 'user'), ('USERNAME', 'ben'), ('TERM', 'xterm-256color'), ('GNOME_DESKTOP_SESSION_ID', 'this-is-deprecated'), ('_CE_CONDA', ''), ('ROS_LOCALHOST_ONLY', '0'), ('PATH', '/home/ben/miniconda3/envs/ros2/bin:/home/ben/miniconda3/condabin:/opt/ros/humble/bin:/usr/local/sbin:/usr/local/bin:/usr/sbin:/usr/bin:/sbin:/bin:/usr/games:/usr/local/games:/snap/bin:/snap/bin'), ('SESSION_MANAGER', 'local/ben-Virtual-Machine:@/tmp/.ICE-unix/1562,unix/ben-Virtual-Machine:/tmp/.ICE-unix/1562'), ('XDG_MENU_PREFIX', 'gnome-'), ('GNOME_TERMINAL_SCREEN', '/org/gnome/Terminal/screen/b49f6e32_157d_4a45_9dd8_b48a1e023859'), ('GNOME_SETUP_DISPLAY', ':1'), ('XDG_RUNTIME_DIR', '/run/user/1000'), ('DISPLAY', ':0'), ('LANG', 'en_US.UTF-8'), ('XDG_CURRENT_DESKTOP', 'ubuntu:GNOME'), ('CONDA_PREFIX_1', '/home/ben/miniconda3'), ('XMODIFIERS', '@im=ibus'), ('XDG_SESSION_DESKTOP', 'ubuntu'), ('XAUTHORITY', '/run/user/1000/.mutter-Xwaylandauth.MP6NV3'), ('LS_COLORS', 'rs=0:di=01;34:ln=01;36:mh=00:pi=40;33:so=01;35:do=01;35:bd=40;33;01:cd=40;33;01:or=40;31;01:mi=00:su=37;41:sg=30;43:ca=30;41:tw=30;42:ow=34;42:st=37;44:ex=01;32:*.tar=01;31:*.tgz=01;31:*.arc=01;31:*.arj=01;31:*.taz=01;31:*.lha=01;31:*.lz4=01;31:*.lzh=01;31:*.lzma=01;31:*.tlz=01;31:*.txz=01;31:*.tzo=01;31:*.t7z=01;31:*.zip=01;31:*.z=01;31:*.dz=01;31:*.gz=01;31:*.lrz=01;31:*.lz=01;31:*.lzo=01;31:*.xz=01;31:*.zst=01;31:*.tzst=01;31:*.bz2=01;31:*.bz=01;31:*.tbz=01;31:*.tbz2=01;31:*.tz=01;31:*.deb=01;31:*.rpm=01;31:*.jar=01;31:*.war=01;31:*.ear=01;31:*.sar=01;31:*.rar=01;31:*.alz=01;31:*.ace=01;31:*.zoo=01;31:*.cpio=01;31:*.7z=01;31:*.rz=01;31:*.cab=01;31:*.wim=01;31:*.swm=01;31:*.dwm=01;31:*.esd=01;31:*.jpg=01;35:*.jpeg=01;35:*.mjpg=01;35:*.mjpeg=01;35:*.gif=01;35:*.bmp=01;35:*.pbm=01;35:*.pgm=01;35:*.ppm=01;35:*.tga=01;35:*.xbm=01;35:*.xpm=01;35:*.tif=01;35:*.tiff=01;35:*.png=01;35:*.svg=01;35:*.svgz=01;35:*.mng=01;35:*.pcx=01;35:*.mov=01;35:*.mpg=01;35:*.mpeg=01;35:*.m2v=01;35:*.mkv=01;35:*.webm=01;35:*.webp=01;35:*.ogm=01;35:*.mp4=01;35:*.m4v=01;35:*.mp4v=01;35:*.vob=01;35:*.qt=01;35:*.nuv=01;35:*.wmv=01;35:*.asf=01;35:*.rm=01;35:*.rmvb=01;35:*.flc=01;35:*.avi=01;35:*.fli=01;35:*.flv=01;35:*.gl=01;35:*.dl=01;35:*.xcf=01;35:*.xwd=01;35:*.yuv=01;35:*.cgm=01;35:*.emf=01;35:*.ogv=01;35:*.ogx=01;35:*.aac=00;36:*.au=00;36:*.flac=00;36:*.m4a=00;36:*.mid=00;36:*.midi=00;36:*.mka=00;36:*.mp3=00;36:*.mpc=00;36:*.ogg=00;36:*.ra=00;36:*.wav=00;36:*.oga=00;36:*.opus=00;36:*.spx=00;36:*.xspf=00;36:'), ('GNOME_TERMINAL_SERVICE', ':1.786'), ('SSH_AGENT_LAUNCHER', 'gnome-keyring'), ('SSH_AUTH_SOCK', '/run/user/1000/keyring/ssh'), ('AMENT_PREFIX_PATH', '/opt/ros/humble'), ('CONDA_PYTHON_EXE', '/home/ben/miniconda3/bin/python'), ('SHELL', '/bin/bash'), ('QT_ACCESSIBILITY', '1'), ('GDMSESSION', 'ubuntu'), ('LESSCLOSE', '/usr/bin/lesspipe %s %s'), ('CONDA_DEFAULT_ENV', 'ros2'), ('_CONDA_EXE', '/home/ben/miniconda3/bin/conda'), ('QT_IM_MODULE', 'ibus'), ('PWD', '/home/ben/KV6022_limo_ros2/build/limo_description'), ('LC_ALL', 'en_US.UTF-8'), ('XDG_CONFIG_DIRS', '/etc/xdg/xdg-ubuntu:/etc/xdg'), ('CONDA_EXE', '/home/ben/miniconda3/bin/conda'), ('XDG_DATA_DIRS', '/usr/share/ubuntu:/usr/local/share/:/usr/share/:/var/lib/snapd/desktop'), ('PYTHONPATH', '/opt/ros/humble/lib/python3.10/site-packages:/opt/ros/humble/local/lib/python3.10/dist-packages'), ('CONDA_PREFIX', '/home/ben/miniconda3/envs/ros2'), ('COLCON', '1'), ('VTE_VERSION', '6800'), ('CMAKE_PREFIX_PATH', '/opt/ros/humble')]), 'shell': False}
[2.363898] (limo_description) StdoutLine: {'line': b'-- Install configuration: ""\n'}
[2.365370] (limo_description) StdoutLine: {'line': b'-- Execute custom install script\n'}
[2.366853] (limo_description) StdoutLine: {'line': b'-- Symlinking: /home/ben/KV6022_limo_ros2/install/limo_description/share/limo_description/launch/display_models_diff.launch.py\n'}
[2.399486] (limo_description) StdoutLine: {'line': b'-- Symlinking: /home/ben/KV6022_limo_ros2/install/limo_description/share/limo_description/rviz/model_display.rviz\n'}
[2.416878] (-) TimerEvent: {}
[2.428514] (limo_description) StdoutLine: {'line': b'-- Symlinking: /home/ben/KV6022_limo_ros2/install/limo_description/share/limo_description/rviz/model_sensors_real.rviz\n'}
[2.462136] (limo_description) StdoutLine: {'line': b'-- Symlinking: /home/ben/KV6022_limo_ros2/install/limo_description/share/limo_description/rviz/urdf.rviz\n'}
[2.488763] (limo_description) StdoutLine: {'line': b'-- Symlinking: /home/ben/KV6022_limo_ros2/install/limo_description/share/limo_description/meshes/arrow_texture.png\n'}
[2.517189] (-) TimerEvent: {}
[2.519382] (limo_description) StdoutLine: {'line': b'-- Symlinking: /home/ben/KV6022_limo_ros2/install/limo_description/share/limo_description/meshes/face.png\n'}
[2.548315] (limo_description) StdoutLine: {'line': b'-- Symlinking: /home/ben/KV6022_limo_ros2/install/limo_description/share/limo_description/meshes/lcd_screen_texture.png\n'}
[2.578388] (limo_description) StdoutLine: {'line': b'-- Symlinking: /home/ben/KV6022_limo_ros2/install/limo_description/share/limo_description/meshes/limo_base.dae\n'}
[2.607889] (limo_description) StdoutLine: {'line': b'-- Symlinking: /home/ben/KV6022_limo_ros2/install/limo_description/share/limo_description/meshes/limo_base.stl\n'}
[2.617496] (-) TimerEvent: {}
[2.636485] (limo_description) StdoutLine: {'line': b'-- Symlinking: /home/ben/KV6022_limo_ros2/install/limo_description/share/limo_description/meshes/limo_base_lite.dae\n'}
[2.667078] (limo_description) StdoutLine: {'line': b'-- Symlinking: /home/ben/KV6022_limo_ros2/install/limo_description/share/limo_description/meshes/limo_optimal.dae\n'}
[2.696940] (limo_description) StdoutLine: {'line': b'-- Symlinking: /home/ben/KV6022_limo_ros2/install/limo_description/share/limo_description/meshes/limo_optimal_wheels.dae\n'}
[2.717941] (-) TimerEvent: {}
[2.718562] (limo_msgs) StdoutLine: {'line': b'-- Found ament_cmake_ros: 0.10.0 (/opt/ros/humble/share/ament_cmake_ros/cmake)\n'}
[2.724231] (limo_description) StdoutLine: {'line': b'-- Symlinking: /home/ben/KV6022_limo_ros2/install/limo_description/share/limo_description/meshes/limo_texture.png\n'}
[2.753187] (limo_description) StdoutLine: {'line': b'-- Symlinking: /home/ben/KV6022_limo_ros2/install/limo_description/share/limo_description/meshes/limo_wheel.dae\n'}
[2.783669] (limo_description) StdoutLine: {'line': b'-- Symlinking: /home/ben/KV6022_limo_ros2/install/limo_description/share/limo_description/meshes/limo_wheel.stl\n'}
[2.813596] (limo_description) StdoutLine: {'line': b'-- Symlinking: /home/ben/KV6022_limo_ros2/install/limo_description/share/limo_description/meshes/limo_wheel_lite.dae\n'}
[2.818304] (-) TimerEvent: {}
[2.843480] (limo_description) StdoutLine: {'line': b'-- Symlinking: /home/ben/KV6022_limo_ros2/install/limo_description/share/limo_description/meshes/mec_wheel_front_left.dae\n'}
[2.873232] (limo_description) StdoutLine: {'line': b'-- Symlinking: /home/ben/KV6022_limo_ros2/install/limo_description/share/limo_description/meshes/mec_wheel_front_right.dae\n'}
[2.905756] (limo_description) StdoutLine: {'line': b'-- Symlinking: /home/ben/KV6022_limo_ros2/install/limo_description/share/limo_description/meshes/rotw2_rviz.png\n'}
[2.918620] (-) TimerEvent: {}
[2.935324] (limo_description) StdoutLine: {'line': b'-- Symlinking: /home/ben/KV6022_limo_ros2/install/limo_description/share/limo_description/meshes/sidescreentexture.png\n'}
[2.973183] (limo_description) StdoutLine: {'line': b'-- Symlinking: /home/ben/KV6022_limo_ros2/install/limo_description/share/limo_description/meshes/steering.dae\n'}
[2.998760] (limo_description) StdoutLine: {'line': b'-- Symlinking: /home/ben/KV6022_limo_ros2/install/limo_description/share/limo_description/meshes/steering_texture.png\n'}
[3.019158] (-) TimerEvent: {}
[3.032316] (limo_description) StdoutLine: {'line': b'-- Symlinking: /home/ben/KV6022_limo_ros2/install/limo_description/share/limo_description/urdf/limo_ackerman/limo_ackerman.gazebo\n'}
[3.063831] (limo_description) StdoutLine: {'line': b'-- Symlinking: /home/ben/KV6022_limo_ros2/install/limo_description/share/limo_description/urdf/limo_ackerman/limo_ackerman.xacro\n'}
[3.093644] (limo_description) StdoutLine: {'line': b'-- Symlinking: /home/ben/KV6022_limo_ros2/install/limo_description/share/limo_description/urdf/limo_diff/limo_diff.gazebo\n'}
[3.125952] (limo_description) StdoutLine: {'line': b'-- Symlinking: /home/ben/KV6022_limo_ros2/install/limo_description/share/limo_description/urdf/limo_diff/limo_diff.xacro\n'}
[3.126192] (-) TimerEvent: {}
[3.153765] (limo_description) StdoutLine: {'line': b'-- Symlinking: /home/ben/KV6022_limo_ros2/install/limo_description/share/limo_description/urdf/limo_gazebo.xacro\n'}
[3.182251] (limo_description) StdoutLine: {'line': b'-- Symlinking: /home/ben/KV6022_limo_ros2/install/limo_description/share/limo_description/urdf/limo_mecanum/backup previous/limo_gazebo.gazebo\n'}
[3.211586] (limo_description) StdoutLine: {'line': b'-- Symlinking: /home/ben/KV6022_limo_ros2/install/limo_description/share/limo_description/urdf/limo_mecanum/backup previous/limo_mecanum.xacro\n'}
[3.226829] (-) TimerEvent: {}
[3.244158] (limo_description) StdoutLine: {'line': b'-- Symlinking: /home/ben/KV6022_limo_ros2/install/limo_description/share/limo_description/urdf/limo_mecanum/backup previous/limo_mecanum_with_arm.xacro\n'}
[3.273983] (limo_description) StdoutLine: {'line': b'-- Symlinking: /home/ben/KV6022_limo_ros2/install/limo_description/share/limo_description/urdf/limo_mecanum/backup previous/limo_s2.gazebo\n'}
[3.302289] (limo_description) StdoutLine: {'line': b'-- Symlinking: /home/ben/KV6022_limo_ros2/install/limo_description/share/limo_description/urdf/limo_mecanum/backup previous/limo_xacro.xacro\n'}
[3.327130] (-) TimerEvent: {}
[3.329557] (limo_description) StdoutLine: {'line': b'-- Symlinking: /home/ben/KV6022_limo_ros2/install/limo_description/share/limo_description/urdf/limo_mecanum/limo_mecanum.gazebo\n'}
[3.358822] (limo_description) StdoutLine: {'line': b'-- Symlinking: /home/ben/KV6022_limo_ros2/install/limo_description/share/limo_description/urdf/limo_mecanum/limo_mecanum.xacro\n'}
[3.390658] (limo_description) StdoutLine: {'line': b'-- Symlinking: /home/ben/KV6022_limo_ros2/install/limo_description/share/limo_description/urdf/limo_properties.xacro\n'}
[3.409726] (example_codes) Command: {'cmd': ['/usr/bin/python3', '-W', 'ignore:setup.py install is deprecated', '-W', 'ignore:easy_install command is deprecated', 'setup.py', 'develop', '--editable', '--build-directory', '/home/ben/KV6022_limo_ros2/build/example_codes/build', '--no-deps', 'symlink_data'], 'cwd': '/home/ben/KV6022_limo_ros2/build/example_codes', 'env': {'LESSOPEN': '| /usr/bin/lesspipe %s', 'CONDA_PROMPT_MODIFIER': '(ros2)', 'LANGUAGE': 'en_GB:en', 'USER': 'ben', 'XDG_SESSION_TYPE': 'wayland', 'SHLVL': '1', 'LD_LIBRARY_PATH': '/usr/lib/x86_64-linux-gnu/gazebo-11/plugins:/opt/ros/humble/opt/rviz_ogre_vendor/lib:/opt/ros/humble/lib/x86_64-linux-gnu:/opt/ros/humble/lib', 'HOME': '/home/ben', 'CONDA_SHLVL': '2', 'OLDPWD': '/home/ben', 'DESKTOP_SESSION': 'ubuntu', 'ROS_PYTHON_VERSION': '3', 'GNOME_SHELL_SESSION_MODE': 'ubuntu', 'GTK_MODULES': 'gail:atk-bridge', 'SYSTEMD_EXEC_PID': '1600', 'DBUS_SESSION_BUS_ADDRESS': 'unix:path=/run/user/1000/bus', 'COLORTERM': 'truecolor', '_CE_M': '', '_CONDA_ROOT': '/home/ben/miniconda3', 'IM_CONFIG_PHASE': '1', 'WAYLAND_DISPLAY': 'wayland-0', 'ROS_DISTRO': 'humble', 'LOGNAME': 'ben', '_': '/usr/bin/colcon', 'ROS_VERSION': '2', 'XDG_SESSION_CLASS': 'user', 'USERNAME': 'ben', 'TERM': 'xterm-256color', 'GNOME_DESKTOP_SESSION_ID': 'this-is-deprecated', '_CE_CONDA': '', 'ROS_LOCALHOST_ONLY': '0', 'PATH': '/home/ben/miniconda3/envs/ros2/bin:/home/ben/miniconda3/condabin:/opt/ros/humble/bin:/usr/local/sbin:/usr/local/bin:/usr/sbin:/usr/bin:/sbin:/bin:/usr/games:/usr/local/games:/snap/bin:/snap/bin', 'SESSION_MANAGER': 'local/ben-Virtual-Machine:@/tmp/.ICE-unix/1562,unix/ben-Virtual-Machine:/tmp/.ICE-unix/1562', 'XDG_MENU_PREFIX': 'gnome-', 'GNOME_TERMINAL_SCREEN': '/org/gnome/Terminal/screen/b49f6e32_157d_4a45_9dd8_b48a1e023859', 'GNOME_SETUP_DISPLAY': ':1', 'XDG_RUNTIME_DIR': '/run/user/1000', 'DISPLAY': ':0', 'LANG': 'en_US.UTF-8', 'XDG_CURRENT_DESKTOP': 'ubuntu:GNOME', 'CONDA_PREFIX_1': '/home/ben/miniconda3', 'XMODIFIERS': '@im=ibus', 'XDG_SESSION_DESKTOP': 'ubuntu', 'XAUTHORITY': '/run/user/1000/.mutter-Xwaylandauth.MP6NV3', 'LS_COLORS': 'rs=0:di=01;34:ln=01;36:mh=00:pi=40;33:so=01;35:do=01;35:bd=40;33;01:cd=40;33;01:or=40;31;01:mi=00:su=37;41:sg=30;43:ca=30;41:tw=30;42:ow=34;42:st=37;44:ex=01;32:*.tar=01;31:*.tgz=01;31:*.arc=01;31:*.arj=01;31:*.taz=01;31:*.lha=01;31:*.lz4=01;31:*.lzh=01;31:*.lzma=01;31:*.tlz=01;31:*.txz=01;31:*.tzo=01;31:*.t7z=01;31:*.zip=01;31:*.z=01;31:*.dz=01;31:*.gz=01;31:*.lrz=01;31:*.lz=01;31:*.lzo=01;31:*.xz=01;31:*.zst=01;31:*.tzst=01;31:*.bz2=01;31:*.bz=01;31:*.tbz=01;31:*.tbz2=01;31:*.tz=01;31:*.deb=01;31:*.rpm=01;31:*.jar=01;31:*.war=01;31:*.ear=01;31:*.sar=01;31:*.rar=01;31:*.alz=01;31:*.ace=01;31:*.zoo=01;31:*.cpio=01;31:*.7z=01;31:*.rz=01;31:*.cab=01;31:*.wim=01;31:*.swm=01;31:*.dwm=01;31:*.esd=01;31:*.jpg=01;35:*.jpeg=01;35:*.mjpg=01;35:*.mjpeg=01;35:*.gif=01;35:*.bmp=01;35:*.pbm=01;35:*.pgm=01;35:*.ppm=01;35:*.tga=01;35:*.xbm=01;35:*.xpm=01;35:*.tif=01;35:*.tiff=01;35:*.png=01;35:*.svg=01;35:*.svgz=01;35:*.mng=01;35:*.pcx=01;35:*.mov=01;35:*.mpg=01;35:*.mpeg=01;35:*.m2v=01;35:*.mkv=01;35:*.webm=01;35:*.webp=01;35:*.ogm=01;35:*.mp4=01;35:*.m4v=01;35:*.mp4v=01;35:*.vob=01;35:*.qt=01;35:*.nuv=01;35:*.wmv=01;35:*.asf=01;35:*.rm=01;35:*.rmvb=01;35:*.flc=01;35:*.avi=01;35:*.fli=01;35:*.flv=01;35:*.gl=01;35:*.dl=01;35:*.xcf=01;35:*.xwd=01;35:*.yuv=01;35:*.cgm=01;35:*.emf=01;35:*.ogv=01;35:*.ogx=01;35:*.aac=00;36:*.au=00;36:*.flac=00;36:*.m4a=00;36:*.mid=00;36:*.midi=00;36:*.mka=00;36:*.mp3=00;36:*.mpc=00;36:*.ogg=00;36:*.ra=00;36:*.wav=00;36:*.oga=00;36:*.opus=00;36:*.spx=00;36:*.xspf=00;36:', 'GNOME_TERMINAL_SERVICE': ':1.786', 'SSH_AGENT_LAUNCHER': 'gnome-keyring', 'SSH_AUTH_SOCK': '/run/user/1000/keyring/ssh', 'AMENT_PREFIX_PATH': '/opt/ros/humble', 'CONDA_PYTHON_EXE': '/home/ben/miniconda3/bin/python', 'SHELL': '/bin/bash', 'QT_ACCESSIBILITY': '1', 'GDMSESSION': 'ubuntu', 'LESSCLOSE': '/usr/bin/lesspipe %s %s', 'CONDA_DEFAULT_ENV': 'ros2', '_CONDA_EXE': '/home/ben/miniconda3/bin/conda', 'QT_IM_MODULE': 'ibus', 'PWD': '/home/ben/KV6022_limo_ros2/build/example_codes', 'LC_ALL': 'en_US.UTF-8', 'XDG_CONFIG_DIRS': '/etc/xdg/xdg-ubuntu:/etc/xdg', 'CONDA_EXE': '/home/ben/miniconda3/bin/conda', 'XDG_DATA_DIRS': '/usr/share/ubuntu:/usr/local/share/:/usr/share/:/var/lib/snapd/desktop', 'PYTHONPATH': '/home/ben/KV6022_limo_ros2/build/example_codes/prefix_override:/usr/lib/python3/dist-packages/colcon_core/task/python/colcon_distutils_commands:/home/ben/KV6022_limo_ros2/install/example_codes/lib/python3.10/site-packages:/opt/ros/humble/lib/python3.10/site-packages:/opt/ros/humble/local/lib/python3.10/dist-packages', 'CONDA_PREFIX': '/home/ben/miniconda3/envs/ros2', 'COLCON': '1', 'VTE_VERSION': '6800'}, 'shell': False}
[3.418012] (trajectory_referee) Command: {'cmd': ['/usr/bin/python3', '-W', 'ignore:setup.py install is deprecated', '-W', 'ignore:easy_install command is deprecated', 'setup.py', 'develop', '--editable', '--build-directory', '/home/ben/KV6022_limo_ros2/build/trajectory_referee/build', '--no-deps', 'symlink_data'], 'cwd': '/home/ben/KV6022_limo_ros2/build/trajectory_referee', 'env': {'LESSOPEN': '| /usr/bin/lesspipe %s', 'CONDA_PROMPT_MODIFIER': '(ros2)', 'LANGUAGE': 'en_GB:en', 'USER': 'ben', 'XDG_SESSION_TYPE': 'wayland', 'SHLVL': '1', 'LD_LIBRARY_PATH': '/usr/lib/x86_64-linux-gnu/gazebo-11/plugins:/opt/ros/humble/opt/rviz_ogre_vendor/lib:/opt/ros/humble/lib/x86_64-linux-gnu:/opt/ros/humble/lib', 'HOME': '/home/ben', 'CONDA_SHLVL': '2', 'OLDPWD': '/home/ben', 'DESKTOP_SESSION': 'ubuntu', 'ROS_PYTHON_VERSION': '3', 'GNOME_SHELL_SESSION_MODE': 'ubuntu', 'GTK_MODULES': 'gail:atk-bridge', 'SYSTEMD_EXEC_PID': '1600', 'DBUS_SESSION_BUS_ADDRESS': 'unix:path=/run/user/1000/bus', 'COLORTERM': 'truecolor', '_CE_M': '', '_CONDA_ROOT': '/home/ben/miniconda3', 'IM_CONFIG_PHASE': '1', 'WAYLAND_DISPLAY': 'wayland-0', 'ROS_DISTRO': 'humble', 'LOGNAME': 'ben', '_': '/usr/bin/colcon', 'ROS_VERSION': '2', 'XDG_SESSION_CLASS': 'user', 'USERNAME': 'ben', 'TERM': 'xterm-256color', 'GNOME_DESKTOP_SESSION_ID': 'this-is-deprecated', '_CE_CONDA': '', 'ROS_LOCALHOST_ONLY': '0', 'PATH': '/home/ben/miniconda3/envs/ros2/bin:/home/ben/miniconda3/condabin:/opt/ros/humble/bin:/usr/local/sbin:/usr/local/bin:/usr/sbin:/usr/bin:/sbin:/bin:/usr/games:/usr/local/games:/snap/bin:/snap/bin', 'SESSION_MANAGER': 'local/ben-Virtual-Machine:@/tmp/.ICE-unix/1562,unix/ben-Virtual-Machine:/tmp/.ICE-unix/1562', 'XDG_MENU_PREFIX': 'gnome-', 'GNOME_TERMINAL_SCREEN': '/org/gnome/Terminal/screen/b49f6e32_157d_4a45_9dd8_b48a1e023859', 'GNOME_SETUP_DISPLAY': ':1', 'XDG_RUNTIME_DIR': '/run/user/1000', 'DISPLAY': ':0', 'LANG': 'en_US.UTF-8', 'XDG_CURRENT_DESKTOP': 'ubuntu:GNOME', 'CONDA_PREFIX_1': '/home/ben/miniconda3', 'XMODIFIERS': '@im=ibus', 'XDG_SESSION_DESKTOP': 'ubuntu', 'XAUTHORITY': '/run/user/1000/.mutter-Xwaylandauth.MP6NV3', 'LS_COLORS': 'rs=0:di=01;34:ln=01;36:mh=00:pi=40;33:so=01;35:do=01;35:bd=40;33;01:cd=40;33;01:or=40;31;01:mi=00:su=37;41:sg=30;43:ca=30;41:tw=30;42:ow=34;42:st=37;44:ex=01;32:*.tar=01;31:*.tgz=01;31:*.arc=01;31:*.arj=01;31:*.taz=01;31:*.lha=01;31:*.lz4=01;31:*.lzh=01;31:*.lzma=01;31:*.tlz=01;31:*.txz=01;31:*.tzo=01;31:*.t7z=01;31:*.zip=01;31:*.z=01;31:*.dz=01;31:*.gz=01;31:*.lrz=01;31:*.lz=01;31:*.lzo=01;31:*.xz=01;31:*.zst=01;31:*.tzst=01;31:*.bz2=01;31:*.bz=01;31:*.tbz=01;31:*.tbz2=01;31:*.tz=01;31:*.deb=01;31:*.rpm=01;31:*.jar=01;31:*.war=01;31:*.ear=01;31:*.sar=01;31:*.rar=01;31:*.alz=01;31:*.ace=01;31:*.zoo=01;31:*.cpio=01;31:*.7z=01;31:*.rz=01;31:*.cab=01;31:*.wim=01;31:*.swm=01;31:*.dwm=01;31:*.esd=01;31:*.jpg=01;35:*.jpeg=01;35:*.mjpg=01;35:*.mjpeg=01;35:*.gif=01;35:*.bmp=01;35:*.pbm=01;35:*.pgm=01;35:*.ppm=01;35:*.tga=01;35:*.xbm=01;35:*.xpm=01;35:*.tif=01;35:*.tiff=01;35:*.png=01;35:*.svg=01;35:*.svgz=01;35:*.mng=01;35:*.pcx=01;35:*.mov=01;35:*.mpg=01;35:*.mpeg=01;35:*.m2v=01;35:*.mkv=01;35:*.webm=01;35:*.webp=01;35:*.ogm=01;35:*.mp4=01;35:*.m4v=01;35:*.mp4v=01;35:*.vob=01;35:*.qt=01;35:*.nuv=01;35:*.wmv=01;35:*.asf=01;35:*.rm=01;35:*.rmvb=01;35:*.flc=01;35:*.avi=01;35:*.fli=01;35:*.flv=01;35:*.gl=01;35:*.dl=01;35:*.xcf=01;35:*.xwd=01;35:*.yuv=01;35:*.cgm=01;35:*.emf=01;35:*.ogv=01;35:*.ogx=01;35:*.aac=00;36:*.au=00;36:*.flac=00;36:*.m4a=00;36:*.mid=00;36:*.midi=00;36:*.mka=00;36:*.mp3=00;36:*.mpc=00;36:*.ogg=00;36:*.ra=00;36:*.wav=00;36:*.oga=00;36:*.opus=00;36:*.spx=00;36:*.xspf=00;36:', 'GNOME_TERMINAL_SERVICE': ':1.786', 'SSH_AGENT_LAUNCHER': 'gnome-keyring', 'SSH_AUTH_SOCK': '/run/user/1000/keyring/ssh', 'AMENT_PREFIX_PATH': '/opt/ros/humble', 'CONDA_PYTHON_EXE': '/home/ben/miniconda3/bin/python', 'SHELL': '/bin/bash', 'QT_ACCESSIBILITY': '1', 'GDMSESSION': 'ubuntu', 'LESSCLOSE': '/usr/bin/lesspipe %s %s', 'CONDA_DEFAULT_ENV': 'ros2', '_CONDA_EXE': '/home/ben/miniconda3/bin/conda', 'QT_IM_MODULE': 'ibus', 'PWD': '/home/ben/KV6022_limo_ros2/build/trajectory_referee', 'LC_ALL': 'en_US.UTF-8', 'XDG_CONFIG_DIRS': '/etc/xdg/xdg-ubuntu:/etc/xdg', 'CONDA_EXE': '/home/ben/miniconda3/bin/conda', 'XDG_DATA_DIRS': '/usr/share/ubuntu:/usr/local/share/:/usr/share/:/var/lib/snapd/desktop', 'PYTHONPATH': '/home/ben/KV6022_limo_ros2/build/trajectory_referee/prefix_override:/usr/lib/python3/dist-packages/colcon_core/task/python/colcon_distutils_commands:/home/ben/KV6022_limo_ros2/install/trajectory_referee/lib/python3.10/site-packages:/opt/ros/humble/lib/python3.10/site-packages:/opt/ros/humble/local/lib/python3.10/dist-packages', 'CONDA_PREFIX': '/home/ben/miniconda3/envs/ros2', 'COLCON': '1', 'VTE_VERSION': '6800'}, 'shell': False}
[3.426906] (KV6022_assessment) Command: {'cmd': ['/usr/bin/python3', '-W', 'ignore:setup.py install is deprecated', '-W', 'ignore:easy_install command is deprecated', 'setup.py', 'develop', '--editable', '--build-directory', '/home/ben/KV6022_limo_ros2/build/KV6022_assessment/build', '--no-deps', 'symlink_data'], 'cwd': '/home/ben/KV6022_limo_ros2/build/KV6022_assessment', 'env': {'LESSOPEN': '| /usr/bin/lesspipe %s', 'CONDA_PROMPT_MODIFIER': '(ros2)', 'LANGUAGE': 'en_GB:en', 'USER': 'ben', 'XDG_SESSION_TYPE': 'wayland', 'SHLVL': '1', 'LD_LIBRARY_PATH': '/usr/lib/x86_64-linux-gnu/gazebo-11/plugins:/opt/ros/humble/opt/rviz_ogre_vendor/lib:/opt/ros/humble/lib/x86_64-linux-gnu:/opt/ros/humble/lib', 'HOME': '/home/ben', 'CONDA_SHLVL': '2', 'OLDPWD': '/home/ben', 'DESKTOP_SESSION': 'ubuntu', 'ROS_PYTHON_VERSION': '3', 'GNOME_SHELL_SESSION_MODE': 'ubuntu', 'GTK_MODULES': 'gail:atk-bridge', 'SYSTEMD_EXEC_PID': '1600', 'DBUS_SESSION_BUS_ADDRESS': 'unix:path=/run/user/1000/bus', 'COLORTERM': 'truecolor', '_CE_M': '', '_CONDA_ROOT': '/home/ben/miniconda3', 'IM_CONFIG_PHASE': '1', 'WAYLAND_DISPLAY': 'wayland-0', 'ROS_DISTRO': 'humble', 'LOGNAME': 'ben', '_': '/usr/bin/colcon', 'ROS_VERSION': '2', 'XDG_SESSION_CLASS': 'user', 'USERNAME': 'ben', 'TERM': 'xterm-256color', 'GNOME_DESKTOP_SESSION_ID': 'this-is-deprecated', '_CE_CONDA': '', 'ROS_LOCALHOST_ONLY': '0', 'PATH': '/home/ben/miniconda3/envs/ros2/bin:/home/ben/miniconda3/condabin:/opt/ros/humble/bin:/usr/local/sbin:/usr/local/bin:/usr/sbin:/usr/bin:/sbin:/bin:/usr/games:/usr/local/games:/snap/bin:/snap/bin', 'SESSION_MANAGER': 'local/ben-Virtual-Machine:@/tmp/.ICE-unix/1562,unix/ben-Virtual-Machine:/tmp/.ICE-unix/1562', 'XDG_MENU_PREFIX': 'gnome-', 'GNOME_TERMINAL_SCREEN': '/org/gnome/Terminal/screen/b49f6e32_157d_4a45_9dd8_b48a1e023859', 'GNOME_SETUP_DISPLAY': ':1', 'XDG_RUNTIME_DIR': '/run/user/1000', 'DISPLAY': ':0', 'LANG': 'en_US.UTF-8', 'XDG_CURRENT_DESKTOP': 'ubuntu:GNOME', 'CONDA_PREFIX_1': '/home/ben/miniconda3', 'XMODIFIERS': '@im=ibus', 'XDG_SESSION_DESKTOP': 'ubuntu', 'XAUTHORITY': '/run/user/1000/.mutter-Xwaylandauth.MP6NV3', 'LS_COLORS': 'rs=0:di=01;34:ln=01;36:mh=00:pi=40;33:so=01;35:do=01;35:bd=40;33;01:cd=40;33;01:or=40;31;01:mi=00:su=37;41:sg=30;43:ca=30;41:tw=30;42:ow=34;42:st=37;44:ex=01;32:*.tar=01;31:*.tgz=01;31:*.arc=01;31:*.arj=01;31:*.taz=01;31:*.lha=01;31:*.lz4=01;31:*.lzh=01;31:*.lzma=01;31:*.tlz=01;31:*.txz=01;31:*.tzo=01;31:*.t7z=01;31:*.zip=01;31:*.z=01;31:*.dz=01;31:*.gz=01;31:*.lrz=01;31:*.lz=01;31:*.lzo=01;31:*.xz=01;31:*.zst=01;31:*.tzst=01;31:*.bz2=01;31:*.bz=01;31:*.tbz=01;31:*.tbz2=01;31:*.tz=01;31:*.deb=01;31:*.rpm=01;31:*.jar=01;31:*.war=01;31:*.ear=01;31:*.sar=01;31:*.rar=01;31:*.alz=01;31:*.ace=01;31:*.zoo=01;31:*.cpio=01;31:*.7z=01;31:*.rz=01;31:*.cab=01;31:*.wim=01;31:*.swm=01;31:*.dwm=01;31:*.esd=01;31:*.jpg=01;35:*.jpeg=01;35:*.mjpg=01;35:*.mjpeg=01;35:*.gif=01;35:*.bmp=01;35:*.pbm=01;35:*.pgm=01;35:*.ppm=01;35:*.tga=01;35:*.xbm=01;35:*.xpm=01;35:*.tif=01;35:*.tiff=01;35:*.png=01;35:*.svg=01;35:*.svgz=01;35:*.mng=01;35:*.pcx=01;35:*.mov=01;35:*.mpg=01;35:*.mpeg=01;35:*.m2v=01;35:*.mkv=01;35:*.webm=01;35:*.webp=01;35:*.ogm=01;35:*.mp4=01;35:*.m4v=01;35:*.mp4v=01;35:*.vob=01;35:*.qt=01;35:*.nuv=01;35:*.wmv=01;35:*.asf=01;35:*.rm=01;35:*.rmvb=01;35:*.flc=01;35:*.avi=01;35:*.fli=01;35:*.flv=01;35:*.gl=01;35:*.dl=01;35:*.xcf=01;35:*.xwd=01;35:*.yuv=01;35:*.cgm=01;35:*.emf=01;35:*.ogv=01;35:*.ogx=01;35:*.aac=00;36:*.au=00;36:*.flac=00;36:*.m4a=00;36:*.mid=00;36:*.midi=00;36:*.mka=00;36:*.mp3=00;36:*.mpc=00;36:*.ogg=00;36:*.ra=00;36:*.wav=00;36:*.oga=00;36:*.opus=00;36:*.spx=00;36:*.xspf=00;36:', 'GNOME_TERMINAL_SERVICE': ':1.786', 'SSH_AGENT_LAUNCHER': 'gnome-keyring', 'SSH_AUTH_SOCK': '/run/user/1000/keyring/ssh', 'AMENT_PREFIX_PATH': '/opt/ros/humble', 'CONDA_PYTHON_EXE': '/home/ben/miniconda3/bin/python', 'SHELL': '/bin/bash', 'QT_ACCESSIBILITY': '1', 'GDMSESSION': 'ubuntu', 'LESSCLOSE': '/usr/bin/lesspipe %s %s', 'CONDA_DEFAULT_ENV': 'ros2', '_CONDA_EXE': '/home/ben/miniconda3/bin/conda', 'QT_IM_MODULE': 'ibus', 'PWD': '/home/ben/KV6022_limo_ros2/build/KV6022_assessment', 'LC_ALL': 'en_US.UTF-8', 'XDG_CONFIG_DIRS': '/etc/xdg/xdg-ubuntu:/etc/xdg', 'CONDA_EXE': '/home/ben/miniconda3/bin/conda', 'XDG_DATA_DIRS': '/usr/share/ubuntu:/usr/local/share/:/usr/share/:/var/lib/snapd/desktop', 'PYTHONPATH': '/home/ben/KV6022_limo_ros2/build/KV6022_assessment/prefix_override:/usr/lib/python3/dist-packages/colcon_core/task/python/colcon_distutils_commands:/home/ben/KV6022_limo_ros2/install/KV6022_assessment/lib/python3.10/site-packages:/opt/ros/humble/lib/python3.10/site-packages:/opt/ros/humble/local/lib/python3.10/dist-packages', 'CONDA_PREFIX': '/home/ben/miniconda3/envs/ros2', 'COLCON': '1', 'VTE_VERSION': '6800'}, 'shell': False}
[3.428104] (-) TimerEvent: {}
[3.428299] (limo_description) StdoutLine: {'line': b'-- Symlinking: /home/ben/KV6022_limo_ros2/install/limo_description/share/limo_description/urdf/limo_track/limo_track.gazebo\n'}
[3.450623] (trajectory_skeleton) Command: {'cmd': ['/usr/bin/python3', '-W', 'ignore:setup.py install is deprecated', '-W', 'ignore:easy_install command is deprecated', 'setup.py', 'develop', '--editable', '--build-directory', '/home/ben/KV6022_limo_ros2/build/trajectory_skeleton/build', '--no-deps', 'symlink_data'], 'cwd': '/home/ben/KV6022_limo_ros2/build/trajectory_skeleton', 'env': {'LESSOPEN': '| /usr/bin/lesspipe %s', 'CONDA_PROMPT_MODIFIER': '(ros2)', 'LANGUAGE': 'en_GB:en', 'USER': 'ben', 'XDG_SESSION_TYPE': 'wayland', 'SHLVL': '1', 'LD_LIBRARY_PATH': '/usr/lib/x86_64-linux-gnu/gazebo-11/plugins:/opt/ros/humble/opt/rviz_ogre_vendor/lib:/opt/ros/humble/lib/x86_64-linux-gnu:/opt/ros/humble/lib', 'HOME': '/home/ben', 'CONDA_SHLVL': '2', 'OLDPWD': '/home/ben', 'DESKTOP_SESSION': 'ubuntu', 'ROS_PYTHON_VERSION': '3', 'GNOME_SHELL_SESSION_MODE': 'ubuntu', 'GTK_MODULES': 'gail:atk-bridge', 'SYSTEMD_EXEC_PID': '1600', 'DBUS_SESSION_BUS_ADDRESS': 'unix:path=/run/user/1000/bus', 'COLORTERM': 'truecolor', '_CE_M': '', '_CONDA_ROOT': '/home/ben/miniconda3', 'IM_CONFIG_PHASE': '1', 'WAYLAND_DISPLAY': 'wayland-0', 'ROS_DISTRO': 'humble', 'LOGNAME': 'ben', '_': '/usr/bin/colcon', 'ROS_VERSION': '2', 'XDG_SESSION_CLASS': 'user', 'USERNAME': 'ben', 'TERM': 'xterm-256color', 'GNOME_DESKTOP_SESSION_ID': 'this-is-deprecated', '_CE_CONDA': '', 'ROS_LOCALHOST_ONLY': '0', 'PATH': '/home/ben/miniconda3/envs/ros2/bin:/home/ben/miniconda3/condabin:/opt/ros/humble/bin:/usr/local/sbin:/usr/local/bin:/usr/sbin:/usr/bin:/sbin:/bin:/usr/games:/usr/local/games:/snap/bin:/snap/bin', 'SESSION_MANAGER': 'local/ben-Virtual-Machine:@/tmp/.ICE-unix/1562,unix/ben-Virtual-Machine:/tmp/.ICE-unix/1562', 'XDG_MENU_PREFIX': 'gnome-', 'GNOME_TERMINAL_SCREEN': '/org/gnome/Terminal/screen/b49f6e32_157d_4a45_9dd8_b48a1e023859', 'GNOME_SETUP_DISPLAY': ':1', 'XDG_RUNTIME_DIR': '/run/user/1000', 'DISPLAY': ':0', 'LANG': 'en_US.UTF-8', 'XDG_CURRENT_DESKTOP': 'ubuntu:GNOME', 'CONDA_PREFIX_1': '/home/ben/miniconda3', 'XMODIFIERS': '@im=ibus', 'XDG_SESSION_DESKTOP': 'ubuntu', 'XAUTHORITY': '/run/user/1000/.mutter-Xwaylandauth.MP6NV3', 'LS_COLORS': 'rs=0:di=01;34:ln=01;36:mh=00:pi=40;33:so=01;35:do=01;35:bd=40;33;01:cd=40;33;01:or=40;31;01:mi=00:su=37;41:sg=30;43:ca=30;41:tw=30;42:ow=34;42:st=37;44:ex=01;32:*.tar=01;31:*.tgz=01;31:*.arc=01;31:*.arj=01;31:*.taz=01;31:*.lha=01;31:*.lz4=01;31:*.lzh=01;31:*.lzma=01;31:*.tlz=01;31:*.txz=01;31:*.tzo=01;31:*.t7z=01;31:*.zip=01;31:*.z=01;31:*.dz=01;31:*.gz=01;31:*.lrz=01;31:*.lz=01;31:*.lzo=01;31:*.xz=01;31:*.zst=01;31:*.tzst=01;31:*.bz2=01;31:*.bz=01;31:*.tbz=01;31:*.tbz2=01;31:*.tz=01;31:*.deb=01;31:*.rpm=01;31:*.jar=01;31:*.war=01;31:*.ear=01;31:*.sar=01;31:*.rar=01;31:*.alz=01;31:*.ace=01;31:*.zoo=01;31:*.cpio=01;31:*.7z=01;31:*.rz=01;31:*.cab=01;31:*.wim=01;31:*.swm=01;31:*.dwm=01;31:*.esd=01;31:*.jpg=01;35:*.jpeg=01;35:*.mjpg=01;35:*.mjpeg=01;35:*.gif=01;35:*.bmp=01;35:*.pbm=01;35:*.pgm=01;35:*.ppm=01;35:*.tga=01;35:*.xbm=01;35:*.xpm=01;35:*.tif=01;35:*.tiff=01;35:*.png=01;35:*.svg=01;35:*.svgz=01;35:*.mng=01;35:*.pcx=01;35:*.mov=01;35:*.mpg=01;35:*.mpeg=01;35:*.m2v=01;35:*.mkv=01;35:*.webm=01;35:*.webp=01;35:*.ogm=01;35:*.mp4=01;35:*.m4v=01;35:*.mp4v=01;35:*.vob=01;35:*.qt=01;35:*.nuv=01;35:*.wmv=01;35:*.asf=01;35:*.rm=01;35:*.rmvb=01;35:*.flc=01;35:*.avi=01;35:*.fli=01;35:*.flv=01;35:*.gl=01;35:*.dl=01;35:*.xcf=01;35:*.xwd=01;35:*.yuv=01;35:*.cgm=01;35:*.emf=01;35:*.ogv=01;35:*.ogx=01;35:*.aac=00;36:*.au=00;36:*.flac=00;36:*.m4a=00;36:*.mid=00;36:*.midi=00;36:*.mka=00;36:*.mp3=00;36:*.mpc=00;36:*.ogg=00;36:*.ra=00;36:*.wav=00;36:*.oga=00;36:*.opus=00;36:*.spx=00;36:*.xspf=00;36:', 'GNOME_TERMINAL_SERVICE': ':1.786', 'SSH_AGENT_LAUNCHER': 'gnome-keyring', 'SSH_AUTH_SOCK': '/run/user/1000/keyring/ssh', 'AMENT_PREFIX_PATH': '/opt/ros/humble', 'CONDA_PYTHON_EXE': '/home/ben/miniconda3/bin/python', 'SHELL': '/bin/bash', 'QT_ACCESSIBILITY': '1', 'GDMSESSION': 'ubuntu', 'LESSCLOSE': '/usr/bin/lesspipe %s %s', 'CONDA_DEFAULT_ENV': 'ros2', '_CONDA_EXE': '/home/ben/miniconda3/bin/conda', 'QT_IM_MODULE': 'ibus', 'PWD': '/home/ben/KV6022_limo_ros2/build/trajectory_skeleton', 'LC_ALL': 'en_US.UTF-8', 'XDG_CONFIG_DIRS': '/etc/xdg/xdg-ubuntu:/etc/xdg', 'CONDA_EXE': '/home/ben/miniconda3/bin/conda', 'XDG_DATA_DIRS': '/usr/share/ubuntu:/usr/local/share/:/usr/share/:/var/lib/snapd/desktop', 'PYTHONPATH': '/home/ben/KV6022_limo_ros2/build/trajectory_skeleton/prefix_override:/usr/lib/python3/dist-packages/colcon_core/task/python/colcon_distutils_commands:/home/ben/KV6022_limo_ros2/install/trajectory_skeleton/lib/python3.10/site-packages:/opt/ros/humble/lib/python3.10/site-packages:/opt/ros/humble/local/lib/python3.10/dist-packages', 'CONDA_PREFIX': '/home/ben/miniconda3/envs/ros2', 'COLCON': '1', 'VTE_VERSION': '6800'}, 'shell': False}
[3.456202] (limo_description) StdoutLine: {'line': b'-- Symlinking: /home/ben/KV6022_limo_ros2/install/limo_description/share/limo_description/urdf/limo_track/limo_track.xacro\n'}
[3.472103] (limo_msgs) StdoutLine: {'line': b'-- Using all available rosidl_typesupport_c: rosidl_typesupport_fastrtps_c;rosidl_typesupport_introspection_c\n'}
[3.485505] (limo_description) StdoutLine: {'line': b'-- Symlinking: /home/ben/KV6022_limo_ros2/install/limo_description/share/ament_index/resource_index/package_run_dependencies/limo_description\n'}
[3.521187] (limo_description) StdoutLine: {'line': b'-- Symlinking: /home/ben/KV6022_limo_ros2/install/limo_description/share/ament_index/resource_index/parent_prefix_path/limo_description\n'}
[3.529118] (-) TimerEvent: {}
[3.549518] (limo_description) StdoutLine: {'line': b'-- Symlinking: /home/ben/KV6022_limo_ros2/install/limo_description/share/limo_description/environment/ament_prefix_path.sh\n'}
[3.579929] (limo_description) StdoutLine: {'line': b'-- Symlinking: /home/ben/KV6022_limo_ros2/install/limo_description/share/limo_description/environment/ament_prefix_path.dsv\n'}
[3.611049] (limo_description) StdoutLine: {'line': b'-- Symlinking: /home/ben/KV6022_limo_ros2/install/limo_description/share/limo_description/environment/path.sh\n'}
[3.630674] (-) TimerEvent: {}
[3.638044] (limo_description) StdoutLine: {'line': b'-- Symlinking: /home/ben/KV6022_limo_ros2/install/limo_description/share/limo_description/environment/path.dsv\n'}
[3.669106] (limo_description) StdoutLine: {'line': b'-- Symlinking: /home/ben/KV6022_limo_ros2/install/limo_description/share/limo_description/local_setup.bash\n'}
[3.706543] (limo_description) StdoutLine: {'line': b'-- Symlinking: /home/ben/KV6022_limo_ros2/install/limo_description/share/limo_description/local_setup.sh\n'}
[3.732551] (-) TimerEvent: {}
[3.738051] (limo_description) StdoutLine: {'line': b'-- Symlinking: /home/ben/KV6022_limo_ros2/install/limo_description/share/limo_description/local_setup.zsh\n'}
[3.764072] (limo_msgs) StdoutLine: {'line': b'-- Using all available rosidl_typesupport_cpp: rosidl_typesupport_fastrtps_cpp;rosidl_typesupport_introspection_cpp\n'}
[3.770539] (limo_description) StdoutLine: {'line': b'-- Symlinking: /home/ben/KV6022_limo_ros2/install/limo_description/share/limo_description/local_setup.dsv\n'}
[3.801622] (limo_description) StdoutLine: {'line': b'-- Symlinking: /home/ben/KV6022_limo_ros2/install/limo_description/share/limo_description/package.dsv\n'}
[3.809934] (limo_msgs) StdoutLine: {'line': b'-- Found PythonInterp: /home/ben/miniconda3/envs/ros2/bin/python3 (found suitable version "3.10.20", minimum required is "3.6") \n'}
[3.815253] (limo_msgs) StdoutLine: {'line': b'-- Found python_cmake_module: 0.10.0 (/opt/ros/humble/share/python_cmake_module/cmake)\n'}
[3.833258] (limo_description) StdoutLine: {'line': b'-- Symlinking: /home/ben/KV6022_limo_ros2/install/limo_description/share/ament_index/resource_index/packages/limo_description\n'}
[3.833484] (-) TimerEvent: {}
[3.863335] (limo_msgs) StdoutLine: {'line': b'-- Found PythonLibs: /home/ben/miniconda3/envs/ros2/lib/libpython3.10.so (found suitable version "3.10.20", minimum required is "3.5") \n'}
[3.864057] (limo_msgs) StdoutLine: {'line': b'-- Using PYTHON_EXECUTABLE: /home/ben/miniconda3/envs/ros2/bin/python3\n'}
[3.864288] (limo_msgs) StdoutLine: {'line': b'-- Using PYTHON_INCLUDE_DIRS: /home/ben/miniconda3/envs/ros2/include/python3.10\n'}
[3.864430] (limo_msgs) StdoutLine: {'line': b'-- Using PYTHON_LIBRARIES: /home/ben/miniconda3/envs/ros2/lib/libpython3.10.so\n'}
[3.868303] (limo_description) StdoutLine: {'line': b'-- Symlinking: /home/ben/KV6022_limo_ros2/install/limo_description/share/limo_description/cmake/limo_descriptionConfig.cmake\n'}
[3.902466] (limo_description) StdoutLine: {'line': b'-- Symlinking: /home/ben/KV6022_limo_ros2/install/limo_description/share/limo_description/cmake/limo_descriptionConfig-version.cmake\n'}
[3.903127] (limo_msgs) StdoutLine: {'line': b'-- Found PythonExtra: .so  \n'}
[3.914968] (trajectory_referee) StdoutLine: {'line': b'running develop\n'}
[3.915628] (example_codes) StdoutLine: {'line': b'running develop\n'}
[3.921865] (KV6022_assessment) StdoutLine: {'line': b'running develop\n'}
[3.931964] (limo_description) StdoutLine: {'line': b'-- Symlinking: /home/ben/KV6022_limo_ros2/install/limo_description/share/limo_description/package.xml\n'}
[3.934021] (-) TimerEvent: {}
[3.962741] (trajectory_skeleton) StdoutLine: {'line': b'running develop\n'}
[3.974915] (limo_description) CommandEnded: {'returncode': 0}
[4.001136] (limo_description) JobEnded: {'identifier': 'limo_description', 'rc': 0}
[4.037150] (-) TimerEvent: {}
[4.137595] (-) TimerEvent: {}
[4.188035] (limo_msgs) StdoutLine: {'line': b'-- Using numpy include directory: /home/ben/miniconda3/envs/ros2/lib/python3.10/site-packages/numpy/_core/include\n'}
[4.238216] (-) TimerEvent: {}
[4.293146] (KV6022_assessment) StdoutLine: {'line': b'running egg_info\n'}
[4.293398] (KV6022_assessment) StdoutLine: {'line': b'creating KV6022_assessment.egg-info\n'}
[4.293899] (KV6022_assessment) StdoutLine: {'line': b'writing KV6022_assessment.egg-info/PKG-INFO\n'}
[4.294278] (KV6022_assessment) StdoutLine: {'line': b'writing dependency_links to KV6022_assessment.egg-info/dependency_links.txt\n'}
[4.294594] (KV6022_assessment) StdoutLine: {'line': b'writing entry points to KV6022_assessment.egg-info/entry_points.txt\n'}
[4.295230] (KV6022_assessment) StdoutLine: {'line': b'writing requirements to KV6022_assessment.egg-info/requires.txt\n'}
[4.295636] (KV6022_assessment) StdoutLine: {'line': b'writing top-level names to KV6022_assessment.egg-info/top_level.txt\n'}
[4.295769] (KV6022_assessment) StdoutLine: {'line': b"writing manifest file 'KV6022_assessment.egg-info/SOURCES.txt'\n"}
[4.297523] (example_codes) StdoutLine: {'line': b'running egg_info\n'}
[4.298084] (example_codes) StdoutLine: {'line': b'creating example_codes.egg-info\n'}
[4.298408] (example_codes) StdoutLine: {'line': b'writing example_codes.egg-info/PKG-INFO\n'}
[4.298543] (example_codes) StdoutLine: {'line': b'writing dependency_links to example_codes.egg-info/dependency_links.txt\n'}
[4.298797] (example_codes) StdoutLine: {'line': b'writing entry points to example_codes.egg-info/entry_points.txt\n'}
[4.298942] (example_codes) StdoutLine: {'line': b'writing requirements to example_codes.egg-info/requires.txt\n'}
[4.299301] (example_codes) StdoutLine: {'line': b'writing top-level names to example_codes.egg-info/top_level.txt\n'}
[4.299493] (KV6022_assessment) StdoutLine: {'line': b"reading manifest file 'KV6022_assessment.egg-info/SOURCES.txt'\n"}
[4.299643] (example_codes) StdoutLine: {'line': b"writing manifest file 'example_codes.egg-info/SOURCES.txt'\n"}
[4.299890] (KV6022_assessment) StdoutLine: {'line': b"writing manifest file 'KV6022_assessment.egg-info/SOURCES.txt'\n"}
[4.300793] (example_codes) StdoutLine: {'line': b"reading manifest file 'example_codes.egg-info/SOURCES.txt'\n"}
[4.301498] (KV6022_assessment) StdoutLine: {'line': b'running build_ext\n'}
[4.301677] (KV6022_assessment) StdoutLine: {'line': b'Creating /home/ben/KV6022_limo_ros2/install/KV6022_assessment/lib/python3.10/site-packages/KV6022-assessment.egg-link (link to .)\n'}
[4.301988] (example_codes) StdoutLine: {'line': b"writing manifest file 'example_codes.egg-info/SOURCES.txt'\n"}
[4.302427] (trajectory_referee) StdoutLine: {'line': b'running egg_info\n'}
[4.302624] (trajectory_referee) StdoutLine: {'line': b'creating trajectory_referee.egg-info\n'}
[4.302969] (trajectory_referee) StdoutLine: {'line': b'writing trajectory_referee.egg-info/PKG-INFO\n'}
[4.303649] (KV6022_assessment) StdoutLine: {'line': b'Installing example_nav_through_poses script to /home/ben/KV6022_limo_ros2/install/KV6022_assessment/lib/KV6022_assessment\n'}
[4.304308] (KV6022_assessment) StdoutLine: {'line': b'Installing example_nav_to_pose script to /home/ben/KV6022_limo_ros2/install/KV6022_assessment/lib/KV6022_assessment\n'}
[4.304469] (trajectory_referee) StdoutLine: {'line': b'writing dependency_links to trajectory_referee.egg-info/dependency_links.txt\n'}
[4.304646] (trajectory_referee) StdoutLine: {'line': b'writing entry points to trajectory_referee.egg-info/entry_points.txt\n'}
[4.306129] (trajectory_referee) StdoutLine: {'line': b'writing requirements to trajectory_referee.egg-info/requires.txt\n'}
[4.306434] (trajectory_referee) StdoutLine: {'line': b'writing top-level names to trajectory_referee.egg-info/top_level.txt\n'}
[4.307029] (KV6022_assessment) StdoutLine: {'line': b'Installing example_opencv_detector script to /home/ben/KV6022_limo_ros2/install/KV6022_assessment/lib/KV6022_assessment\n'}
[4.307582] (trajectory_referee) StdoutLine: {'line': b"writing manifest file 'trajectory_referee.egg-info/SOURCES.txt'\n"}
[4.307967] (example_codes) StdoutLine: {'line': b'running build_ext\n'}
[4.308636] (example_codes) StdoutLine: {'line': b'Creating /home/ben/KV6022_limo_ros2/install/example_codes/lib/python3.10/site-packages/example-codes.egg-link (link to .)\n'}
[4.308773] (KV6022_assessment) StdoutLine: {'line': b'Installing example_waypoint_follower script to /home/ben/KV6022_limo_ros2/install/KV6022_assessment/lib/KV6022_assessment\n'}
[4.309282] (example_codes) StdoutLine: {'line': b'\n'}
[4.309734] (example_codes) StdoutLine: {'line': b'Installed /home/ben/KV6022_limo_ros2/build/example_codes\n'}
[4.309866] (KV6022_assessment) StdoutLine: {'line': b'\n'}
[4.309995] (KV6022_assessment) StdoutLine: {'line': b'Installed /home/ben/KV6022_limo_ros2/build/KV6022_assessment\n'}
[4.310168] (KV6022_assessment) StdoutLine: {'line': b'running symlink_data\n'}
[4.310298] (KV6022_assessment) StdoutLine: {'line': b'creating /home/ben/KV6022_limo_ros2/install/KV6022_assessment/share/ament_index\n'}
[4.310422] (example_codes) StdoutLine: {'line': b'running symlink_data\n'}
[4.310545] (example_codes) StdoutLine: {'line': b'creating /home/ben/KV6022_limo_ros2/install/example_codes/share/ament_index\n'}
[4.310668] (example_codes) StdoutLine: {'line': b'creating /home/ben/KV6022_limo_ros2/install/example_codes/share/ament_index/resource_index\n'}
[4.310793] (example_codes) StdoutLine: {'line': b'creating /home/ben/KV6022_limo_ros2/install/example_codes/share/ament_index/resource_index/packages\n'}
[4.310917] (KV6022_assessment) StdoutLine: {'line': b'creating /home/ben/KV6022_limo_ros2/install/KV6022_assessment/share/ament_index/resource_index\n'}
[4.311308] (KV6022_assessment) StdoutLine: {'line': b'creating /home/ben/KV6022_limo_ros2/install/KV6022_assessment/share/ament_index/resource_index/packages\n'}
[4.311473] (KV6022_assessment) StdoutLine: {'line': b'symbolically linking /home/ben/KV6022_limo_ros2/build/KV6022_assessment/resource/KV6022_assessment -> /home/ben/KV6022_limo_ros2/install/KV6022_assessment/share/ament_index/resource_index/packages\n'}
[4.311607] (KV6022_assessment) StdoutLine: {'line': b'symbolically linking /home/ben/KV6022_limo_ros2/build/KV6022_assessment/package.xml -> /home/ben/KV6022_limo_ros2/install/KV6022_assessment/share/KV6022_assessment\n'}
[4.311861] (KV6022_assessment) StdoutLine: {'line': b'creating /home/ben/KV6022_limo_ros2/install/KV6022_assessment/share/KV6022_assessment/launch\n'}
[4.311993] (example_codes) StdoutLine: {'line': b'symbolically linking /home/ben/KV6022_limo_ros2/build/example_codes/resource/example_codes -> /home/ben/KV6022_limo_ros2/install/example_codes/share/ament_index/resource_index/packages\n'}
[4.312136] (example_codes) StdoutLine: {'line': b'symbolically linking /home/ben/KV6022_limo_ros2/build/example_codes/package.xml -> /home/ben/KV6022_limo_ros2/install/example_codes/share/example_codes\n'}
[4.312265] (KV6022_assessment) StdoutLine: {'line': b'symbolically linking /home/ben/KV6022_limo_ros2/build/KV6022_assessment/launch/limo_navigation.launch.py -> /home/ben/KV6022_limo_ros2/install/KV6022_assessment/share/KV6022_assessment/launch\n'}
[4.312397] (KV6022_assessment) StdoutLine: {'line': b'creating /home/ben/KV6022_limo_ros2/install/KV6022_assessment/share/KV6022_assessment/params\n'}
[4.312526] (KV6022_assessment) StdoutLine: {'line': b'symbolically linking /home/ben/KV6022_limo_ros2/build/KV6022_assessment/params/nav2_params.yaml -> /home/ben/KV6022_limo_ros2/install/KV6022_assessment/share/KV6022_assessment/params\n'}
[4.312658] (trajectory_referee) StdoutLine: {'line': b"reading manifest file 'trajectory_referee.egg-info/SOURCES.txt'\n"}
[4.313007] (trajectory_referee) StdoutLine: {'line': b"writing manifest file 'trajectory_referee.egg-info/SOURCES.txt'\n"}
[4.313198] (KV6022_assessment) StdoutLine: {'line': b'creating /home/ben/KV6022_limo_ros2/install/KV6022_assessment/share/KV6022_assessment/maps\n'}
[4.313515] (KV6022_assessment) StdoutLine: {'line': b'symbolically linking /home/ben/KV6022_limo_ros2/build/KV6022_assessment/maps/potholes_20mm.yaml -> /home/ben/KV6022_limo_ros2/install/KV6022_assessment/share/KV6022_assessment/maps\n'}
[4.313878] (KV6022_assessment) StdoutLine: {'line': b'symbolically linking /home/ben/KV6022_limo_ros2/build/KV6022_assessment/maps/potholes_20mm.pgm -> /home/ben/KV6022_limo_ros2/install/KV6022_assessment/share/KV6022_assessment/maps\n'}
[4.314255] (KV6022_assessment) StdoutLine: {'line': b'creating /home/ben/KV6022_limo_ros2/install/KV6022_assessment/share/KV6022_assessment/rviz\n'}
[4.314509] (KV6022_assessment) StdoutLine: {'line': b'symbolically linking /home/ben/KV6022_limo_ros2/build/KV6022_assessment/rviz/limo_navigation.rviz -> /home/ben/KV6022_limo_ros2/install/KV6022_assessment/share/KV6022_assessment/rviz\n'}
[4.314665] (KV6022_assessment) StdoutLine: {'line': b'symbolically linking /home/ben/KV6022_limo_ros2/build/KV6022_assessment/rviz/slam_toolbox_default.rviz -> /home/ben/KV6022_limo_ros2/install/KV6022_assessment/share/KV6022_assessment/rviz\n'}
[4.314790] (trajectory_referee) StdoutLine: {'line': b'running build_ext\n'}
[4.314924] (trajectory_referee) StdoutLine: {'line': b'Creating /home/ben/KV6022_limo_ros2/install/trajectory_referee/lib/python3.10/site-packages/trajectory-referee.egg-link (link to .)\n'}
[4.315048] (trajectory_referee) StdoutLine: {'line': b'Installing trajectory_publisher script to /home/ben/KV6022_limo_ros2/install/trajectory_referee/lib/trajectory_referee\n'}
[4.315171] (trajectory_referee) StdoutLine: {'line': b'\n'}
[4.315295] (trajectory_referee) StdoutLine: {'line': b'Installed /home/ben/KV6022_limo_ros2/build/trajectory_referee\n'}
[4.315518] (trajectory_referee) StdoutLine: {'line': b'running symlink_data\n'}
[4.315654] (trajectory_referee) StdoutLine: {'line': b'creating /home/ben/KV6022_limo_ros2/install/trajectory_referee/share/ament_index\n'}
[4.315793] (trajectory_referee) StdoutLine: {'line': b'creating /home/ben/KV6022_limo_ros2/install/trajectory_referee/share/ament_index/resource_index\n'}
[4.315919] (trajectory_referee) StdoutLine: {'line': b'creating /home/ben/KV6022_limo_ros2/install/trajectory_referee/share/ament_index/resource_index/packages\n'}
[4.316047] (trajectory_referee) StdoutLine: {'line': b'symbolically linking /home/ben/KV6022_limo_ros2/build/trajectory_referee/resource/trajectory_referee -> /home/ben/KV6022_limo_ros2/install/trajectory_referee/share/ament_index/resource_index/packages\n'}
[4.316175] (trajectory_referee) StdoutLine: {'line': b'symbolically linking /home/ben/KV6022_limo_ros2/build/trajectory_referee/package.xml -> /home/ben/KV6022_limo_ros2/install/trajectory_referee/share/trajectory_referee\n'}
[4.316300] (trajectory_referee) StdoutLine: {'line': b'creating /home/ben/KV6022_limo_ros2/install/trajectory_referee/share/trajectory_referee/routes\n'}
[4.316420] (trajectory_referee) StdoutLine: {'line': b'symbolically linking /home/ben/KV6022_limo_ros2/build/trajectory_referee/routes/route1.pkl -> /home/ben/KV6022_limo_ros2/install/trajectory_referee/share/trajectory_referee/routes\n'}
[4.316671] (trajectory_referee) StdoutLine: {'line': b'symbolically linking /home/ben/KV6022_limo_ros2/build/trajectory_referee/routes/route2.pkl -> /home/ben/KV6022_limo_ros2/install/trajectory_referee/share/trajectory_referee/routes\n'}
[4.316803] (trajectory_referee) StdoutLine: {'line': b'symbolically linking /home/ben/KV6022_limo_ros2/build/trajectory_referee/routes/route3.pkl -> /home/ben/KV6022_limo_ros2/install/trajectory_referee/share/trajectory_referee/routes\n'}
[4.337826] (example_codes) CommandEnded: {'returncode': 0}
[4.338217] (-) TimerEvent: {}
[4.348996] (trajectory_skeleton) StdoutLine: {'line': b'running egg_info\n'}
[4.349237] (trajectory_skeleton) StdoutLine: {'line': b'creating trajectory_skeleton.egg-info\n'}
[4.349527] (trajectory_skeleton) StdoutLine: {'line': b'writing trajectory_skeleton.egg-info/PKG-INFO\n'}
[4.350303] (trajectory_skeleton) StdoutLine: {'line': b'writing dependency_links to trajectory_skeleton.egg-info/dependency_links.txt\n'}
[4.350725] (trajectory_skeleton) StdoutLine: {'line': b'writing entry points to trajectory_skeleton.egg-info/entry_points.txt\n'}
[4.350846] (trajectory_skeleton) StdoutLine: {'line': b'writing requirements to trajectory_skeleton.egg-info/requires.txt\n'}
[4.351215] (trajectory_skeleton) StdoutLine: {'line': b'writing top-level names to trajectory_skeleton.egg-info/top_level.txt\n'}
[4.351765] (trajectory_skeleton) StdoutLine: {'line': b"writing manifest file 'trajectory_skeleton.egg-info/SOURCES.txt'\n"}
[4.352677] (trajectory_skeleton) StdoutLine: {'line': b"reading manifest file 'trajectory_skeleton.egg-info/SOURCES.txt'\n"}
[4.353606] (trajectory_skeleton) StdoutLine: {'line': b"writing manifest file 'trajectory_skeleton.egg-info/SOURCES.txt'\n"}
[4.354905] (trajectory_skeleton) StdoutLine: {'line': b'running build_ext\n'}
[4.355372] (trajectory_skeleton) StdoutLine: {'line': b'Creating /home/ben/KV6022_limo_ros2/install/trajectory_skeleton/lib/python3.10/site-packages/trajectory-skeleton.egg-link (link to .)\n'}
[4.355925] (example_codes) JobEnded: {'identifier': 'example_codes', 'rc': 0}
[4.360498] (trajectory_skeleton) StdoutLine: {'line': b'Installing trajectory_tracking_controller script to /home/ben/KV6022_limo_ros2/install/trajectory_skeleton/lib/trajectory_skeleton\n'}
[4.360977] (trajectory_skeleton) StdoutLine: {'line': b'\n'}
[4.362060] (trajectory_skeleton) StdoutLine: {'line': b'Installed /home/ben/KV6022_limo_ros2/build/trajectory_skeleton\n'}
[4.362324] (trajectory_skeleton) StdoutLine: {'line': b'running symlink_data\n'}
[4.362608] (trajectory_skeleton) StdoutLine: {'line': b'creating /home/ben/KV6022_limo_ros2/install/trajectory_skeleton/share/ament_index\n'}
[4.362790] (trajectory_skeleton) StdoutLine: {'line': b'creating /home/ben/KV6022_limo_ros2/install/trajectory_skeleton/share/ament_index/resource_index\n'}
[4.363370] (trajectory_skeleton) StdoutLine: {'line': b'creating /home/ben/KV6022_limo_ros2/install/trajectory_skeleton/share/ament_index/resource_index/packages\n'}
[4.363529] (trajectory_skeleton) StdoutLine: {'line': b'symbolically linking /home/ben/KV6022_limo_ros2/build/trajectory_skeleton/resource/trajectory_skeleton -> /home/ben/KV6022_limo_ros2/install/trajectory_skeleton/share/ament_index/resource_index/packages\n'}
[4.364078] (trajectory_skeleton) StdoutLine: {'line': b'symbolically linking /home/ben/KV6022_limo_ros2/build/trajectory_skeleton/package.xml -> /home/ben/KV6022_limo_ros2/install/trajectory_skeleton/share/trajectory_skeleton\n'}
[4.364407] (trajectory_skeleton) StdoutLine: {'line': b'creating /home/ben/KV6022_limo_ros2/install/trajectory_skeleton/share/trajectory_skeleton/launch\n'}
[4.364794] (trajectory_skeleton) StdoutLine: {'line': b'symbolically linking /home/ben/KV6022_limo_ros2/build/trajectory_skeleton/launch/view_robot.launch.py -> /home/ben/KV6022_limo_ros2/install/trajectory_skeleton/share/trajectory_skeleton/launch\n'}
[4.365063] (trajectory_skeleton) StdoutLine: {'line': b'creating /home/ben/KV6022_limo_ros2/install/trajectory_skeleton/share/trajectory_skeleton/rviz\n'}
[4.365318] (trajectory_skeleton) StdoutLine: {'line': b'symbolically linking /home/ben/KV6022_limo_ros2/build/trajectory_skeleton/rviz/follow.rviz -> /home/ben/KV6022_limo_ros2/install/trajectory_skeleton/share/trajectory_skeleton/rviz\n'}
[4.365838] (trajectory_referee) CommandEnded: {'returncode': 0}
[4.366154] (limo_msgs) StdoutLine: {'line': b'-- Found ament_lint_auto: 0.12.15 (/opt/ros/humble/share/ament_lint_auto/cmake)\n'}
[4.379497] (trajectory_referee) JobEnded: {'identifier': 'trajectory_referee', 'rc': 0}
[4.381218] (KV6022_assessment) CommandEnded: {'returncode': 0}
[4.392063] (KV6022_assessment) JobEnded: {'identifier': 'KV6022_assessment', 'rc': 0}
[4.397150] (trajectory_skeleton) CommandEnded: {'returncode': 0}
[4.409108] (trajectory_skeleton) JobEnded: {'identifier': 'trajectory_skeleton', 'rc': 0}
[4.424179] (limo_msgs) StdoutLine: {'line': b"-- Added test 'copyright' to check source files copyright and LICENSE\n"}
[4.430217] (limo_msgs) StdoutLine: {'line': b"-- Added test 'lint_cmake' to check CMake code style\n"}
[4.433613] (limo_msgs) StdoutLine: {'line': b"-- Added test 'xmllint' to check XML markup files\n"}
[4.438520] (-) TimerEvent: {}
[4.444553] (limo_msgs) StdoutLine: {'line': b'-- Configuring done\n'}
[4.518361] (limo_msgs) StderrLine: {'line': b'\x1b[33mCMake Warning at /opt/ros/humble/share/rosidl_generator_py/cmake/rosidl_generator_py_generate_interfaces.cmake:166 (add_library):\n'}
[4.518744] (limo_msgs) StderrLine: {'line': b'  Cannot generate a safe runtime search path for target\n'}
[4.518881] (limo_msgs) StderrLine: {'line': b'  limo_msgs__rosidl_generator_py because files in some directories may\n'}
[4.519010] (limo_msgs) StderrLine: {'line': b'  conflict with libraries in implicit directories:\n'}
[4.519136] (limo_msgs) StderrLine: {'line': b'\n'}
[4.519262] (limo_msgs) StderrLine: {'line': b'    runtime library [libpython3.10.so.1.0] in /usr/lib/x86_64-linux-gnu may be hidden by files in:\n'}
[4.519387] (limo_msgs) StderrLine: {'line': b'      /home/ben/miniconda3/envs/ros2/lib\n'}
[4.519631] (limo_msgs) StderrLine: {'line': b'\n'}
[4.519779] (limo_msgs) StderrLine: {'line': b'  Some of these libraries may not be found correctly.\n'}
[4.519919] (limo_msgs) StderrLine: {'line': b'Call Stack (most recent call first):\n'}
[4.520054] (limo_msgs) StderrLine: {'line': b'  /opt/ros/humble/share/ament_cmake_core/cmake/core/ament_execute_extensions.cmake:48 (include)\n'}
[4.520210] (limo_msgs) StderrLine: {'line': b'  /opt/ros/humble/share/rosidl_cmake/cmake/rosidl_generate_interfaces.cmake:286 (ament_execute_extensions)\n'}
[4.520344] (limo_msgs) StderrLine: {'line': b'  CMakeLists.txt:20 (rosidl_generate_interfaces)\n'}
[4.520483] (limo_msgs) StderrLine: {'line': b'\n'}
[4.520622] (limo_msgs) StderrLine: {'line': b'\x1b[0m\n'}
[4.532842] (limo_msgs) StderrLine: {'line': b'\x1b[33mCMake Warning at /opt/ros/humble/share/rosidl_generator_py/cmake/rosidl_generator_py_generate_interfaces.cmake:226 (add_library):\n'}
[4.533137] (limo_msgs) StderrLine: {'line': b'  Cannot generate a safe runtime search path for target\n'}
[4.533277] (limo_msgs) StderrLine: {'line': b'  limo_msgs__rosidl_typesupport_fastrtps_c__pyext because files in some\n'}
[4.533410] (limo_msgs) StderrLine: {'line': b'  directories may conflict with libraries in implicit directories:\n'}
[4.533717] (limo_msgs) StderrLine: {'line': b'\n'}
[4.533858] (limo_msgs) StderrLine: {'line': b'    runtime library [libpython3.10.so.1.0] in /usr/lib/x86_64-linux-gnu may be hidden by files in:\n'}
[4.533989] (limo_msgs) StderrLine: {'line': b'      /home/ben/miniconda3/envs/ros2/lib\n'}
[4.534119] (limo_msgs) StderrLine: {'line': b'\n'}
[4.534246] (limo_msgs) StderrLine: {'line': b'  Some of these libraries may not be found correctly.\n'}
[4.534375] (limo_msgs) StderrLine: {'line': b'Call Stack (most recent call first):\n'}
[4.534749] (limo_msgs) StderrLine: {'line': b'  /opt/ros/humble/share/ament_cmake_core/cmake/core/ament_execute_extensions.cmake:48 (include)\n'}
[4.534976] (limo_msgs) StderrLine: {'line': b'  /opt/ros/humble/share/rosidl_cmake/cmake/rosidl_generate_interfaces.cmake:286 (ament_execute_extensions)\n'}
[4.535104] (limo_msgs) StderrLine: {'line': b'  CMakeLists.txt:20 (rosidl_generate_interfaces)\n'}
[4.535240] (limo_msgs) StderrLine: {'line': b'\n'}
[4.535362] (limo_msgs) StderrLine: {'line': b'\x1b[0m\n'}
[4.538758] (-) TimerEvent: {}
[4.548544] (limo_msgs) StderrLine: {'line': b'\x1b[33mCMake Warning at /opt/ros/humble/share/rosidl_generator_py/cmake/rosidl_generator_py_generate_interfaces.cmake:226 (add_library):\n'}
[4.548739] (limo_msgs) StderrLine: {'line': b'  Cannot generate a safe runtime search path for target\n'}
[4.548864] (limo_msgs) StderrLine: {'line': b'  limo_msgs__rosidl_typesupport_introspection_c__pyext because files in some\n'}
[4.548986] (limo_msgs) StderrLine: {'line': b'  directories may conflict with libraries in implicit directories:\n'}
[4.549107] (limo_msgs) StderrLine: {'line': b'\n'}
[4.549226] (limo_msgs) StderrLine: {'line': b'    runtime library [libpython3.10.so.1.0] in /usr/lib/x86_64-linux-gnu may be hidden by files in:\n'}
[4.549481] (limo_msgs) StderrLine: {'line': b'      /home/ben/miniconda3/envs/ros2/lib\n'}
[4.549619] (limo_msgs) StderrLine: {'line': b'\n'}
[4.549739] (limo_msgs) StderrLine: {'line': b'  Some of these libraries may not be found correctly.\n'}
[4.549870] (limo_msgs) StderrLine: {'line': b'Call Stack (most recent call first):\n'}
[4.549999] (limo_msgs) StderrLine: {'line': b'  /opt/ros/humble/share/ament_cmake_core/cmake/core/ament_execute_extensions.cmake:48 (include)\n'}
[4.550120] (limo_msgs) StderrLine: {'line': b'  /opt/ros/humble/share/rosidl_cmake/cmake/rosidl_generate_interfaces.cmake:286 (ament_execute_extensions)\n'}
[4.550288] (limo_msgs) StderrLine: {'line': b'  CMakeLists.txt:20 (rosidl_generate_interfaces)\n'}
[4.550423] (limo_msgs) StderrLine: {'line': b'\n'}
[4.550667] (limo_msgs) StderrLine: {'line': b'\x1b[0m\n'}
[4.563128] (limo_msgs) StderrLine: {'line': b'\x1b[33mCMake Warning at /opt/ros/humble/share/rosidl_generator_py/cmake/rosidl_generator_py_generate_interfaces.cmake:226 (add_library):\n'}
[4.563328] (limo_msgs) StderrLine: {'line': b'  Cannot generate a safe runtime search path for target\n'}
[4.563448] (limo_msgs) StderrLine: {'line': b'  limo_msgs__rosidl_typesupport_c__pyext because files in some directories\n'}
[4.563618] (limo_msgs) StderrLine: {'line': b'  may conflict with libraries in implicit directories:\n'}
[4.563738] (limo_msgs) StderrLine: {'line': b'\n'}
[4.564062] (limo_msgs) StderrLine: {'line': b'    runtime library [libpython3.10.so.1.0] in /usr/lib/x86_64-linux-gnu may be hidden by files in:\n'}
[4.564193] (limo_msgs) StderrLine: {'line': b'      /home/ben/miniconda3/envs/ros2/lib\n'}
[4.564312] (limo_msgs) StderrLine: {'line': b'\n'}
[4.564557] (limo_msgs) StderrLine: {'line': b'  Some of these libraries may not be found correctly.\n'}
[4.564691] (limo_msgs) StderrLine: {'line': b'Call Stack (most recent call first):\n'}
[4.564825] (limo_msgs) StderrLine: {'line': b'  /opt/ros/humble/share/ament_cmake_core/cmake/core/ament_execute_extensions.cmake:48 (include)\n'}
[4.564945] (limo_msgs) StderrLine: {'line': b'  /opt/ros/humble/share/rosidl_cmake/cmake/rosidl_generate_interfaces.cmake:286 (ament_execute_extensions)\n'}
[4.565080] (limo_msgs) StderrLine: {'line': b'  CMakeLists.txt:20 (rosidl_generate_interfaces)\n'}
[4.565203] (limo_msgs) StderrLine: {'line': b'\n'}
[4.565324] (limo_msgs) StderrLine: {'line': b'\x1b[0m\n'}
[4.575585] (limo_msgs) StdoutLine: {'line': b'-- Generating done\n'}
[4.592416] (limo_msgs) StdoutLine: {'line': b'-- Build files have been written to: /home/ben/KV6022_limo_ros2/build/limo_msgs\n'}
[4.614415] (limo_msgs) CommandEnded: {'returncode': 0}
[4.615330] (limo_msgs) JobProgress: {'identifier': 'limo_msgs', 'progress': 'build'}
[4.617829] (limo_msgs) Command: {'cmd': ['/usr/bin/cmake', '--build', '/home/ben/KV6022_limo_ros2/build/limo_msgs', '--', '-j8', '-l8'], 'cwd': '/home/ben/KV6022_limo_ros2/build/limo_msgs', 'env': OrderedDict([('LESSOPEN', '| /usr/bin/lesspipe %s'), ('CONDA_PROMPT_MODIFIER', '(ros2)'), ('LANGUAGE', 'en_GB:en'), ('USER', 'ben'), ('XDG_SESSION_TYPE', 'wayland'), ('SHLVL', '1'), ('LD_LIBRARY_PATH', '/usr/lib/x86_64-linux-gnu/gazebo-11/plugins:/opt/ros/humble/opt/rviz_ogre_vendor/lib:/opt/ros/humble/lib/x86_64-linux-gnu:/opt/ros/humble/lib'), ('HOME', '/home/ben'), ('CONDA_SHLVL', '2'), ('OLDPWD', '/home/ben'), ('DESKTOP_SESSION', 'ubuntu'), ('ROS_PYTHON_VERSION', '3'), ('GNOME_SHELL_SESSION_MODE', 'ubuntu'), ('GTK_MODULES', 'gail:atk-bridge'), ('SYSTEMD_EXEC_PID', '1600'), ('DBUS_SESSION_BUS_ADDRESS', 'unix:path=/run/user/1000/bus'), ('COLORTERM', 'truecolor'), ('_CE_M', ''), ('_CONDA_ROOT', '/home/ben/miniconda3'), ('IM_CONFIG_PHASE', '1'), ('WAYLAND_DISPLAY', 'wayland-0'), ('ROS_DISTRO', 'humble'), ('LOGNAME', 'ben'), ('_', '/usr/bin/colcon'), ('ROS_VERSION', '2'), ('XDG_SESSION_CLASS', 'user'), ('USERNAME', 'ben'), ('TERM', 'xterm-256color'), ('GNOME_DESKTOP_SESSION_ID', 'this-is-deprecated'), ('_CE_CONDA', ''), ('ROS_LOCALHOST_ONLY', '0'), ('PATH', '/home/ben/miniconda3/envs/ros2/bin:/home/ben/miniconda3/condabin:/opt/ros/humble/bin:/usr/local/sbin:/usr/local/bin:/usr/sbin:/usr/bin:/sbin:/bin:/usr/games:/usr/local/games:/snap/bin:/snap/bin'), ('SESSION_MANAGER', 'local/ben-Virtual-Machine:@/tmp/.ICE-unix/1562,unix/ben-Virtual-Machine:/tmp/.ICE-unix/1562'), ('XDG_MENU_PREFIX', 'gnome-'), ('GNOME_TERMINAL_SCREEN', '/org/gnome/Terminal/screen/b49f6e32_157d_4a45_9dd8_b48a1e023859'), ('GNOME_SETUP_DISPLAY', ':1'), ('XDG_RUNTIME_DIR', '/run/user/1000'), ('DISPLAY', ':0'), ('LANG', 'en_US.UTF-8'), ('XDG_CURRENT_DESKTOP', 'ubuntu:GNOME'), ('CONDA_PREFIX_1', '/home/ben/miniconda3'), ('XMODIFIERS', '@im=ibus'), ('XDG_SESSION_DESKTOP', 'ubuntu'), ('XAUTHORITY', '/run/user/1000/.mutter-Xwaylandauth.MP6NV3'), ('LS_COLORS', 'rs=0:di=01;34:ln=01;36:mh=00:pi=40;33:so=01;35:do=01;35:bd=40;33;01:cd=40;33;01:or=40;31;01:mi=00:su=37;41:sg=30;43:ca=30;41:tw=30;42:ow=34;42:st=37;44:ex=01;32:*.tar=01;31:*.tgz=01;31:*.arc=01;31:*.arj=01;31:*.taz=01;31:*.lha=01;31:*.lz4=01;31:*.lzh=01;31:*.lzma=01;31:*.tlz=01;31:*.txz=01;31:*.tzo=01;31:*.t7z=01;31:*.zip=01;31:*.z=01;31:*.dz=01;31:*.gz=01;31:*.lrz=01;31:*.lz=01;31:*.lzo=01;31:*.xz=01;31:*.zst=01;31:*.tzst=01;31:*.bz2=01;31:*.bz=01;31:*.tbz=01;31:*.tbz2=01;31:*.tz=01;31:*.deb=01;31:*.rpm=01;31:*.jar=01;31:*.war=01;31:*.ear=01;31:*.sar=01;31:*.rar=01;31:*.alz=01;31:*.ace=01;31:*.zoo=01;31:*.cpio=01;31:*.7z=01;31:*.rz=01;31:*.cab=01;31:*.wim=01;31:*.swm=01;31:*.dwm=01;31:*.esd=01;31:*.jpg=01;35:*.jpeg=01;35:*.mjpg=01;35:*.mjpeg=01;35:*.gif=01;35:*.bmp=01;35:*.pbm=01;35:*.pgm=01;35:*.ppm=01;35:*.tga=01;35:*.xbm=01;35:*.xpm=01;35:*.tif=01;35:*.tiff=01;35:*.png=01;35:*.svg=01;35:*.svgz=01;35:*.mng=01;35:*.pcx=01;35:*.mov=01;35:*.mpg=01;35:*.mpeg=01;35:*.m2v=01;35:*.mkv=01;35:*.webm=01;35:*.webp=01;35:*.ogm=01;35:*.mp4=01;35:*.m4v=01;35:*.mp4v=01;35:*.vob=01;35:*.qt=01;35:*.nuv=01;35:*.wmv=01;35:*.asf=01;35:*.rm=01;35:*.rmvb=01;35:*.flc=01;35:*.avi=01;35:*.fli=01;35:*.flv=01;35:*.gl=01;35:*.dl=01;35:*.xcf=01;35:*.xwd=01;35:*.yuv=01;35:*.cgm=01;35:*.emf=01;35:*.ogv=01;35:*.ogx=01;35:*.aac=00;36:*.au=00;36:*.flac=00;36:*.m4a=00;36:*.mid=00;36:*.midi=00;36:*.mka=00;36:*.mp3=00;36:*.mpc=00;36:*.ogg=00;36:*.ra=00;36:*.wav=00;36:*.oga=00;36:*.opus=00;36:*.spx=00;36:*.xspf=00;36:'), ('GNOME_TERMINAL_SERVICE', ':1.786'), ('SSH_AGENT_LAUNCHER', 'gnome-keyring'), ('SSH_AUTH_SOCK', '/run/user/1000/keyring/ssh'), ('AMENT_PREFIX_PATH', '/opt/ros/humble'), ('CONDA_PYTHON_EXE', '/home/ben/miniconda3/bin/python'), ('SHELL', '/bin/bash'), ('QT_ACCESSIBILITY', '1'), ('GDMSESSION', 'ubuntu'), ('LESSCLOSE', '/usr/bin/lesspipe %s %s'), ('CONDA_DEFAULT_ENV', 'ros2'), ('_CONDA_EXE', '/home/ben/miniconda3/bin/conda'), ('QT_IM_MODULE', 'ibus'), ('PWD', '/home/ben/KV6022_limo_ros2/build/limo_msgs'), ('LC_ALL', 'en_US.UTF-8'), ('XDG_CONFIG_DIRS', '/etc/xdg/xdg-ubuntu:/etc/xdg'), ('CONDA_EXE', '/home/ben/miniconda3/bin/conda'), ('XDG_DATA_DIRS', '/usr/share/ubuntu:/usr/local/share/:/usr/share/:/var/lib/snapd/desktop'), ('PYTHONPATH', '/opt/ros/humble/lib/python3.10/site-packages:/opt/ros/humble/local/lib/python3.10/dist-packages'), ('CONDA_PREFIX', '/home/ben/miniconda3/envs/ros2'), ('COLCON', '1'), ('VTE_VERSION', '6800'), ('CMAKE_PREFIX_PATH', '/opt/ros/humble')]), 'shell': False}
[4.639461] (-) TimerEvent: {}
[4.742161] (-) TimerEvent: {}
[4.761775] (limo_msgs) StdoutLine: {'line': b'[  3%] \x1b[34m\x1b[1mGenerating C code for ROS interfaces\x1b[0m\n'}
[4.798608] (limo_msgs) StdoutLine: {'line': b'[  6%] \x1b[34m\x1b[1mGenerating Rust code for ROS interfaces\x1b[0m\n'}
[4.803498] (limo_msgs) StdoutLine: {'line': b'[  9%] \x1b[34m\x1b[1mGenerating C++ code for ROS interfaces\x1b[0m\n'}
[4.832637] (limo_msgs) StdoutLine: {'line': b'[  9%] Built target ament_cmake_python_symlink_limo_msgs\n'}
[4.842776] (-) TimerEvent: {}
[4.943734] (-) TimerEvent: {}
[5.045271] (-) TimerEvent: {}
[5.113346] (limo_msgs) StdoutLine: {'line': b'[  9%] Built target limo_msgs__rs\n'}
[5.120340] (limo_msgs) StdoutLine: {'line': b'[ 12%] \x1b[32mBuilding C object CMakeFiles/limo_msgs__rosidl_generator_c.dir/rosidl_generator_c/limo_msgs/msg/detail/limo_status__functions.c.o\x1b[0m\n'}
[5.139838] (limo_msgs) StdoutLine: {'line': b'[ 12%] Built target limo_msgs__cpp\n'}
[5.145951] (-) TimerEvent: {}
[5.175351] (limo_msgs) StdoutLine: {'line': b'[ 15%] \x1b[34m\x1b[1mGenerating C++ introspection for ROS interfaces\x1b[0m\n'}
[5.176742] (limo_msgs) StdoutLine: {'line': b'[ 18%] \x1b[34m\x1b[1mGenerating C++ type support for eProsima Fast-RTPS\x1b[0m\n'}
[5.179760] (limo_msgs) StdoutLine: {'line': b'[ 21%] \x1b[34m\x1b[1mGenerating C++ type support dispatch for ROS interfaces\x1b[0m\n'}
[5.202214] (limo_msgs) StdoutLine: {'line': b'running egg_info\n'}
[5.225294] (limo_msgs) StdoutLine: {'line': b'creating limo_msgs.egg-info\n'}
[5.225733] (limo_msgs) StdoutLine: {'line': b'writing limo_msgs.egg-info/PKG-INFO\n'}
[5.226205] (limo_msgs) StdoutLine: {'line': b'writing dependency_links to limo_msgs.egg-info/dependency_links.txt\n'}
[5.226673] (limo_msgs) StdoutLine: {'line': b'writing top-level names to limo_msgs.egg-info/top_level.txt\n'}
[5.227177] (limo_msgs) StdoutLine: {'line': b"writing manifest file 'limo_msgs.egg-info/SOURCES.txt'\n"}
[5.246436] (-) TimerEvent: {}
[5.272373] (limo_msgs) StdoutLine: {'line': b'[ 25%] \x1b[32m\x1b[1mLinking C shared library liblimo_msgs__rosidl_generator_c.so\x1b[0m\n'}
[5.294793] (limo_msgs) StdoutLine: {'line': b"reading manifest file 'limo_msgs.egg-info/SOURCES.txt'\n"}
[5.295843] (limo_msgs) StdoutLine: {'line': b"writing manifest file 'limo_msgs.egg-info/SOURCES.txt'\n"}
[5.346845] (-) TimerEvent: {}
[5.354021] (limo_msgs) StdoutLine: {'line': b'[ 25%] Built target ament_cmake_python_build_limo_msgs_egg\n'}
[5.402458] (limo_msgs) StdoutLine: {'line': b'[ 25%] Built target limo_msgs__rosidl_generator_c\n'}
[5.443774] (limo_msgs) StdoutLine: {'line': b'[ 28%] \x1b[34m\x1b[1mGenerating C introspection for ROS interfaces\x1b[0m\n'}
[5.444383] (limo_msgs) StdoutLine: {'line': b'[ 31%] \x1b[34m\x1b[1mGenerating C type support for eProsima Fast-RTPS\x1b[0m\n'}
[5.448792] (limo_msgs) StdoutLine: {'line': b'[ 34%] \x1b[34m\x1b[1mGenerating C type support dispatch for ROS interfaces\x1b[0m\n'}
[5.449010] (-) TimerEvent: {}
[5.474773] (limo_msgs) StdoutLine: {'line': b'[ 37%] \x1b[32mBuilding CXX object CMakeFiles/limo_msgs__rosidl_typesupport_cpp.dir/rosidl_typesupport_cpp/limo_msgs/msg/limo_status__type_support.cpp.o\x1b[0m\n'}
[5.514824] (limo_msgs) StdoutLine: {'line': b'[ 40%] \x1b[32mBuilding CXX object CMakeFiles/limo_msgs__rosidl_typesupport_introspection_cpp.dir/rosidl_typesupport_introspection_cpp/limo_msgs/msg/detail/limo_status__type_support.cpp.o\x1b[0m\n'}
[5.550686] (limo_msgs) StdoutLine: {'line': b'[ 43%] \x1b[32mBuilding CXX object CMakeFiles/limo_msgs__rosidl_typesupport_fastrtps_cpp.dir/rosidl_typesupport_fastrtps_cpp/limo_msgs/msg/detail/dds_fastrtps/limo_status__type_support.cpp.o\x1b[0m\n'}
[5.550938] (-) TimerEvent: {}
[5.651993] (-) TimerEvent: {}
[5.741181] (limo_msgs) StdoutLine: {'line': b'[ 46%] \x1b[32mBuilding CXX object CMakeFiles/limo_msgs__rosidl_typesupport_c.dir/rosidl_typesupport_c/limo_msgs/msg/limo_status__type_support.cpp.o\x1b[0m\n'}
[5.752509] (-) TimerEvent: {}
[5.780332] (limo_msgs) StdoutLine: {'line': b'[ 50%] \x1b[32mBuilding C object CMakeFiles/limo_msgs__rosidl_typesupport_introspection_c.dir/rosidl_typesupport_introspection_c/limo_msgs/msg/detail/limo_status__type_support.c.o\x1b[0m\n'}
[5.784029] (limo_msgs) StdoutLine: {'line': b'[ 53%] \x1b[32mBuilding CXX object CMakeFiles/limo_msgs__rosidl_typesupport_fastrtps_c.dir/rosidl_typesupport_fastrtps_c/limo_msgs/msg/detail/limo_status__type_support_c.cpp.o\x1b[0m\n'}
[5.852873] (-) TimerEvent: {}
[5.861666] (limo_msgs) StdoutLine: {'line': b'[ 56%] \x1b[32m\x1b[1mLinking CXX shared library liblimo_msgs__rosidl_typesupport_c.so\x1b[0m\n'}
[5.926242] (limo_msgs) StdoutLine: {'line': b'[ 59%] \x1b[32m\x1b[1mLinking C shared library liblimo_msgs__rosidl_typesupport_introspection_c.so\x1b[0m\n'}
[5.953940] (-) TimerEvent: {}
[6.053515] (limo_msgs) StdoutLine: {'line': b'[ 59%] Built target limo_msgs__rosidl_typesupport_c\n'}
[6.053943] (-) TimerEvent: {}
[6.073481] (limo_msgs) StdoutLine: {'line': b'[ 59%] Built target limo_msgs__rosidl_typesupport_introspection_c\n'}
[6.085907] (limo_msgs) StdoutLine: {'line': b'[ 62%] \x1b[32m\x1b[1mLinking CXX shared library liblimo_msgs__rosidl_typesupport_cpp.so\x1b[0m\n'}
[6.154494] (-) TimerEvent: {}
[6.234682] (limo_msgs) StdoutLine: {'line': b'[ 62%] Built target limo_msgs__rosidl_typesupport_cpp\n'}
[6.254968] (-) TimerEvent: {}
[6.266642] (limo_msgs) StdoutLine: {'line': b'[ 65%] \x1b[32m\x1b[1mLinking CXX shared library liblimo_msgs__rosidl_typesupport_introspection_cpp.so\x1b[0m\n'}
[6.355715] (-) TimerEvent: {}
[6.357850] (limo_msgs) StdoutLine: {'line': b'[ 68%] \x1b[32m\x1b[1mLinking CXX shared library liblimo_msgs__rosidl_typesupport_fastrtps_cpp.so\x1b[0m\n'}
[6.456200] (limo_msgs) StdoutLine: {'line': b'[ 68%] Built target limo_msgs__rosidl_typesupport_introspection_cpp\n'}
[6.456447] (-) TimerEvent: {}
[6.498234] (limo_msgs) StdoutLine: {'line': b'[ 71%] \x1b[32m\x1b[1mLinking CXX shared library liblimo_msgs__rosidl_typesupport_fastrtps_c.so\x1b[0m\n'}
[6.556846] (-) TimerEvent: {}
[6.578128] (limo_msgs) StdoutLine: {'line': b'[ 71%] Built target limo_msgs__rosidl_typesupport_fastrtps_cpp\n'}
[6.657249] (-) TimerEvent: {}
[6.724880] (limo_msgs) StdoutLine: {'line': b'[ 71%] Built target limo_msgs__rosidl_typesupport_fastrtps_c\n'}
[6.757834] (-) TimerEvent: {}
[6.804845] (limo_msgs) StdoutLine: {'line': b'[ 71%] Built target limo_msgs\n'}
[6.858888] (-) TimerEvent: {}
[6.883461] (limo_msgs) StdoutLine: {'line': b'[ 75%] \x1b[34m\x1b[1mGenerating Python code for ROS interfaces\x1b[0m\n'}
[6.959594] (-) TimerEvent: {}
[7.060379] (-) TimerEvent: {}
[7.161413] (-) TimerEvent: {}
[7.243567] (limo_msgs) StdoutLine: {'line': b'[ 75%] Built target limo_msgs__py\n'}
[7.261903] (-) TimerEvent: {}
[7.315866] (limo_msgs) StdoutLine: {'line': b'[ 78%] \x1b[32mBuilding C object CMakeFiles/limo_msgs__rosidl_generator_py.dir/rosidl_generator_py/limo_msgs/msg/_limo_status_s.c.o\x1b[0m\n'}
[7.362482] (-) TimerEvent: {}
[7.463188] (-) TimerEvent: {}
[7.563961] (-) TimerEvent: {}
[7.589688] (limo_msgs) StdoutLine: {'line': b'[ 81%] \x1b[32m\x1b[1mLinking C shared library rosidl_generator_py/limo_msgs/liblimo_msgs__rosidl_generator_py.so\x1b[0m\n'}
[7.664351] (-) TimerEvent: {}
[7.724783] (limo_msgs) StdoutLine: {'line': b'[ 81%] Built target limo_msgs__rosidl_generator_py\n'}
[7.764908] (-) TimerEvent: {}
[7.798766] (limo_msgs) StdoutLine: {'line': b'[ 87%] \x1b[32mBuilding C object CMakeFiles/limo_msgs__rosidl_typesupport_introspection_c__pyext.dir/rosidl_generator_py/limo_msgs/_limo_msgs_s.ep.rosidl_typesupport_introspection_c.c.o\x1b[0m\n'}
[7.799046] (limo_msgs) StdoutLine: {'line': b'[ 87%] \x1b[32mBuilding C object CMakeFiles/limo_msgs__rosidl_typesupport_fastrtps_c__pyext.dir/rosidl_generator_py/limo_msgs/_limo_msgs_s.ep.rosidl_typesupport_fastrtps_c.c.o\x1b[0m\n'}
[7.799871] (limo_msgs) StdoutLine: {'line': b'[ 90%] \x1b[32mBuilding C object CMakeFiles/limo_msgs__rosidl_typesupport_c__pyext.dir/rosidl_generator_py/limo_msgs/_limo_msgs_s.ep.rosidl_typesupport_c.c.o\x1b[0m\n'}
[7.865380] (-) TimerEvent: {}
[7.966195] (-) TimerEvent: {}
[8.067039] (-) TimerEvent: {}
[8.136956] (limo_msgs) StdoutLine: {'line': b'[ 93%] \x1b[32m\x1b[1mLinking C shared library rosidl_generator_py/limo_msgs/limo_msgs_s__rosidl_typesupport_introspection_c.cpython-310-x86_64-linux-gnu.so\x1b[0m\n'}
[8.137907] (limo_msgs) StdoutLine: {'line': b'[ 96%] \x1b[32m\x1b[1mLinking C shared library rosidl_generator_py/limo_msgs/limo_msgs_s__rosidl_typesupport_fastrtps_c.cpython-310-x86_64-linux-gnu.so\x1b[0m\n'}
[8.142001] (limo_msgs) StdoutLine: {'line': b'[100%] \x1b[32m\x1b[1mLinking C shared library rosidl_generator_py/limo_msgs/limo_msgs_s__rosidl_typesupport_c.cpython-310-x86_64-linux-gnu.so\x1b[0m\n'}
[8.167713] (-) TimerEvent: {}
[8.268590] (-) TimerEvent: {}
[8.277560] (limo_msgs) StdoutLine: {'line': b'[100%] Built target limo_msgs__rosidl_typesupport_fastrtps_c__pyext\n'}
[8.278239] (limo_msgs) StdoutLine: {'line': b'[100%] Built target limo_msgs__rosidl_typesupport_introspection_c__pyext\n'}
[8.280653] (limo_msgs) StdoutLine: {'line': b'[100%] Built target limo_msgs__rosidl_typesupport_c__pyext\n'}
[8.315769] (limo_msgs) CommandEnded: {'returncode': 0}
[8.316821] (limo_msgs) JobProgress: {'identifier': 'limo_msgs', 'progress': 'install'}
[8.319483] (limo_msgs) Command: {'cmd': ['/usr/bin/cmake', '--install', '/home/ben/KV6022_limo_ros2/build/limo_msgs'], 'cwd': '/home/ben/KV6022_limo_ros2/build/limo_msgs', 'env': OrderedDict([('LESSOPEN', '| /usr/bin/lesspipe %s'), ('CONDA_PROMPT_MODIFIER', '(ros2)'), ('LANGUAGE', 'en_GB:en'), ('USER', 'ben'), ('XDG_SESSION_TYPE', 'wayland'), ('SHLVL', '1'), ('LD_LIBRARY_PATH', '/usr/lib/x86_64-linux-gnu/gazebo-11/plugins:/opt/ros/humble/opt/rviz_ogre_vendor/lib:/opt/ros/humble/lib/x86_64-linux-gnu:/opt/ros/humble/lib'), ('HOME', '/home/ben'), ('CONDA_SHLVL', '2'), ('OLDPWD', '/home/ben'), ('DESKTOP_SESSION', 'ubuntu'), ('ROS_PYTHON_VERSION', '3'), ('GNOME_SHELL_SESSION_MODE', 'ubuntu'), ('GTK_MODULES', 'gail:atk-bridge'), ('SYSTEMD_EXEC_PID', '1600'), ('DBUS_SESSION_BUS_ADDRESS', 'unix:path=/run/user/1000/bus'), ('COLORTERM', 'truecolor'), ('_CE_M', ''), ('_CONDA_ROOT', '/home/ben/miniconda3'), ('IM_CONFIG_PHASE', '1'), ('WAYLAND_DISPLAY', 'wayland-0'), ('ROS_DISTRO', 'humble'), ('LOGNAME', 'ben'), ('_', '/usr/bin/colcon'), ('ROS_VERSION', '2'), ('XDG_SESSION_CLASS', 'user'), ('USERNAME', 'ben'), ('TERM', 'xterm-256color'), ('GNOME_DESKTOP_SESSION_ID', 'this-is-deprecated'), ('_CE_CONDA', ''), ('ROS_LOCALHOST_ONLY', '0'), ('PATH', '/home/ben/miniconda3/envs/ros2/bin:/home/ben/miniconda3/condabin:/opt/ros/humble/bin:/usr/local/sbin:/usr/local/bin:/usr/sbin:/usr/bin:/sbin:/bin:/usr/games:/usr/local/games:/snap/bin:/snap/bin'), ('SESSION_MANAGER', 'local/ben-Virtual-Machine:@/tmp/.ICE-unix/1562,unix/ben-Virtual-Machine:/tmp/.ICE-unix/1562'), ('XDG_MENU_PREFIX', 'gnome-'), ('GNOME_TERMINAL_SCREEN', '/org/gnome/Terminal/screen/b49f6e32_157d_4a45_9dd8_b48a1e023859'), ('GNOME_SETUP_DISPLAY', ':1'), ('XDG_RUNTIME_DIR', '/run/user/1000'), ('DISPLAY', ':0'), ('LANG', 'en_US.UTF-8'), ('XDG_CURRENT_DESKTOP', 'ubuntu:GNOME'), ('CONDA_PREFIX_1', '/home/ben/miniconda3'), ('XMODIFIERS', '@im=ibus'), ('XDG_SESSION_DESKTOP', 'ubuntu'), ('XAUTHORITY', '/run/user/1000/.mutter-Xwaylandauth.MP6NV3'), ('LS_COLORS', 'rs=0:di=01;34:ln=01;36:mh=00:pi=40;33:so=01;35:do=01;35:bd=40;33;01:cd=40;33;01:or=40;31;01:mi=00:su=37;41:sg=30;43:ca=30;41:tw=30;42:ow=34;42:st=37;44:ex=01;32:*.tar=01;31:*.tgz=01;31:*.arc=01;31:*.arj=01;31:*.taz=01;31:*.lha=01;31:*.lz4=01;31:*.lzh=01;31:*.lzma=01;31:*.tlz=01;31:*.txz=01;31:*.tzo=01;31:*.t7z=01;31:*.zip=01;31:*.z=01;31:*.dz=01;31:*.gz=01;31:*.lrz=01;31:*.lz=01;31:*.lzo=01;31:*.xz=01;31:*.zst=01;31:*.tzst=01;31:*.bz2=01;31:*.bz=01;31:*.tbz=01;31:*.tbz2=01;31:*.tz=01;31:*.deb=01;31:*.rpm=01;31:*.jar=01;31:*.war=01;31:*.ear=01;31:*.sar=01;31:*.rar=01;31:*.alz=01;31:*.ace=01;31:*.zoo=01;31:*.cpio=01;31:*.7z=01;31:*.rz=01;31:*.cab=01;31:*.wim=01;31:*.swm=01;31:*.dwm=01;31:*.esd=01;31:*.jpg=01;35:*.jpeg=01;35:*.mjpg=01;35:*.mjpeg=01;35:*.gif=01;35:*.bmp=01;35:*.pbm=01;35:*.pgm=01;35:*.ppm=01;35:*.tga=01;35:*.xbm=01;35:*.xpm=01;35:*.tif=01;35:*.tiff=01;35:*.png=01;35:*.svg=01;35:*.svgz=01;35:*.mng=01;35:*.pcx=01;35:*.mov=01;35:*.mpg=01;35:*.mpeg=01;35:*.m2v=01;35:*.mkv=01;35:*.webm=01;35:*.webp=01;35:*.ogm=01;35:*.mp4=01;35:*.m4v=01;35:*.mp4v=01;35:*.vob=01;35:*.qt=01;35:*.nuv=01;35:*.wmv=01;35:*.asf=01;35:*.rm=01;35:*.rmvb=01;35:*.flc=01;35:*.avi=01;35:*.fli=01;35:*.flv=01;35:*.gl=01;35:*.dl=01;35:*.xcf=01;35:*.xwd=01;35:*.yuv=01;35:*.cgm=01;35:*.emf=01;35:*.ogv=01;35:*.ogx=01;35:*.aac=00;36:*.au=00;36:*.flac=00;36:*.m4a=00;36:*.mid=00;36:*.midi=00;36:*.mka=00;36:*.mp3=00;36:*.mpc=00;36:*.ogg=00;36:*.ra=00;36:*.wav=00;36:*.oga=00;36:*.opus=00;36:*.spx=00;36:*.xspf=00;36:'), ('GNOME_TERMINAL_SERVICE', ':1.786'), ('SSH_AGENT_LAUNCHER', 'gnome-keyring'), ('SSH_AUTH_SOCK', '/run/user/1000/keyring/ssh'), ('AMENT_PREFIX_PATH', '/opt/ros/humble'), ('CONDA_PYTHON_EXE', '/home/ben/miniconda3/bin/python'), ('SHELL', '/bin/bash'), ('QT_ACCESSIBILITY', '1'), ('GDMSESSION', 'ubuntu'), ('LESSCLOSE', '/usr/bin/lesspipe %s %s'), ('CONDA_DEFAULT_ENV', 'ros2'), ('_CONDA_EXE', '/home/ben/miniconda3/bin/conda'), ('QT_IM_MODULE', 'ibus'), ('PWD', '/home/ben/KV6022_limo_ros2/build/limo_msgs'), ('LC_ALL', 'en_US.UTF-8'), ('XDG_CONFIG_DIRS', '/etc/xdg/xdg-ubuntu:/etc/xdg'), ('CONDA_EXE', '/home/ben/miniconda3/bin/conda'), ('XDG_DATA_DIRS', '/usr/share/ubuntu:/usr/local/share/:/usr/share/:/var/lib/snapd/desktop'), ('PYTHONPATH', '/opt/ros/humble/lib/python3.10/site-packages:/opt/ros/humble/local/lib/python3.10/dist-packages'), ('CONDA_PREFIX', '/home/ben/miniconda3/envs/ros2'), ('COLCON', '1'), ('VTE_VERSION', '6800'), ('CMAKE_PREFIX_PATH', '/opt/ros/humble')]), 'shell': False}
[8.345181] (limo_msgs) StdoutLine: {'line': b'-- Install configuration: ""\n'}
[8.346092] (limo_msgs) StdoutLine: {'line': b'-- Execute custom install script\n'}
[8.346874] (limo_msgs) StdoutLine: {'line': b'-- Symlinking: /home/ben/KV6022_limo_ros2/install/limo_msgs/share/ament_index/resource_index/rosidl_interfaces/limo_msgs\n'}
[8.368970] (-) TimerEvent: {}
[8.373984] (limo_msgs) StdoutLine: {'line': b'-- Symlinking: /home/ben/KV6022_limo_ros2/install/limo_msgs/include/limo_msgs/limo_msgs/msg/detail/limo_status__functions.h\n'}
[8.400490] (limo_msgs) StdoutLine: {'line': b'-- Symlinking: /home/ben/KV6022_limo_ros2/install/limo_msgs/include/limo_msgs/limo_msgs/msg/detail/limo_status__struct.h\n'}
[8.428319] (limo_msgs) StdoutLine: {'line': b'-- Symlinking: /home/ben/KV6022_limo_ros2/install/limo_msgs/include/limo_msgs/limo_msgs/msg/detail/limo_status__type_support.h\n'}
[8.455895] (limo_msgs) StdoutLine: {'line': b'-- Symlinking: /home/ben/KV6022_limo_ros2/install/limo_msgs/include/limo_msgs/limo_msgs/msg/limo_status.h\n'}
[8.469260] (-) TimerEvent: {}
[8.481641] (limo_msgs) StdoutLine: {'line': b'-- Symlinking: /home/ben/KV6022_limo_ros2/install/limo_msgs/include/limo_msgs/limo_msgs/msg/rosidl_generator_c__visibility_control.h\n'}
[8.507706] (limo_msgs) StdoutLine: {'line': b'-- Symlinking: /home/ben/KV6022_limo_ros2/install/limo_msgs/share/limo_msgs/environment/library_path.sh\n'}
[8.533746] (limo_msgs) StdoutLine: {'line': b'-- Symlinking: /home/ben/KV6022_limo_ros2/install/limo_msgs/share/limo_msgs/environment/library_path.dsv\n'}
[8.563814] (limo_msgs) StdoutLine: {'line': b'-- Symlinking: /home/ben/KV6022_limo_ros2/install/limo_msgs/include/limo_msgs/limo_msgs/msg/detail/limo_status__rosidl_typesupport_fastrtps_c.h\n'}
[8.570440] (-) TimerEvent: {}
[8.589265] (limo_msgs) StdoutLine: {'line': b'-- Symlinking: /home/ben/KV6022_limo_ros2/install/limo_msgs/include/limo_msgs/limo_msgs/msg/rosidl_typesupport_fastrtps_c__visibility_control.h\n'}
[8.616097] (limo_msgs) StdoutLine: {'line': b'-- Symlinking: /home/ben/KV6022_limo_ros2/install/limo_msgs/include/limo_msgs/limo_msgs/msg/detail/limo_status__builder.hpp\n'}
[8.641980] (limo_msgs) StdoutLine: {'line': b'-- Symlinking: /home/ben/KV6022_limo_ros2/install/limo_msgs/include/limo_msgs/limo_msgs/msg/detail/limo_status__struct.hpp\n'}
[8.667918] (limo_msgs) StdoutLine: {'line': b'-- Symlinking: /home/ben/KV6022_limo_ros2/install/limo_msgs/include/limo_msgs/limo_msgs/msg/detail/limo_status__traits.hpp\n'}
[8.670965] (-) TimerEvent: {}
[8.694119] (limo_msgs) StdoutLine: {'line': b'-- Symlinking: /home/ben/KV6022_limo_ros2/install/limo_msgs/include/limo_msgs/limo_msgs/msg/detail/limo_status__type_support.hpp\n'}
[8.720476] (limo_msgs) StdoutLine: {'line': b'-- Symlinking: /home/ben/KV6022_limo_ros2/install/limo_msgs/include/limo_msgs/limo_msgs/msg/limo_status.hpp\n'}
[8.747920] (limo_msgs) StdoutLine: {'line': b'-- Symlinking: /home/ben/KV6022_limo_ros2/install/limo_msgs/include/limo_msgs/limo_msgs/msg/rosidl_generator_cpp__visibility_control.hpp\n'}
[8.771502] (-) TimerEvent: {}
[8.776376] (limo_msgs) StdoutLine: {'line': b'-- Symlinking: /home/ben/KV6022_limo_ros2/install/limo_msgs/include/limo_msgs/limo_msgs/msg/detail/limo_status__rosidl_typesupport_fastrtps_cpp.hpp\n'}
[8.804967] (limo_msgs) StdoutLine: {'line': b'-- Symlinking: /home/ben/KV6022_limo_ros2/install/limo_msgs/include/limo_msgs/limo_msgs/msg/rosidl_typesupport_fastrtps_cpp__visibility_control.h\n'}
[8.834454] (limo_msgs) StdoutLine: {'line': b'-- Symlinking: /home/ben/KV6022_limo_ros2/install/limo_msgs/include/limo_msgs/limo_msgs/msg/detail/limo_status__rosidl_typesupport_introspection_c.h\n'}
[8.861005] (limo_msgs) StdoutLine: {'line': b'-- Symlinking: /home/ben/KV6022_limo_ros2/install/limo_msgs/include/limo_msgs/limo_msgs/msg/rosidl_typesupport_introspection_c__visibility_control.h\n'}
[8.872142] (-) TimerEvent: {}
[8.888475] (limo_msgs) StdoutLine: {'line': b'-- Symlinking: /home/ben/KV6022_limo_ros2/install/limo_msgs/include/limo_msgs/limo_msgs/msg/detail/limo_status__rosidl_typesupport_introspection_cpp.hpp\n'}
[8.914377] (limo_msgs) StdoutLine: {'line': b'-- Symlinking: /home/ben/KV6022_limo_ros2/install/limo_msgs/share/limo_msgs/environment/pythonpath.sh\n'}
[8.941869] (limo_msgs) StdoutLine: {'line': b'-- Symlinking: /home/ben/KV6022_limo_ros2/install/limo_msgs/share/limo_msgs/environment/pythonpath.dsv\n'}
[8.969527] (limo_msgs) StdoutLine: {'line': b'-- Symlinking: /home/ben/KV6022_limo_ros2/install/limo_msgs/lib/python3.10/site-packages/limo_msgs-0.0.0-py3.10.egg-info/PKG-INFO\n'}
[8.972798] (-) TimerEvent: {}
[8.996676] (limo_msgs) StdoutLine: {'line': b'-- Symlinking: /home/ben/KV6022_limo_ros2/install/limo_msgs/lib/python3.10/site-packages/limo_msgs-0.0.0-py3.10.egg-info/SOURCES.txt\n'}
[9.027608] (limo_msgs) StdoutLine: {'line': b'-- Symlinking: /home/ben/KV6022_limo_ros2/install/limo_msgs/lib/python3.10/site-packages/limo_msgs-0.0.0-py3.10.egg-info/dependency_links.txt\n'}
[9.058255] (limo_msgs) StdoutLine: {'line': b'-- Symlinking: /home/ben/KV6022_limo_ros2/install/limo_msgs/lib/python3.10/site-packages/limo_msgs-0.0.0-py3.10.egg-info/top_level.txt\n'}
[9.073146] (-) TimerEvent: {}
[9.088701] (limo_msgs) StdoutLine: {'line': b'-- Symlinking: /home/ben/KV6022_limo_ros2/install/limo_msgs/lib/python3.10/site-packages/limo_msgs/__init__.py\n'}
[9.116063] (limo_msgs) StdoutLine: {'line': b'-- Symlinking: /home/ben/KV6022_limo_ros2/install/limo_msgs/lib/python3.10/site-packages/limo_msgs/_limo_msgs_s.ep.rosidl_typesupport_c.c\n'}
[9.143125] (limo_msgs) StdoutLine: {'line': b'-- Symlinking: /home/ben/KV6022_limo_ros2/install/limo_msgs/lib/python3.10/site-packages/limo_msgs/_limo_msgs_s.ep.rosidl_typesupport_fastrtps_c.c\n'}
[9.169574] (limo_msgs) StdoutLine: {'line': b'-- Symlinking: /home/ben/KV6022_limo_ros2/install/limo_msgs/lib/python3.10/site-packages/limo_msgs/_limo_msgs_s.ep.rosidl_typesupport_introspection_c.c\n'}
[9.174361] (-) TimerEvent: {}
[9.195332] (limo_msgs) StdoutLine: {'line': b'-- Symlinking: /home/ben/KV6022_limo_ros2/install/limo_msgs/lib/python3.10/site-packages/limo_msgs/liblimo_msgs__rosidl_generator_py.so\n'}
[9.225125] (limo_msgs) StdoutLine: {'line': b'-- Symlinking: /home/ben/KV6022_limo_ros2/install/limo_msgs/lib/python3.10/site-packages/limo_msgs/limo_msgs_s__rosidl_typesupport_c.cpython-310-x86_64-linux-gnu.so\n'}
[9.253912] (limo_msgs) StdoutLine: {'line': b'-- Symlinking: /home/ben/KV6022_limo_ros2/install/limo_msgs/lib/python3.10/site-packages/limo_msgs/limo_msgs_s__rosidl_typesupport_fastrtps_c.cpython-310-x86_64-linux-gnu.so\n'}
[9.275157] (-) TimerEvent: {}
[9.279509] (limo_msgs) StdoutLine: {'line': b'-- Symlinking: /home/ben/KV6022_limo_ros2/install/limo_msgs/lib/python3.10/site-packages/limo_msgs/limo_msgs_s__rosidl_typesupport_introspection_c.cpython-310-x86_64-linux-gnu.so\n'}
[9.306507] (limo_msgs) StdoutLine: {'line': b'-- Symlinking: /home/ben/KV6022_limo_ros2/install/limo_msgs/lib/python3.10/site-packages/limo_msgs/msg/__init__.py\n'}
[9.334157] (limo_msgs) StdoutLine: {'line': b'-- Symlinking: /home/ben/KV6022_limo_ros2/install/limo_msgs/lib/python3.10/site-packages/limo_msgs/msg/_limo_status.py\n'}
[9.360346] (limo_msgs) StdoutLine: {'line': b'-- Symlinking: /home/ben/KV6022_limo_ros2/install/limo_msgs/lib/python3.10/site-packages/limo_msgs/msg/_limo_status_s.c\n'}
[9.376127] (-) TimerEvent: {}
[9.389688] (limo_msgs) StdoutLine: {'line': b'-- Up-to-date symlink: /home/ben/KV6022_limo_ros2/install/limo_msgs/lib/python3.10/site-packages/limo_msgs/limo_msgs_s__rosidl_typesupport_fastrtps_c.cpython-310-x86_64-linux-gnu.so\n'}
[9.390248] (limo_msgs) StdoutLine: {'line': b'-- Up-to-date symlink: /home/ben/KV6022_limo_ros2/install/limo_msgs/lib/python3.10/site-packages/limo_msgs/limo_msgs_s__rosidl_typesupport_introspection_c.cpython-310-x86_64-linux-gnu.so\n'}
[9.391070] (limo_msgs) StdoutLine: {'line': b'-- Up-to-date symlink: /home/ben/KV6022_limo_ros2/install/limo_msgs/lib/python3.10/site-packages/limo_msgs/limo_msgs_s__rosidl_typesupport_c.cpython-310-x86_64-linux-gnu.so\n'}
[9.391550] (limo_msgs) StdoutLine: {'line': b'-- Symlinking: /home/ben/KV6022_limo_ros2/install/limo_msgs/share/ament_index/resource_index/rust_packages/limo_msgs\n'}
[9.421161] (limo_msgs) StdoutLine: {'line': b'-- Symlinking: /home/ben/KV6022_limo_ros2/install/limo_msgs/share/limo_msgs/rust/Cargo.toml\n'}
[9.449376] (limo_msgs) StdoutLine: {'line': b'-- Symlinking: /home/ben/KV6022_limo_ros2/install/limo_msgs/share/limo_msgs/rust/build.rs\n'}
[9.476553] (-) TimerEvent: {}
[9.476898] (limo_msgs) StdoutLine: {'line': b'-- Symlinking: /home/ben/KV6022_limo_ros2/install/limo_msgs/share/limo_msgs/rust/src/lib.rs\n'}
[9.504080] (limo_msgs) StdoutLine: {'line': b'-- Symlinking: /home/ben/KV6022_limo_ros2/install/limo_msgs/share/limo_msgs/rust/src/msg.rs\n'}
[9.531203] (limo_msgs) StdoutLine: {'line': b'-- Symlinking: /home/ben/KV6022_limo_ros2/install/limo_msgs/share/limo_msgs/rust/src/msg/rmw.rs\n'}
[9.560057] (limo_msgs) StdoutLine: {'line': b'-- Symlinking: /home/ben/KV6022_limo_ros2/install/limo_msgs/share/limo_msgs/msg/LimoStatus.idl\n'}
[9.576862] (-) TimerEvent: {}
[9.586403] (limo_msgs) StdoutLine: {'line': b'-- Symlinking: /home/ben/KV6022_limo_ros2/install/limo_msgs/share/limo_msgs/msg/LimoStatus.msg\n'}
[9.612411] (limo_msgs) StdoutLine: {'line': b'-- Symlinking: /home/ben/KV6022_limo_ros2/install/limo_msgs/share/ament_index/resource_index/package_run_dependencies/limo_msgs\n'}
[9.638701] (limo_msgs) StdoutLine: {'line': b'-- Symlinking: /home/ben/KV6022_limo_ros2/install/limo_msgs/share/ament_index/resource_index/parent_prefix_path/limo_msgs\n'}
[9.667310] (limo_msgs) StdoutLine: {'line': b'-- Symlinking: /home/ben/KV6022_limo_ros2/install/limo_msgs/share/limo_msgs/environment/ament_prefix_path.sh\n'}
[9.677318] (-) TimerEvent: {}
[9.693508] (limo_msgs) StdoutLine: {'line': b'-- Symlinking: /home/ben/KV6022_limo_ros2/install/limo_msgs/share/limo_msgs/environment/ament_prefix_path.dsv\n'}
[9.721413] (limo_msgs) StdoutLine: {'line': b'-- Symlinking: /home/ben/KV6022_limo_ros2/install/limo_msgs/share/limo_msgs/environment/path.sh\n'}
[9.748156] (limo_msgs) StdoutLine: {'line': b'-- Symlinking: /home/ben/KV6022_limo_ros2/install/limo_msgs/share/limo_msgs/environment/path.dsv\n'}
[9.775881] (limo_msgs) StdoutLine: {'line': b'-- Symlinking: /home/ben/KV6022_limo_ros2/install/limo_msgs/share/limo_msgs/local_setup.bash\n'}
[9.777655] (-) TimerEvent: {}
[9.802322] (limo_msgs) StdoutLine: {'line': b'-- Symlinking: /home/ben/KV6022_limo_ros2/install/limo_msgs/share/limo_msgs/local_setup.sh\n'}
[9.829932] (limo_msgs) StdoutLine: {'line': b'-- Symlinking: /home/ben/KV6022_limo_ros2/install/limo_msgs/share/limo_msgs/local_setup.zsh\n'}
[9.859186] (limo_msgs) StdoutLine: {'line': b'-- Symlinking: /home/ben/KV6022_limo_ros2/install/limo_msgs/share/limo_msgs/local_setup.dsv\n'}
[9.877948] (-) TimerEvent: {}
[9.886944] (limo_msgs) StdoutLine: {'line': b'-- Symlinking: /home/ben/KV6022_limo_ros2/install/limo_msgs/share/limo_msgs/package.dsv\n'}
[9.912536] (limo_msgs) StdoutLine: {'line': b'-- Symlinking: /home/ben/KV6022_limo_ros2/install/limo_msgs/share/ament_index/resource_index/packages/limo_msgs\n'}
[9.940505] (limo_msgs) StdoutLine: {'line': b'-- Symlinking: /home/ben/KV6022_limo_ros2/install/limo_msgs/share/limo_msgs/cmake/rosidl_cmake-extras.cmake\n'}
[9.968736] (limo_msgs) StdoutLine: {'line': b'-- Symlinking: /home/ben/KV6022_limo_ros2/install/limo_msgs/share/limo_msgs/cmake/ament_cmake_export_dependencies-extras.cmake\n'}
[9.978312] (-) TimerEvent: {}
[9.997538] (limo_msgs) StdoutLine: {'line': b'-- Symlinking: /home/ben/KV6022_limo_ros2/install/limo_msgs/share/limo_msgs/cmake/ament_cmake_export_include_directories-extras.cmake\n'}
[10.026641] (limo_msgs) StdoutLine: {'line': b'-- Symlinking: /home/ben/KV6022_limo_ros2/install/limo_msgs/share/limo_msgs/cmake/ament_cmake_export_libraries-extras.cmake\n'}
[10.055174] (limo_msgs) StdoutLine: {'line': b'-- Symlinking: /home/ben/KV6022_limo_ros2/install/limo_msgs/share/limo_msgs/cmake/ament_cmake_export_targets-extras.cmake\n'}
[10.078884] (-) TimerEvent: {}
[10.081513] (limo_msgs) StdoutLine: {'line': b'-- Symlinking: /home/ben/KV6022_limo_ros2/install/limo_msgs/share/limo_msgs/cmake/rosidl_cmake_export_typesupport_targets-extras.cmake\n'}
[10.108644] (limo_msgs) StdoutLine: {'line': b'-- Symlinking: /home/ben/KV6022_limo_ros2/install/limo_msgs/share/limo_msgs/cmake/rosidl_cmake_export_typesupport_libraries-extras.cmake\n'}
[10.135145] (limo_msgs) StdoutLine: {'line': b'-- Symlinking: /home/ben/KV6022_limo_ros2/install/limo_msgs/share/limo_msgs/cmake/rosidl_cmake_aggregate_target-extras.cmake\n'}
[10.163650] (limo_msgs) StdoutLine: {'line': b'-- Symlinking: /home/ben/KV6022_limo_ros2/install/limo_msgs/share/limo_msgs/cmake/limo_msgsConfig.cmake\n'}
[10.179381] (-) TimerEvent: {}
[10.189693] (limo_msgs) StdoutLine: {'line': b'-- Symlinking: /home/ben/KV6022_limo_ros2/install/limo_msgs/share/limo_msgs/cmake/limo_msgsConfig-version.cmake\n'}
[10.216338] (limo_msgs) StdoutLine: {'line': b'-- Symlinking: /home/ben/KV6022_limo_ros2/install/limo_msgs/share/limo_msgs/package.xml\n'}
[10.244018] (limo_msgs) StdoutLine: {'line': b'-- Installing: /home/ben/KV6022_limo_ros2/install/limo_msgs/lib/liblimo_msgs__rosidl_generator_c.so\n'}
[10.247708] (limo_msgs) StdoutLine: {'line': b'-- Set runtime path of "/home/ben/KV6022_limo_ros2/install/limo_msgs/lib/liblimo_msgs__rosidl_generator_c.so" to ""\n'}
[10.247890] (limo_msgs) StdoutLine: {'line': b'-- Installing: /home/ben/KV6022_limo_ros2/install/limo_msgs/lib/liblimo_msgs__rosidl_typesupport_fastrtps_c.so\n'}
[10.251492] (limo_msgs) StdoutLine: {'line': b'-- Set runtime path of "/home/ben/KV6022_limo_ros2/install/limo_msgs/lib/liblimo_msgs__rosidl_typesupport_fastrtps_c.so" to ""\n'}
[10.251719] (limo_msgs) StdoutLine: {'line': b'-- Installing: /home/ben/KV6022_limo_ros2/install/limo_msgs/lib/liblimo_msgs__rosidl_typesupport_fastrtps_cpp.so\n'}
[10.255129] (limo_msgs) StdoutLine: {'line': b'-- Set runtime path of "/home/ben/KV6022_limo_ros2/install/limo_msgs/lib/liblimo_msgs__rosidl_typesupport_fastrtps_cpp.so" to ""\n'}
[10.255288] (limo_msgs) StdoutLine: {'line': b'-- Installing: /home/ben/KV6022_limo_ros2/install/limo_msgs/lib/liblimo_msgs__rosidl_typesupport_introspection_c.so\n'}
[10.258503] (limo_msgs) StdoutLine: {'line': b'-- Set runtime path of "/home/ben/KV6022_limo_ros2/install/limo_msgs/lib/liblimo_msgs__rosidl_typesupport_introspection_c.so" to ""\n'}
[10.258822] (limo_msgs) StdoutLine: {'line': b'-- Installing: /home/ben/KV6022_limo_ros2/install/limo_msgs/lib/liblimo_msgs__rosidl_typesupport_c.so\n'}
[10.261284] (limo_msgs) StdoutLine: {'line': b'-- Set runtime path of "/home/ben/KV6022_limo_ros2/install/limo_msgs/lib/liblimo_msgs__rosidl_typesupport_c.so" to ""\n'}
[10.261435] (limo_msgs) StdoutLine: {'line': b'-- Installing: /home/ben/KV6022_limo_ros2/install/limo_msgs/lib/liblimo_msgs__rosidl_typesupport_introspection_cpp.so\n'}
[10.264874] (limo_msgs) StdoutLine: {'line': b'-- Set runtime path of "/home/ben/KV6022_limo_ros2/install/limo_msgs/lib/liblimo_msgs__rosidl_typesupport_introspection_cpp.so" to ""\n'}
[10.265017] (limo_msgs) StdoutLine: {'line': b'-- Installing: /home/ben/KV6022_limo_ros2/install/limo_msgs/lib/liblimo_msgs__rosidl_typesupport_cpp.so\n'}
[10.268111] (limo_msgs) StdoutLine: {'line': b'-- Set runtime path of "/home/ben/KV6022_limo_ros2/install/limo_msgs/lib/liblimo_msgs__rosidl_typesupport_cpp.so" to ""\n'}
[10.279720] (-) TimerEvent: {}
[10.327535] (limo_msgs) StdoutLine: {'line': b"Listing '/home/ben/KV6022_limo_ros2/install/limo_msgs/lib/python3.10/site-packages/limo_msgs'...\n"}
[10.327765] (limo_msgs) StdoutLine: {'line': b"Compiling '/home/ben/KV6022_limo_ros2/install/limo_msgs/lib/python3.10/site-packages/limo_msgs/__init__.py'...\n"}
[10.327906] (limo_msgs) StdoutLine: {'line': b"Listing '/home/ben/KV6022_limo_ros2/install/limo_msgs/lib/python3.10/site-packages/limo_msgs/msg'...\n"}
[10.328028] (limo_msgs) StdoutLine: {'line': b"Compiling '/home/ben/KV6022_limo_ros2/install/limo_msgs/lib/python3.10/site-packages/limo_msgs/msg/__init__.py'...\n"}
[10.328146] (limo_msgs) StdoutLine: {'line': b"Compiling '/home/ben/KV6022_limo_ros2/install/limo_msgs/lib/python3.10/site-packages/limo_msgs/msg/_limo_status.py'...\n"}
[10.332898] (limo_msgs) StdoutLine: {'line': b'-- Installing: /home/ben/KV6022_limo_ros2/install/limo_msgs/lib/liblimo_msgs__rosidl_generator_py.so\n'}
[10.336151] (limo_msgs) StdoutLine: {'line': b'-- Set runtime path of "/home/ben/KV6022_limo_ros2/install/limo_msgs/lib/liblimo_msgs__rosidl_generator_py.so" to ""\n'}
[10.336434] (limo_msgs) StdoutLine: {'line': b'-- Installing: /home/ben/KV6022_limo_ros2/install/limo_msgs/share/limo_msgs/cmake/export_limo_msgs__rosidl_generator_cExport.cmake\n'}
[10.337020] (limo_msgs) StdoutLine: {'line': b'-- Installing: /home/ben/KV6022_limo_ros2/install/limo_msgs/share/limo_msgs/cmake/export_limo_msgs__rosidl_generator_cExport-noconfig.cmake\n'}
[10.337739] (limo_msgs) StdoutLine: {'line': b'-- Installing: /home/ben/KV6022_limo_ros2/install/limo_msgs/share/limo_msgs/cmake/export_limo_msgs__rosidl_typesupport_fastrtps_cExport.cmake\n'}
[10.338212] (limo_msgs) StdoutLine: {'line': b'-- Installing: /home/ben/KV6022_limo_ros2/install/limo_msgs/share/limo_msgs/cmake/export_limo_msgs__rosidl_typesupport_fastrtps_cExport-noconfig.cmake\n'}
[10.338756] (limo_msgs) StdoutLine: {'line': b'-- Installing: /home/ben/KV6022_limo_ros2/install/limo_msgs/share/limo_msgs/cmake/export_limo_msgs__rosidl_generator_cppExport.cmake\n'}
[10.339502] (limo_msgs) StdoutLine: {'line': b'-- Installing: /home/ben/KV6022_limo_ros2/install/limo_msgs/share/limo_msgs/cmake/export_limo_msgs__rosidl_typesupport_fastrtps_cppExport.cmake\n'}
[10.340068] (limo_msgs) StdoutLine: {'line': b'-- Installing: /home/ben/KV6022_limo_ros2/install/limo_msgs/share/limo_msgs/cmake/export_limo_msgs__rosidl_typesupport_fastrtps_cppExport-noconfig.cmake\n'}
[10.340582] (limo_msgs) StdoutLine: {'line': b'-- Installing: /home/ben/KV6022_limo_ros2/install/limo_msgs/share/limo_msgs/cmake/limo_msgs__rosidl_typesupport_introspection_cExport.cmake\n'}
[10.341232] (limo_msgs) StdoutLine: {'line': b'-- Installing: /home/ben/KV6022_limo_ros2/install/limo_msgs/share/limo_msgs/cmake/limo_msgs__rosidl_typesupport_introspection_cExport-noconfig.cmake\n'}
[10.341859] (limo_msgs) StdoutLine: {'line': b'-- Installing: /home/ben/KV6022_limo_ros2/install/limo_msgs/share/limo_msgs/cmake/limo_msgs__rosidl_typesupport_cExport.cmake\n'}
[10.342348] (limo_msgs) StdoutLine: {'line': b'-- Installing: /home/ben/KV6022_limo_ros2/install/limo_msgs/share/limo_msgs/cmake/limo_msgs__rosidl_typesupport_cExport-noconfig.cmake\n'}
[10.343001] (limo_msgs) StdoutLine: {'line': b'-- Installing: /home/ben/KV6022_limo_ros2/install/limo_msgs/share/limo_msgs/cmake/limo_msgs__rosidl_typesupport_introspection_cppExport.cmake\n'}
[10.343698] (limo_msgs) StdoutLine: {'line': b'-- Installing: /home/ben/KV6022_limo_ros2/install/limo_msgs/share/limo_msgs/cmake/limo_msgs__rosidl_typesupport_introspection_cppExport-noconfig.cmake\n'}
[10.344245] (limo_msgs) StdoutLine: {'line': b'-- Installing: /home/ben/KV6022_limo_ros2/install/limo_msgs/share/limo_msgs/cmake/limo_msgs__rosidl_typesupport_cppExport.cmake\n'}
[10.345276] (limo_msgs) StdoutLine: {'line': b'-- Installing: /home/ben/KV6022_limo_ros2/install/limo_msgs/share/limo_msgs/cmake/limo_msgs__rosidl_typesupport_cppExport-noconfig.cmake\n'}
[10.345777] (limo_msgs) StdoutLine: {'line': b'-- Installing: /home/ben/KV6022_limo_ros2/install/limo_msgs/share/limo_msgs/cmake/export_limo_msgs__rosidl_generator_pyExport.cmake\n'}
[10.346357] (limo_msgs) StdoutLine: {'line': b'-- Installing: /home/ben/KV6022_limo_ros2/install/limo_msgs/share/limo_msgs/cmake/export_limo_msgs__rosidl_generator_pyExport-noconfig.cmake\n'}
[10.352448] (limo_msgs) CommandEnded: {'returncode': 0}
[10.380158] (-) TimerEvent: {}
[10.381949] (limo_msgs) JobEnded: {'identifier': 'limo_msgs', 'rc': 0}
[10.383460] (limo_gazebosim) JobStarted: {'identifier': 'limo_gazebosim'}
[10.411448] (limo_gazebosim) JobProgress: {'identifier': 'limo_gazebosim', 'progress': 'cmake'}
[10.414706] (limo_gazebosim) Command: {'cmd': ['/usr/bin/cmake', '/home/ben/KV6022_limo_ros2/src/limo_gazebosim', '-DAMENT_CMAKE_SYMLINK_INSTALL=1', '-DCMAKE_INSTALL_PREFIX=/home/ben/KV6022_limo_ros2/install/limo_gazebosim'], 'cwd': '/home/ben/KV6022_limo_ros2/build/limo_gazebosim', 'env': OrderedDict([('LESSOPEN', '| /usr/bin/lesspipe %s'), ('CONDA_PROMPT_MODIFIER', '(ros2)'), ('LANGUAGE', 'en_GB:en'), ('USER', 'ben'), ('XDG_SESSION_TYPE', 'wayland'), ('SHLVL', '1'), ('LD_LIBRARY_PATH', '/home/ben/KV6022_limo_ros2/install/limo_msgs/lib:/usr/lib/x86_64-linux-gnu/gazebo-11/plugins:/opt/ros/humble/opt/rviz_ogre_vendor/lib:/opt/ros/humble/lib/x86_64-linux-gnu:/opt/ros/humble/lib'), ('HOME', '/home/ben'), ('CONDA_SHLVL', '2'), ('OLDPWD', '/home/ben'), ('DESKTOP_SESSION', 'ubuntu'), ('ROS_PYTHON_VERSION', '3'), ('GNOME_SHELL_SESSION_MODE', 'ubuntu'), ('GTK_MODULES', 'gail:atk-bridge'), ('SYSTEMD_EXEC_PID', '1600'), ('DBUS_SESSION_BUS_ADDRESS', 'unix:path=/run/user/1000/bus'), ('COLORTERM', 'truecolor'), ('_CE_M', ''), ('_CONDA_ROOT', '/home/ben/miniconda3'), ('IM_CONFIG_PHASE', '1'), ('WAYLAND_DISPLAY', 'wayland-0'), ('ROS_DISTRO', 'humble'), ('LOGNAME', 'ben'), ('_', '/usr/bin/colcon'), ('ROS_VERSION', '2'), ('XDG_SESSION_CLASS', 'user'), ('USERNAME', 'ben'), ('TERM', 'xterm-256color'), ('GNOME_DESKTOP_SESSION_ID', 'this-is-deprecated'), ('_CE_CONDA', ''), ('ROS_LOCALHOST_ONLY', '0'), ('PATH', '/home/ben/miniconda3/envs/ros2/bin:/home/ben/miniconda3/condabin:/opt/ros/humble/bin:/usr/local/sbin:/usr/local/bin:/usr/sbin:/usr/bin:/sbin:/bin:/usr/games:/usr/local/games:/snap/bin:/snap/bin'), ('SESSION_MANAGER', 'local/ben-Virtual-Machine:@/tmp/.ICE-unix/1562,unix/ben-Virtual-Machine:/tmp/.ICE-unix/1562'), ('XDG_MENU_PREFIX', 'gnome-'), ('GNOME_TERMINAL_SCREEN', '/org/gnome/Terminal/screen/b49f6e32_157d_4a45_9dd8_b48a1e023859'), ('GNOME_SETUP_DISPLAY', ':1'), ('XDG_RUNTIME_DIR', '/run/user/1000'), ('DISPLAY', ':0'), ('LANG', 'en_US.UTF-8'), ('XDG_CURRENT_DESKTOP', 'ubuntu:GNOME'), ('CONDA_PREFIX_1', '/home/ben/miniconda3'), ('XMODIFIERS', '@im=ibus'), ('XDG_SESSION_DESKTOP', 'ubuntu'), ('XAUTHORITY', '/run/user/1000/.mutter-Xwaylandauth.MP6NV3'), ('LS_COLORS', 'rs=0:di=01;34:ln=01;36:mh=00:pi=40;33:so=01;35:do=01;35:bd=40;33;01:cd=40;33;01:or=40;31;01:mi=00:su=37;41:sg=30;43:ca=30;41:tw=30;42:ow=34;42:st=37;44:ex=01;32:*.tar=01;31:*.tgz=01;31:*.arc=01;31:*.arj=01;31:*.taz=01;31:*.lha=01;31:*.lz4=01;31:*.lzh=01;31:*.lzma=01;31:*.tlz=01;31:*.txz=01;31:*.tzo=01;31:*.t7z=01;31:*.zip=01;31:*.z=01;31:*.dz=01;31:*.gz=01;31:*.lrz=01;31:*.lz=01;31:*.lzo=01;31:*.xz=01;31:*.zst=01;31:*.tzst=01;31:*.bz2=01;31:*.bz=01;31:*.tbz=01;31:*.tbz2=01;31:*.tz=01;31:*.deb=01;31:*.rpm=01;31:*.jar=01;31:*.war=01;31:*.ear=01;31:*.sar=01;31:*.rar=01;31:*.alz=01;31:*.ace=01;31:*.zoo=01;31:*.cpio=01;31:*.7z=01;31:*.rz=01;31:*.cab=01;31:*.wim=01;31:*.swm=01;31:*.dwm=01;31:*.esd=01;31:*.jpg=01;35:*.jpeg=01;35:*.mjpg=01;35:*.mjpeg=01;35:*.gif=01;35:*.bmp=01;35:*.pbm=01;35:*.pgm=01;35:*.ppm=01;35:*.tga=01;35:*.xbm=01;35:*.xpm=01;35:*.tif=01;35:*.tiff=01;35:*.png=01;35:*.svg=01;35:*.svgz=01;35:*.mng=01;35:*.pcx=01;35:*.mov=01;35:*.mpg=01;35:*.mpeg=01;35:*.m2v=01;35:*.mkv=01;35:*.webm=01;35:*.webp=01;35:*.ogm=01;35:*.mp4=01;35:*.m4v=01;35:*.mp4v=01;35:*.vob=01;35:*.qt=01;35:*.nuv=01;35:*.wmv=01;35:*.asf=01;35:*.rm=01;35:*.rmvb=01;35:*.flc=01;35:*.avi=01;35:*.fli=01;35:*.flv=01;35:*.gl=01;35:*.dl=01;35:*.xcf=01;35:*.xwd=01;35:*.yuv=01;35:*.cgm=01;35:*.emf=01;35:*.ogv=01;35:*.ogx=01;35:*.aac=00;36:*.au=00;36:*.flac=00;36:*.m4a=00;36:*.mid=00;36:*.midi=00;36:*.mka=00;36:*.mp3=00;36:*.mpc=00;36:*.ogg=00;36:*.ra=00;36:*.wav=00;36:*.oga=00;36:*.opus=00;36:*.spx=00;36:*.xspf=00;36:'), ('GNOME_TERMINAL_SERVICE', ':1.786'), ('SSH_AGENT_LAUNCHER', 'gnome-keyring'), ('SSH_AUTH_SOCK', '/run/user/1000/keyring/ssh'), ('AMENT_PREFIX_PATH', '/home/ben/KV6022_limo_ros2/install/limo_msgs:/home/ben/KV6022_limo_ros2/install/limo_description:/opt/ros/humble'), ('CONDA_PYTHON_EXE', '/home/ben/miniconda3/bin/python'), ('SHELL', '/bin/bash'), ('QT_ACCESSIBILITY', '1'), ('GDMSESSION', 'ubuntu'), ('LESSCLOSE', '/usr/bin/lesspipe %s %s'), ('CONDA_DEFAULT_ENV', 'ros2'), ('_CONDA_EXE', '/home/ben/miniconda3/bin/conda'), ('QT_IM_MODULE', 'ibus'), ('PWD', '/home/ben/KV6022_limo_ros2/build/limo_gazebosim'), ('LC_ALL', 'en_US.UTF-8'), ('XDG_CONFIG_DIRS', '/etc/xdg/xdg-ubuntu:/etc/xdg'), ('CONDA_EXE', '/home/ben/miniconda3/bin/conda'), ('XDG_DATA_DIRS', '/usr/share/ubuntu:/usr/local/share/:/usr/share/:/var/lib/snapd/desktop'), ('PYTHONPATH', '/home/ben/KV6022_limo_ros2/install/limo_msgs/lib/python3.10/site-packages:/opt/ros/humble/lib/python3.10/site-packages:/opt/ros/humble/local/lib/python3.10/dist-packages'), ('CONDA_PREFIX', '/home/ben/miniconda3/envs/ros2'), ('COLCON', '1'), ('VTE_VERSION', '6800'), ('CMAKE_PREFIX_PATH', '/home/ben/KV6022_limo_ros2/install/limo_msgs:/home/ben/KV6022_limo_ros2/install/limo_description:/opt/ros/humble')]), 'shell': False}
[10.480545] (-) TimerEvent: {}
[10.581071] (-) TimerEvent: {}
[10.581693] (limo_gazebosim) StdoutLine: {'line': b'-- The C compiler identification is GNU 11.4.0\n'}
[10.681579] (-) TimerEvent: {}
[10.737248] (limo_gazebosim) StdoutLine: {'line': b'-- The CXX compiler identification is GNU 11.4.0\n'}
[10.756236] (limo_gazebosim) StdoutLine: {'line': b'-- Detecting C compiler ABI info\n'}
[10.782232] (-) TimerEvent: {}
[10.883407] (-) TimerEvent: {}
[10.976371] (limo_gazebosim) StdoutLine: {'line': b'-- Detecting C compiler ABI info - done\n'}
[10.981941] (limo_gazebosim) StdoutLine: {'line': b'-- Check for working C compiler: /usr/bin/cc - skipped\n'}
[10.982471] (limo_gazebosim) StdoutLine: {'line': b'-- Detecting C compile features\n'}
[10.982983] (limo_gazebosim) StdoutLine: {'line': b'-- Detecting C compile features - done\n'}
[10.984131] (-) TimerEvent: {}
[10.988206] (limo_gazebosim) StdoutLine: {'line': b'-- Detecting CXX compiler ABI info\n'}
[11.085036] (-) TimerEvent: {}
[11.185932] (-) TimerEvent: {}
[11.236374] (limo_gazebosim) StdoutLine: {'line': b'-- Detecting CXX compiler ABI info - done\n'}
[11.242457] (limo_gazebosim) StdoutLine: {'line': b'-- Check for working CXX compiler: /usr/bin/c++ - skipped\n'}
[11.243037] (limo_gazebosim) StdoutLine: {'line': b'-- Detecting CXX compile features\n'}
[11.243931] (limo_gazebosim) StdoutLine: {'line': b'-- Detecting CXX compile features - done\n'}
[11.253313] (limo_gazebosim) StdoutLine: {'line': b'-- Found ament_cmake: 1.3.14 (/opt/ros/humble/share/ament_cmake/cmake)\n'}
[11.286289] (-) TimerEvent: {}
[11.387182] (-) TimerEvent: {}
[11.488065] (-) TimerEvent: {}
[11.589087] (-) TimerEvent: {}
[11.689804] (-) TimerEvent: {}
[11.787527] (limo_gazebosim) StdoutLine: {'line': b'-- Found Python3: /home/ben/miniconda3/envs/ros2/bin/python3 (found version "3.10.20") found components: Interpreter \n'}
[11.790089] (-) TimerEvent: {}
[11.890862] (-) TimerEvent: {}
[11.896119] (limo_gazebosim) StdoutLine: {'line': b'-- Override CMake install command with custom implementation using symlinks instead of copying resources\n'}
[11.975952] (limo_gazebosim) StdoutLine: {'line': b'-- Found rclcpp: 16.0.19 (/opt/ros/humble/share/rclcpp/cmake)\n'}
[11.991150] (-) TimerEvent: {}
[12.079361] (limo_gazebosim) StdoutLine: {'line': b'-- Found rosidl_generator_c: 3.1.9 (/opt/ros/humble/share/rosidl_generator_c/cmake)\n'}
[12.091513] (-) TimerEvent: {}
[12.092740] (limo_gazebosim) StdoutLine: {'line': b'-- Found rosidl_adapter: 3.1.9 (/opt/ros/humble/share/rosidl_adapter/cmake)\n'}
[12.112588] (limo_gazebosim) StdoutLine: {'line': b'-- Found rosidl_generator_cpp: 3.1.9 (/opt/ros/humble/share/rosidl_generator_cpp/cmake)\n'}
[12.138418] (limo_gazebosim) StdoutLine: {'line': b'-- Using all available rosidl_typesupport_c: rosidl_typesupport_fastrtps_c;rosidl_typesupport_introspection_c\n'}
[12.172867] (limo_gazebosim) StdoutLine: {'line': b'-- Using all available rosidl_typesupport_cpp: rosidl_typesupport_fastrtps_cpp;rosidl_typesupport_introspection_cpp\n'}
[12.192047] (-) TimerEvent: {}
[12.288896] (limo_gazebosim) StdoutLine: {'line': b'-- Found rmw_implementation_cmake: 6.1.3 (/opt/ros/humble/share/rmw_implementation_cmake/cmake)\n'}
[12.292436] (-) TimerEvent: {}
[12.297483] (limo_gazebosim) StdoutLine: {'line': b'-- Found rmw_fastrtps_cpp: 6.2.10 (/opt/ros/humble/share/rmw_fastrtps_cpp/cmake)\n'}
[12.392925] (-) TimerEvent: {}
[12.493904] (-) TimerEvent: {}
[12.564092] (limo_gazebosim) StdoutLine: {'line': b'-- Found OpenSSL: /usr/lib/x86_64-linux-gnu/libcrypto.so (found version "3.0.2")  \n'}
[12.594696] (-) TimerEvent: {}
[12.620254] (limo_gazebosim) StdoutLine: {'line': b'-- Found FastRTPS: /opt/ros/humble/include  \n'}
[12.695182] (-) TimerEvent: {}
[12.705863] (limo_gazebosim) StdoutLine: {'line': b"-- Using RMW implementation 'rmw_fastrtps_cpp' as default\n"}
[12.738965] (limo_gazebosim) StdoutLine: {'line': b'-- Looking for pthread.h\n'}
[12.795614] (-) TimerEvent: {}
[12.896488] (-) TimerEvent: {}
[12.974635] (limo_gazebosim) StdoutLine: {'line': b'-- Looking for pthread.h - found\n'}
[12.975771] (limo_gazebosim) StdoutLine: {'line': b'-- Performing Test CMAKE_HAVE_LIBC_PTHREAD\n'}
[12.996875] (-) TimerEvent: {}
[13.098024] (-) TimerEvent: {}
[13.198893] (-) TimerEvent: {}
[13.218503] (limo_gazebosim) StdoutLine: {'line': b'-- Performing Test CMAKE_HAVE_LIBC_PTHREAD - Success\n'}
[13.221765] (limo_gazebosim) StdoutLine: {'line': b'-- Found Threads: TRUE  \n'}
[13.299274] (-) TimerEvent: {}
[13.333338] (limo_gazebosim) StdoutLine: {'line': b'-- Found rclpy: 3.3.21 (/opt/ros/humble/share/rclpy/cmake)\n'}
[13.338113] (limo_gazebosim) StdoutLine: {'line': b'-- Found ament_lint_auto: 0.12.15 (/opt/ros/humble/share/ament_lint_auto/cmake)\n'}
[13.400093] (-) TimerEvent: {}
[13.500982] (-) TimerEvent: {}
[13.600930] (limo_gazebosim) StdoutLine: {'line': b"-- Added test 'flake8' to check Python code syntax and style conventions\n"}
[13.601196] (-) TimerEvent: {}
[13.612071] (limo_gazebosim) StdoutLine: {'line': b"-- Added test 'lint_cmake' to check CMake code style\n"}
[13.618151] (limo_gazebosim) StdoutLine: {'line': b"-- Added test 'pep257' to check Python code against some of the docstring style conventions in PEP 257\n"}
[13.662219] (limo_gazebosim) StdoutLine: {'line': b"-- Added test 'xmllint' to check XML markup files\n"}
[13.666937] (limo_gazebosim) StdoutLine: {'line': b'-- Configuring done\n'}
[13.689956] (limo_gazebosim) StdoutLine: {'line': b'-- Generating done\n'}
[13.694976] (limo_gazebosim) StdoutLine: {'line': b'-- Build files have been written to: /home/ben/KV6022_limo_ros2/build/limo_gazebosim\n'}
[13.701616] (-) TimerEvent: {}
[13.718733] (limo_gazebosim) CommandEnded: {'returncode': 0}
[13.719706] (limo_gazebosim) JobProgress: {'identifier': 'limo_gazebosim', 'progress': 'build'}
[13.722591] (limo_gazebosim) Command: {'cmd': ['/usr/bin/cmake', '--build', '/home/ben/KV6022_limo_ros2/build/limo_gazebosim', '--', '-j8', '-l8'], 'cwd': '/home/ben/KV6022_limo_ros2/build/limo_gazebosim', 'env': OrderedDict([('LESSOPEN', '| /usr/bin/lesspipe %s'), ('CONDA_PROMPT_MODIFIER', '(ros2)'), ('LANGUAGE', 'en_GB:en'), ('USER', 'ben'), ('XDG_SESSION_TYPE', 'wayland'), ('SHLVL', '1'), ('LD_LIBRARY_PATH', '/home/ben/KV6022_limo_ros2/install/limo_msgs/lib:/usr/lib/x86_64-linux-gnu/gazebo-11/plugins:/opt/ros/humble/opt/rviz_ogre_vendor/lib:/opt/ros/humble/lib/x86_64-linux-gnu:/opt/ros/humble/lib'), ('HOME', '/home/ben'), ('CONDA_SHLVL', '2'), ('OLDPWD', '/home/ben'), ('DESKTOP_SESSION', 'ubuntu'), ('ROS_PYTHON_VERSION', '3'), ('GNOME_SHELL_SESSION_MODE', 'ubuntu'), ('GTK_MODULES', 'gail:atk-bridge'), ('SYSTEMD_EXEC_PID', '1600'), ('DBUS_SESSION_BUS_ADDRESS', 'unix:path=/run/user/1000/bus'), ('COLORTERM', 'truecolor'), ('_CE_M', ''), ('_CONDA_ROOT', '/home/ben/miniconda3'), ('IM_CONFIG_PHASE', '1'), ('WAYLAND_DISPLAY', 'wayland-0'), ('ROS_DISTRO', 'humble'), ('LOGNAME', 'ben'), ('_', '/usr/bin/colcon'), ('ROS_VERSION', '2'), ('XDG_SESSION_CLASS', 'user'), ('USERNAME', 'ben'), ('TERM', 'xterm-256color'), ('GNOME_DESKTOP_SESSION_ID', 'this-is-deprecated'), ('_CE_CONDA', ''), ('ROS_LOCALHOST_ONLY', '0'), ('PATH', '/home/ben/miniconda3/envs/ros2/bin:/home/ben/miniconda3/condabin:/opt/ros/humble/bin:/usr/local/sbin:/usr/local/bin:/usr/sbin:/usr/bin:/sbin:/bin:/usr/games:/usr/local/games:/snap/bin:/snap/bin'), ('SESSION_MANAGER', 'local/ben-Virtual-Machine:@/tmp/.ICE-unix/1562,unix/ben-Virtual-Machine:/tmp/.ICE-unix/1562'), ('XDG_MENU_PREFIX', 'gnome-'), ('GNOME_TERMINAL_SCREEN', '/org/gnome/Terminal/screen/b49f6e32_157d_4a45_9dd8_b48a1e023859'), ('GNOME_SETUP_DISPLAY', ':1'), ('XDG_RUNTIME_DIR', '/run/user/1000'), ('DISPLAY', ':0'), ('LANG', 'en_US.UTF-8'), ('XDG_CURRENT_DESKTOP', 'ubuntu:GNOME'), ('CONDA_PREFIX_1', '/home/ben/miniconda3'), ('XMODIFIERS', '@im=ibus'), ('XDG_SESSION_DESKTOP', 'ubuntu'), ('XAUTHORITY', '/run/user/1000/.mutter-Xwaylandauth.MP6NV3'), ('LS_COLORS', 'rs=0:di=01;34:ln=01;36:mh=00:pi=40;33:so=01;35:do=01;35:bd=40;33;01:cd=40;33;01:or=40;31;01:mi=00:su=37;41:sg=30;43:ca=30;41:tw=30;42:ow=34;42:st=37;44:ex=01;32:*.tar=01;31:*.tgz=01;31:*.arc=01;31:*.arj=01;31:*.taz=01;31:*.lha=01;31:*.lz4=01;31:*.lzh=01;31:*.lzma=01;31:*.tlz=01;31:*.txz=01;31:*.tzo=01;31:*.t7z=01;31:*.zip=01;31:*.z=01;31:*.dz=01;31:*.gz=01;31:*.lrz=01;31:*.lz=01;31:*.lzo=01;31:*.xz=01;31:*.zst=01;31:*.tzst=01;31:*.bz2=01;31:*.bz=01;31:*.tbz=01;31:*.tbz2=01;31:*.tz=01;31:*.deb=01;31:*.rpm=01;31:*.jar=01;31:*.war=01;31:*.ear=01;31:*.sar=01;31:*.rar=01;31:*.alz=01;31:*.ace=01;31:*.zoo=01;31:*.cpio=01;31:*.7z=01;31:*.rz=01;31:*.cab=01;31:*.wim=01;31:*.swm=01;31:*.dwm=01;31:*.esd=01;31:*.jpg=01;35:*.jpeg=01;35:*.mjpg=01;35:*.mjpeg=01;35:*.gif=01;35:*.bmp=01;35:*.pbm=01;35:*.pgm=01;35:*.ppm=01;35:*.tga=01;35:*.xbm=01;35:*.xpm=01;35:*.tif=01;35:*.tiff=01;35:*.png=01;35:*.svg=01;35:*.svgz=01;35:*.mng=01;35:*.pcx=01;35:*.mov=01;35:*.mpg=01;35:*.mpeg=01;35:*.m2v=01;35:*.mkv=01;35:*.webm=01;35:*.webp=01;35:*.ogm=01;35:*.mp4=01;35:*.m4v=01;35:*.mp4v=01;35:*.vob=01;35:*.qt=01;35:*.nuv=01;35:*.wmv=01;35:*.asf=01;35:*.rm=01;35:*.rmvb=01;35:*.flc=01;35:*.avi=01;35:*.fli=01;35:*.flv=01;35:*.gl=01;35:*.dl=01;35:*.xcf=01;35:*.xwd=01;35:*.yuv=01;35:*.cgm=01;35:*.emf=01;35:*.ogv=01;35:*.ogx=01;35:*.aac=00;36:*.au=00;36:*.flac=00;36:*.m4a=00;36:*.mid=00;36:*.midi=00;36:*.mka=00;36:*.mp3=00;36:*.mpc=00;36:*.ogg=00;36:*.ra=00;36:*.wav=00;36:*.oga=00;36:*.opus=00;36:*.spx=00;36:*.xspf=00;36:'), ('GNOME_TERMINAL_SERVICE', ':1.786'), ('SSH_AGENT_LAUNCHER', 'gnome-keyring'), ('SSH_AUTH_SOCK', '/run/user/1000/keyring/ssh'), ('AMENT_PREFIX_PATH', '/home/ben/KV6022_limo_ros2/install/limo_msgs:/home/ben/KV6022_limo_ros2/install/limo_description:/opt/ros/humble'), ('CONDA_PYTHON_EXE', '/home/ben/miniconda3/bin/python'), ('SHELL', '/bin/bash'), ('QT_ACCESSIBILITY', '1'), ('GDMSESSION', 'ubuntu'), ('LESSCLOSE', '/usr/bin/lesspipe %s %s'), ('CONDA_DEFAULT_ENV', 'ros2'), ('_CONDA_EXE', '/home/ben/miniconda3/bin/conda'), ('QT_IM_MODULE', 'ibus'), ('PWD', '/home/ben/KV6022_limo_ros2/build/limo_gazebosim'), ('LC_ALL', 'en_US.UTF-8'), ('XDG_CONFIG_DIRS', '/etc/xdg/xdg-ubuntu:/etc/xdg'), ('CONDA_EXE', '/home/ben/miniconda3/bin/conda'), ('XDG_DATA_DIRS', '/usr/share/ubuntu:/usr/local/share/:/usr/share/:/var/lib/snapd/desktop'), ('PYTHONPATH', '/home/ben/KV6022_limo_ros2/install/limo_msgs/lib/python3.10/site-packages:/opt/ros/humble/lib/python3.10/site-packages:/opt/ros/humble/local/lib/python3.10/dist-packages'), ('CONDA_PREFIX', '/home/ben/miniconda3/envs/ros2'), ('COLCON', '1'), ('VTE_VERSION', '6800'), ('CMAKE_PREFIX_PATH', '/home/ben/KV6022_limo_ros2/install/limo_msgs:/home/ben/KV6022_limo_ros2/install/limo_description:/opt/ros/humble')]), 'shell': False}
[13.801968] (-) TimerEvent: {}
[13.903100] (-) TimerEvent: {}
[13.920053] (limo_gazebosim) StdoutLine: {'line': b'Built target ament_cmake_python_symlink_limo_gazebosim\n'}
[14.003543] (-) TimerEvent: {}
[14.104539] (-) TimerEvent: {}
[14.205436] (-) TimerEvent: {}
[14.244955] (limo_gazebosim) StdoutLine: {'line': b'running egg_info\n'}
[14.264792] (limo_gazebosim) StdoutLine: {'line': b'creating limo_gazebosim.egg-info\n'}
[14.265006] (limo_gazebosim) StdoutLine: {'line': b'writing limo_gazebosim.egg-info/PKG-INFO\n'}
[14.265327] (limo_gazebosim) StdoutLine: {'line': b'writing dependency_links to limo_gazebosim.egg-info/dependency_links.txt\n'}
[14.265841] (limo_gazebosim) StdoutLine: {'line': b'writing top-level names to limo_gazebosim.egg-info/top_level.txt\n'}
[14.265975] (limo_gazebosim) StdoutLine: {'line': b"writing manifest file 'limo_gazebosim.egg-info/SOURCES.txt'\n"}
[14.306235] (-) TimerEvent: {}
[14.326260] (limo_gazebosim) StdoutLine: {'line': b"reading manifest file 'limo_gazebosim.egg-info/SOURCES.txt'\n"}
[14.327239] (limo_gazebosim) StdoutLine: {'line': b"writing manifest file 'limo_gazebosim.egg-info/SOURCES.txt'\n"}
[14.372140] (limo_gazebosim) StdoutLine: {'line': b'Built target ament_cmake_python_build_limo_gazebosim_egg\n'}
[14.405415] (limo_gazebosim) CommandEnded: {'returncode': 0}
[14.406622] (limo_gazebosim) JobProgress: {'identifier': 'limo_gazebosim', 'progress': 'install'}
[14.406690] (-) TimerEvent: {}
[14.409142] (limo_gazebosim) Command: {'cmd': ['/usr/bin/cmake', '--install', '/home/ben/KV6022_limo_ros2/build/limo_gazebosim'], 'cwd': '/home/ben/KV6022_limo_ros2/build/limo_gazebosim', 'env': OrderedDict([('LESSOPEN', '| /usr/bin/lesspipe %s'), ('CONDA_PROMPT_MODIFIER', '(ros2)'), ('LANGUAGE', 'en_GB:en'), ('USER', 'ben'), ('XDG_SESSION_TYPE', 'wayland'), ('SHLVL', '1'), ('LD_LIBRARY_PATH', '/home/ben/KV6022_limo_ros2/install/limo_msgs/lib:/usr/lib/x86_64-linux-gnu/gazebo-11/plugins:/opt/ros/humble/opt/rviz_ogre_vendor/lib:/opt/ros/humble/lib/x86_64-linux-gnu:/opt/ros/humble/lib'), ('HOME', '/home/ben'), ('CONDA_SHLVL', '2'), ('OLDPWD', '/home/ben'), ('DESKTOP_SESSION', 'ubuntu'), ('ROS_PYTHON_VERSION', '3'), ('GNOME_SHELL_SESSION_MODE', 'ubuntu'), ('GTK_MODULES', 'gail:atk-bridge'), ('SYSTEMD_EXEC_PID', '1600'), ('DBUS_SESSION_BUS_ADDRESS', 'unix:path=/run/user/1000/bus'), ('COLORTERM', 'truecolor'), ('_CE_M', ''), ('_CONDA_ROOT', '/home/ben/miniconda3'), ('IM_CONFIG_PHASE', '1'), ('WAYLAND_DISPLAY', 'wayland-0'), ('ROS_DISTRO', 'humble'), ('LOGNAME', 'ben'), ('_', '/usr/bin/colcon'), ('ROS_VERSION', '2'), ('XDG_SESSION_CLASS', 'user'), ('USERNAME', 'ben'), ('TERM', 'xterm-256color'), ('GNOME_DESKTOP_SESSION_ID', 'this-is-deprecated'), ('_CE_CONDA', ''), ('ROS_LOCALHOST_ONLY', '0'), ('PATH', '/home/ben/miniconda3/envs/ros2/bin:/home/ben/miniconda3/condabin:/opt/ros/humble/bin:/usr/local/sbin:/usr/local/bin:/usr/sbin:/usr/bin:/sbin:/bin:/usr/games:/usr/local/games:/snap/bin:/snap/bin'), ('SESSION_MANAGER', 'local/ben-Virtual-Machine:@/tmp/.ICE-unix/1562,unix/ben-Virtual-Machine:/tmp/.ICE-unix/1562'), ('XDG_MENU_PREFIX', 'gnome-'), ('GNOME_TERMINAL_SCREEN', '/org/gnome/Terminal/screen/b49f6e32_157d_4a45_9dd8_b48a1e023859'), ('GNOME_SETUP_DISPLAY', ':1'), ('XDG_RUNTIME_DIR', '/run/user/1000'), ('DISPLAY', ':0'), ('LANG', 'en_US.UTF-8'), ('XDG_CURRENT_DESKTOP', 'ubuntu:GNOME'), ('CONDA_PREFIX_1', '/home/ben/miniconda3'), ('XMODIFIERS', '@im=ibus'), ('XDG_SESSION_DESKTOP', 'ubuntu'), ('XAUTHORITY', '/run/user/1000/.mutter-Xwaylandauth.MP6NV3'), ('LS_COLORS', 'rs=0:di=01;34:ln=01;36:mh=00:pi=40;33:so=01;35:do=01;35:bd=40;33;01:cd=40;33;01:or=40;31;01:mi=00:su=37;41:sg=30;43:ca=30;41:tw=30;42:ow=34;42:st=37;44:ex=01;32:*.tar=01;31:*.tgz=01;31:*.arc=01;31:*.arj=01;31:*.taz=01;31:*.lha=01;31:*.lz4=01;31:*.lzh=01;31:*.lzma=01;31:*.tlz=01;31:*.txz=01;31:*.tzo=01;31:*.t7z=01;31:*.zip=01;31:*.z=01;31:*.dz=01;31:*.gz=01;31:*.lrz=01;31:*.lz=01;31:*.lzo=01;31:*.xz=01;31:*.zst=01;31:*.tzst=01;31:*.bz2=01;31:*.bz=01;31:*.tbz=01;31:*.tbz2=01;31:*.tz=01;31:*.deb=01;31:*.rpm=01;31:*.jar=01;31:*.war=01;31:*.ear=01;31:*.sar=01;31:*.rar=01;31:*.alz=01;31:*.ace=01;31:*.zoo=01;31:*.cpio=01;31:*.7z=01;31:*.rz=01;31:*.cab=01;31:*.wim=01;31:*.swm=01;31:*.dwm=01;31:*.esd=01;31:*.jpg=01;35:*.jpeg=01;35:*.mjpg=01;35:*.mjpeg=01;35:*.gif=01;35:*.bmp=01;35:*.pbm=01;35:*.pgm=01;35:*.ppm=01;35:*.tga=01;35:*.xbm=01;35:*.xpm=01;35:*.tif=01;35:*.tiff=01;35:*.png=01;35:*.svg=01;35:*.svgz=01;35:*.mng=01;35:*.pcx=01;35:*.mov=01;35:*.mpg=01;35:*.mpeg=01;35:*.m2v=01;35:*.mkv=01;35:*.webm=01;35:*.webp=01;35:*.ogm=01;35:*.mp4=01;35:*.m4v=01;35:*.mp4v=01;35:*.vob=01;35:*.qt=01;35:*.nuv=01;35:*.wmv=01;35:*.asf=01;35:*.rm=01;35:*.rmvb=01;35:*.flc=01;35:*.avi=01;35:*.fli=01;35:*.flv=01;35:*.gl=01;35:*.dl=01;35:*.xcf=01;35:*.xwd=01;35:*.yuv=01;35:*.cgm=01;35:*.emf=01;35:*.ogv=01;35:*.ogx=01;35:*.aac=00;36:*.au=00;36:*.flac=00;36:*.m4a=00;36:*.mid=00;36:*.midi=00;36:*.mka=00;36:*.mp3=00;36:*.mpc=00;36:*.ogg=00;36:*.ra=00;36:*.wav=00;36:*.oga=00;36:*.opus=00;36:*.spx=00;36:*.xspf=00;36:'), ('GNOME_TERMINAL_SERVICE', ':1.786'), ('SSH_AGENT_LAUNCHER', 'gnome-keyring'), ('SSH_AUTH_SOCK', '/run/user/1000/keyring/ssh'), ('AMENT_PREFIX_PATH', '/home/ben/KV6022_limo_ros2/install/limo_msgs:/home/ben/KV6022_limo_ros2/install/limo_description:/opt/ros/humble'), ('CONDA_PYTHON_EXE', '/home/ben/miniconda3/bin/python'), ('SHELL', '/bin/bash'), ('QT_ACCESSIBILITY', '1'), ('GDMSESSION', 'ubuntu'), ('LESSCLOSE', '/usr/bin/lesspipe %s %s'), ('CONDA_DEFAULT_ENV', 'ros2'), ('_CONDA_EXE', '/home/ben/miniconda3/bin/conda'), ('QT_IM_MODULE', 'ibus'), ('PWD', '/home/ben/KV6022_limo_ros2/build/limo_gazebosim'), ('LC_ALL', 'en_US.UTF-8'), ('XDG_CONFIG_DIRS', '/etc/xdg/xdg-ubuntu:/etc/xdg'), ('CONDA_EXE', '/home/ben/miniconda3/bin/conda'), ('XDG_DATA_DIRS', '/usr/share/ubuntu:/usr/local/share/:/usr/share/:/var/lib/snapd/desktop'), ('PYTHONPATH', '/home/ben/KV6022_limo_ros2/install/limo_msgs/lib/python3.10/site-packages:/opt/ros/humble/lib/python3.10/site-packages:/opt/ros/humble/local/lib/python3.10/dist-packages'), ('CONDA_PREFIX', '/home/ben/miniconda3/envs/ros2'), ('COLCON', '1'), ('VTE_VERSION', '6800'), ('CMAKE_PREFIX_PATH', '/home/ben/KV6022_limo_ros2/install/limo_msgs:/home/ben/KV6022_limo_ros2/install/limo_description:/opt/ros/humble')]), 'shell': False}
[14.432798] (limo_gazebosim) StdoutLine: {'line': b'-- Install configuration: ""\n'}
[14.434169] (limo_gazebosim) StdoutLine: {'line': b'-- Execute custom install script\n'}
[14.435018] (limo_gazebosim) StdoutLine: {'line': b'-- Symlinking: /home/ben/KV6022_limo_ros2/install/limo_gazebosim/share/limo_gazebosim/launch/limo_gazebo_ackerman_drive.launch.py\n'}
[14.461980] (limo_gazebosim) StdoutLine: {'line': b'-- Symlinking: /home/ben/KV6022_limo_ros2/install/limo_gazebosim/share/limo_gazebosim/launch/limo_gazebo_assessment.launch.py\n'}
[14.489940] (limo_gazebosim) StdoutLine: {'line': b'-- Symlinking: /home/ben/KV6022_limo_ros2/install/limo_gazebosim/share/limo_gazebosim/launch/limo_gazebo_diff.launch.py\n'}
[14.507230] (-) TimerEvent: {}
[14.517608] (limo_gazebosim) StdoutLine: {'line': b'-- Symlinking: /home/ben/KV6022_limo_ros2/install/limo_gazebosim/share/limo_gazebosim/launch/limo_gazebo_mecanum_drive.launch.py\n'}
[14.544057] (limo_gazebosim) StdoutLine: {'line': b'-- Symlinking: /home/ben/KV6022_limo_ros2/install/limo_gazebosim/share/limo_gazebosim/launch/limo_gazebo_track_drive.launch.py\n'}
[14.573238] (limo_gazebosim) StdoutLine: {'line': b'-- Symlinking: /home/ben/KV6022_limo_ros2/install/limo_gazebosim/share/limo_gazebosim/rviz/urdf.rviz\n'}
[14.600429] (limo_gazebosim) StdoutLine: {'line': b'-- Symlinking: /home/ben/KV6022_limo_ros2/install/limo_gazebosim/share/limo_gazebosim/worlds/potholes.world\n'}
[14.607545] (-) TimerEvent: {}
[14.628155] (limo_gazebosim) StdoutLine: {'line': b'-- Symlinking: /home/ben/KV6022_limo_ros2/install/limo_gazebosim/share/limo_gazebosim/worlds/potholes_simple.world\n'}
[14.655641] (limo_gazebosim) StdoutLine: {'line': b'-- Symlinking: /home/ben/KV6022_limo_ros2/install/limo_gazebosim/share/limo_gazebosim/worlds/simple.world\n'}
[14.681928] (limo_gazebosim) StdoutLine: {'line': b'-- Symlinking: /home/ben/KV6022_limo_ros2/install/limo_gazebosim/share/limo_gazebosim/worlds/simulation_table.world\n'}
[14.708133] (-) TimerEvent: {}
[14.709864] (limo_gazebosim) StdoutLine: {'line': b'-- Symlinking: /home/ben/KV6022_limo_ros2/install/limo_gazebosim/share/limo_gazebosim/worlds/simulation_table_small.world\n'}
[14.737963] (limo_gazebosim) StdoutLine: {'line': b'-- Symlinking: /home/ben/KV6022_limo_ros2/install/limo_gazebosim/share/limo_gazebosim/worlds/simulation_table_with_obstacles.world\n'}
[14.770517] (limo_gazebosim) StdoutLine: {'line': b'-- Symlinking: /home/ben/KV6022_limo_ros2/install/limo_gazebosim/share/limo_gazebosim/models/Apriltag36_11_00000/materials/scripts/Apriltag.material\n'}
[14.797588] (limo_gazebosim) StdoutLine: {'line': b'-- Symlinking: /home/ben/KV6022_limo_ros2/install/limo_gazebosim/share/limo_gazebosim/models/Apriltag36_11_00000/materials/textures/tag36_11_00000.png\n'}
[14.808949] (-) TimerEvent: {}
[14.824496] (limo_gazebosim) StdoutLine: {'line': b'-- Symlinking: /home/ben/KV6022_limo_ros2/install/limo_gazebosim/share/limo_gazebosim/models/Apriltag36_11_00000/meshes/tag36_11_00000.dae\n'}
[14.850870] (limo_gazebosim) StdoutLine: {'line': b'-- Symlinking: /home/ben/KV6022_limo_ros2/install/limo_gazebosim/share/limo_gazebosim/models/Apriltag36_11_00000/model.config\n'}
[14.879086] (limo_gazebosim) StdoutLine: {'line': b'-- Symlinking: /home/ben/KV6022_limo_ros2/install/limo_gazebosim/share/limo_gazebosim/models/Apriltag36_11_00000/model.sdf\n'}
[14.905628] (limo_gazebosim) StdoutLine: {'line': b'-- Symlinking: /home/ben/KV6022_limo_ros2/install/limo_gazebosim/share/limo_gazebosim/models/Apriltag36_11_00001/materials/scripts/Apriltag.material\n'}
[14.909665] (-) TimerEvent: {}
[14.933022] (limo_gazebosim) StdoutLine: {'line': b'-- Symlinking: /home/ben/KV6022_limo_ros2/install/limo_gazebosim/share/limo_gazebosim/models/Apriltag36_11_00001/materials/textures/tag36_11_00001.png\n'}
[14.959764] (limo_gazebosim) StdoutLine: {'line': b'-- Symlinking: /home/ben/KV6022_limo_ros2/install/limo_gazebosim/share/limo_gazebosim/models/Apriltag36_11_00001/model.config\n'}
[14.987343] (limo_gazebosim) StdoutLine: {'line': b'-- Symlinking: /home/ben/KV6022_limo_ros2/install/limo_gazebosim/share/limo_gazebosim/models/Apriltag36_11_00001/model.sdf\n'}
[15.010303] (-) TimerEvent: {}
[15.014498] (limo_gazebosim) StdoutLine: {'line': b'-- Symlinking: /home/ben/KV6022_limo_ros2/install/limo_gazebosim/share/limo_gazebosim/models/Apriltag36_11_00002/materials/scripts/Apriltag.material\n'}
[15.041786] (limo_gazebosim) StdoutLine: {'line': b'-- Symlinking: /home/ben/KV6022_limo_ros2/install/limo_gazebosim/share/limo_gazebosim/models/Apriltag36_11_00002/materials/textures/tag36_11_00002.png\n'}
[15.068144] (limo_gazebosim) StdoutLine: {'line': b'-- Symlinking: /home/ben/KV6022_limo_ros2/install/limo_gazebosim/share/limo_gazebosim/models/Apriltag36_11_00002/model.config\n'}
[15.096983] (limo_gazebosim) StdoutLine: {'line': b'-- Symlinking: /home/ben/KV6022_limo_ros2/install/limo_gazebosim/share/limo_gazebosim/models/Apriltag36_11_00002/model.sdf\n'}
[15.110908] (-) TimerEvent: {}
[15.125056] (limo_gazebosim) StdoutLine: {'line': b'-- Symlinking: /home/ben/KV6022_limo_ros2/install/limo_gazebosim/share/limo_gazebosim/models/Apriltag36_11_00003/materials/scripts/Apriltag.material\n'}
[15.152682] (limo_gazebosim) StdoutLine: {'line': b'-- Symlinking: /home/ben/KV6022_limo_ros2/install/limo_gazebosim/share/limo_gazebosim/models/Apriltag36_11_00003/materials/textures/tag36_11_00003.png\n'}
[15.180429] (limo_gazebosim) StdoutLine: {'line': b'-- Symlinking: /home/ben/KV6022_limo_ros2/install/limo_gazebosim/share/limo_gazebosim/models/Apriltag36_11_00003/model.config\n'}
[15.209956] (limo_gazebosim) StdoutLine: {'line': b'-- Symlinking: /home/ben/KV6022_limo_ros2/install/limo_gazebosim/share/limo_gazebosim/models/Apriltag36_11_00003/model.sdf\n'}
[15.211301] (-) TimerEvent: {}
[15.239514] (limo_gazebosim) StdoutLine: {'line': b'-- Symlinking: /home/ben/KV6022_limo_ros2/install/limo_gazebosim/share/limo_gazebosim/models/potholes/materials/scripts/potholes.material\n'}
[15.266711] (limo_gazebosim) StdoutLine: {'line': b'-- Symlinking: /home/ben/KV6022_limo_ros2/install/limo_gazebosim/share/limo_gazebosim/models/potholes/materials/textures/background_potholes.png\n'}
[15.295037] (limo_gazebosim) StdoutLine: {'line': b'-- Symlinking: /home/ben/KV6022_limo_ros2/install/limo_gazebosim/share/limo_gazebosim/models/potholes/model.config\n'}
[15.311956] (-) TimerEvent: {}
[15.321148] (limo_gazebosim) StdoutLine: {'line': b'-- Symlinking: /home/ben/KV6022_limo_ros2/install/limo_gazebosim/share/limo_gazebosim/models/potholes/model.sdf\n'}
[15.348308] (limo_gazebosim) StdoutLine: {'line': b'-- Symlinking: /home/ben/KV6022_limo_ros2/install/limo_gazebosim/share/limo_gazebosim/models/potholes_simple/materials/scripts/potholes_simple.material\n'}
[15.376557] (limo_gazebosim) StdoutLine: {'line': b'-- Symlinking: /home/ben/KV6022_limo_ros2/install/limo_gazebosim/share/limo_gazebosim/models/potholes_simple/materials/textures/background_potholes_simple.png\n'}
[15.404148] (limo_gazebosim) StdoutLine: {'line': b'-- Symlinking: /home/ben/KV6022_limo_ros2/install/limo_gazebosim/share/limo_gazebosim/models/potholes_simple/model.config\n'}
[15.412494] (-) TimerEvent: {}
[15.432931] (limo_gazebosim) StdoutLine: {'line': b'-- Symlinking: /home/ben/KV6022_limo_ros2/install/limo_gazebosim/share/limo_gazebosim/models/potholes_simple/model.sdf\n'}
[15.458458] (limo_gazebosim) StdoutLine: {'line': b'-- Symlinking: /home/ben/KV6022_limo_ros2/install/limo_gazebosim/share/limo_gazebosim/models/simple.stl\n'}
[15.486531] (limo_gazebosim) StdoutLine: {'line': b'-- Symlinking: /home/ben/KV6022_limo_ros2/install/limo_gazebosim/share/limo_gazebosim/models/simulation_table/materials/scripts/simulation_table.material\n'}
[15.513168] (-) TimerEvent: {}
[15.513976] (limo_gazebosim) StdoutLine: {'line': b'-- Symlinking: /home/ben/KV6022_limo_ros2/install/limo_gazebosim/share/limo_gazebosim/models/simulation_table/materials/textures/background (copy).png\n'}
[15.540939] (limo_gazebosim) StdoutLine: {'line': b'-- Symlinking: /home/ben/KV6022_limo_ros2/install/limo_gazebosim/share/limo_gazebosim/models/simulation_table/materials/textures/background.png\n'}
[15.567907] (limo_gazebosim) StdoutLine: {'line': b'-- Symlinking: /home/ben/KV6022_limo_ros2/install/limo_gazebosim/share/limo_gazebosim/models/simulation_table/materials/textures/background_low.png\n'}
[15.595795] (limo_gazebosim) StdoutLine: {'line': b'-- Symlinking: /home/ben/KV6022_limo_ros2/install/limo_gazebosim/share/limo_gazebosim/models/simulation_table/materials/textures/simulation_table_vector.svg\n'}
[15.613993] (-) TimerEvent: {}
[15.623905] (limo_gazebosim) StdoutLine: {'line': b'-- Symlinking: /home/ben/KV6022_limo_ros2/install/limo_gazebosim/share/limo_gazebosim/models/simulation_table/model.config\n'}
[15.651449] (limo_gazebosim) StdoutLine: {'line': b'-- Symlinking: /home/ben/KV6022_limo_ros2/install/limo_gazebosim/share/limo_gazebosim/models/simulation_table/model.sdf\n'}
[15.681166] (limo_gazebosim) StdoutLine: {'line': b'-- Symlinking: /home/ben/KV6022_limo_ros2/install/limo_gazebosim/share/limo_gazebosim/models/simulation_table_small/materials/scripts/simulation_table_small.material\n'}
[15.708534] (limo_gazebosim) StdoutLine: {'line': b'-- Symlinking: /home/ben/KV6022_limo_ros2/install/limo_gazebosim/share/limo_gazebosim/models/simulation_table_small/materials/textures/background_small.png\n'}
[15.714638] (-) TimerEvent: {}
[15.740445] (limo_gazebosim) StdoutLine: {'line': b'-- Symlinking: /home/ben/KV6022_limo_ros2/install/limo_gazebosim/share/limo_gazebosim/models/simulation_table_small/model.config\n'}
[15.767514] (limo_gazebosim) StdoutLine: {'line': b'-- Symlinking: /home/ben/KV6022_limo_ros2/install/limo_gazebosim/share/limo_gazebosim/models/simulation_table_small/model.sdf\n'}
[15.795594] (limo_gazebosim) StdoutLine: {'line': b'-- Symlinking: /home/ben/KV6022_limo_ros2/install/limo_gazebosim/share/limo_gazebosim/models/simulation_table_with_obstacles/materials/scripts/simulation_table.material\n'}
[15.814939] (-) TimerEvent: {}
[15.823873] (limo_gazebosim) StdoutLine: {'line': b'-- Symlinking: /home/ben/KV6022_limo_ros2/install/limo_gazebosim/share/limo_gazebosim/models/simulation_table_with_obstacles/materials/textures/background (copy).png\n'}
[15.851179] (limo_gazebosim) StdoutLine: {'line': b'-- Symlinking: /home/ben/KV6022_limo_ros2/install/limo_gazebosim/share/limo_gazebosim/models/simulation_table_with_obstacles/materials/textures/background.png\n'}
[15.879285] (limo_gazebosim) StdoutLine: {'line': b'-- Symlinking: /home/ben/KV6022_limo_ros2/install/limo_gazebosim/share/limo_gazebosim/models/simulation_table_with_obstacles/materials/textures/background_low.png\n'}
[15.907778] (limo_gazebosim) StdoutLine: {'line': b'-- Symlinking: /home/ben/KV6022_limo_ros2/install/limo_gazebosim/share/limo_gazebosim/models/simulation_table_with_obstacles/materials/textures/simulation_table_vector.svg\n'}
[15.915351] (-) TimerEvent: {}
[15.934624] (limo_gazebosim) StdoutLine: {'line': b'-- Symlinking: /home/ben/KV6022_limo_ros2/install/limo_gazebosim/share/limo_gazebosim/models/simulation_table_with_obstacles/model.config\n'}
[15.961627] (limo_gazebosim) StdoutLine: {'line': b'-- Symlinking: /home/ben/KV6022_limo_ros2/install/limo_gazebosim/share/limo_gazebosim/models/simulation_table_with_obstacles/model.sdf\n'}
[15.991518] (limo_gazebosim) StdoutLine: {'line': b'-- Symlinking: /home/ben/KV6022_limo_ros2/install/limo_gazebosim/share/limo_gazebosim/environment/pythonpath.sh\n'}
[16.015819] (-) TimerEvent: {}
[16.018562] (limo_gazebosim) StdoutLine: {'line': b'-- Symlinking: /home/ben/KV6022_limo_ros2/install/limo_gazebosim/share/limo_gazebosim/environment/pythonpath.dsv\n'}
[16.048151] (limo_gazebosim) StdoutLine: {'line': b'-- Symlinking: /home/ben/KV6022_limo_ros2/install/limo_gazebosim/lib/python3.10/site-packages/limo_gazebosim-0.0.0-py3.10.egg-info/PKG-INFO\n'}
[16.075888] (limo_gazebosim) StdoutLine: {'line': b'-- Symlinking: /home/ben/KV6022_limo_ros2/install/limo_gazebosim/lib/python3.10/site-packages/limo_gazebosim-0.0.0-py3.10.egg-info/SOURCES.txt\n'}
[16.104136] (limo_gazebosim) StdoutLine: {'line': b'-- Symlinking: /home/ben/KV6022_limo_ros2/install/limo_gazebosim/lib/python3.10/site-packages/limo_gazebosim-0.0.0-py3.10.egg-info/dependency_links.txt\n'}
[16.116449] (-) TimerEvent: {}
[16.132553] (limo_gazebosim) StdoutLine: {'line': b'-- Symlinking: /home/ben/KV6022_limo_ros2/install/limo_gazebosim/lib/python3.10/site-packages/limo_gazebosim-0.0.0-py3.10.egg-info/top_level.txt\n'}
[16.163453] (limo_gazebosim) StdoutLine: {'line': b'-- Symlinking: /home/ben/KV6022_limo_ros2/install/limo_gazebosim/lib/python3.10/site-packages/limo_gazebosim/__init__.py\n'}
[16.193270] (limo_gazebosim) StdoutLine: {'line': b'-- Symlinking: /home/ben/KV6022_limo_ros2/install/limo_gazebosim/lib/limo_gazebosim/twist_watchdog.py\n'}
[16.216809] (-) TimerEvent: {}
[16.221113] (limo_gazebosim) StdoutLine: {'line': b'-- Symlinking: /home/ben/KV6022_limo_ros2/install/limo_gazebosim/share/ament_index/resource_index/package_run_dependencies/limo_gazebosim\n'}
[16.248996] (limo_gazebosim) StdoutLine: {'line': b'-- Symlinking: /home/ben/KV6022_limo_ros2/install/limo_gazebosim/share/ament_index/resource_index/parent_prefix_path/limo_gazebosim\n'}
[16.277663] (limo_gazebosim) StdoutLine: {'line': b'-- Symlinking: /home/ben/KV6022_limo_ros2/install/limo_gazebosim/share/limo_gazebosim/environment/ament_prefix_path.sh\n'}
[16.306925] (limo_gazebosim) StdoutLine: {'line': b'-- Symlinking: /home/ben/KV6022_limo_ros2/install/limo_gazebosim/share/limo_gazebosim/environment/ament_prefix_path.dsv\n'}
[16.317552] (-) TimerEvent: {}
[16.334570] (limo_gazebosim) StdoutLine: {'line': b'-- Symlinking: /home/ben/KV6022_limo_ros2/install/limo_gazebosim/share/limo_gazebosim/environment/path.sh\n'}
[16.360782] (limo_gazebosim) StdoutLine: {'line': b'-- Symlinking: /home/ben/KV6022_limo_ros2/install/limo_gazebosim/share/limo_gazebosim/environment/path.dsv\n'}
[16.388855] (limo_gazebosim) StdoutLine: {'line': b'-- Symlinking: /home/ben/KV6022_limo_ros2/install/limo_gazebosim/share/limo_gazebosim/local_setup.bash\n'}
[16.416263] (limo_gazebosim) StdoutLine: {'line': b'-- Symlinking: /home/ben/KV6022_limo_ros2/install/limo_gazebosim/share/limo_gazebosim/local_setup.sh\n'}
[16.418064] (-) TimerEvent: {}
[16.442945] (limo_gazebosim) StdoutLine: {'line': b'-- Symlinking: /home/ben/KV6022_limo_ros2/install/limo_gazebosim/share/limo_gazebosim/local_setup.zsh\n'}
[16.470712] (limo_gazebosim) StdoutLine: {'line': b'-- Symlinking: /home/ben/KV6022_limo_ros2/install/limo_gazebosim/share/limo_gazebosim/local_setup.dsv\n'}
[16.501024] (limo_gazebosim) StdoutLine: {'line': b'-- Symlinking: /home/ben/KV6022_limo_ros2/install/limo_gazebosim/share/limo_gazebosim/package.dsv\n'}
[16.518899] (-) TimerEvent: {}
[16.527403] (limo_gazebosim) StdoutLine: {'line': b'-- Symlinking: /home/ben/KV6022_limo_ros2/install/limo_gazebosim/share/ament_index/resource_index/packages/limo_gazebosim\n'}
[16.555073] (limo_gazebosim) StdoutLine: {'line': b'-- Symlinking: /home/ben/KV6022_limo_ros2/install/limo_gazebosim/share/limo_gazebosim/cmake/limo_gazebosimConfig.cmake\n'}
[16.583995] (limo_gazebosim) StdoutLine: {'line': b'-- Symlinking: /home/ben/KV6022_limo_ros2/install/limo_gazebosim/share/limo_gazebosim/cmake/limo_gazebosimConfig-version.cmake\n'}
[16.612436] (limo_gazebosim) StdoutLine: {'line': b'-- Symlinking: /home/ben/KV6022_limo_ros2/install/limo_gazebosim/share/limo_gazebosim/package.xml\n'}
[16.619266] (-) TimerEvent: {}
[16.700209] (limo_gazebosim) StdoutLine: {'line': b"Listing '/home/ben/KV6022_limo_ros2/install/limo_gazebosim/lib/python3.10/site-packages/limo_gazebosim'...\n"}
[16.700494] (limo_gazebosim) StdoutLine: {'line': b"Compiling '/home/ben/KV6022_limo_ros2/install/limo_gazebosim/lib/python3.10/site-packages/limo_gazebosim/__init__.py'...\n"}
[16.709462] (limo_gazebosim) CommandEnded: {'returncode': 0}
[16.719861] (-) TimerEvent: {}
[16.742484] (limo_gazebosim) JobEnded: {'identifier': 'limo_gazebosim', 'rc': 0}
[16.745090] (-) EventReactorShutdown: {}
