[0.000000] (-) TimerEvent: {}
[0.000439] (KV6022_assessment) JobQueued: {'identifier': 'KV6022_assessment', 'dependencies': OrderedDict()}
[0.000538] (Week2_lab) JobQueued: {'identifier': 'Week2_lab', 'dependencies': OrderedDict()}
[0.000927] (example_codes) JobQueued: {'identifier': 'example_codes', 'dependencies': OrderedDict()}
[0.001442] (limo_description) JobQueued: {'identifier': 'limo_description', 'dependencies': OrderedDict()}
[0.001526] (limo_msgs) JobQueued: {'identifier': 'limo_msgs', 'dependencies': OrderedDict()}
[0.001575] (trajectory_referee) JobQueued: {'identifier': 'trajectory_referee', 'dependencies': OrderedDict()}
[0.001795] (trajectory_skeleton) JobQueued: {'identifier': 'trajectory_skeleton', 'dependencies': OrderedDict()}
[0.002055] (limo_gazebosim) JobQueued: {'identifier': 'limo_gazebosim', 'dependencies': OrderedDict([('limo_description', '/home/ben/KV6022_limo_ros2/install/limo_description'), ('limo_msgs', '/home/ben/KV6022_limo_ros2/install/limo_msgs')])}
[0.002153] (limo_description) JobStarted: {'identifier': 'limo_description'}
[0.021493] (limo_msgs) JobStarted: {'identifier': 'limo_msgs'}
[0.035564] (KV6022_assessment) JobStarted: {'identifier': 'KV6022_assessment'}
[0.053630] (Week2_lab) JobStarted: {'identifier': 'Week2_lab'}
[0.065662] (example_codes) JobStarted: {'identifier': 'example_codes'}
[0.086444] (trajectory_referee) JobStarted: {'identifier': 'trajectory_referee'}
[0.098731] (-) TimerEvent: {}
[0.102006] (trajectory_skeleton) JobStarted: {'identifier': 'trajectory_skeleton'}
[0.123104] (limo_description) JobProgress: {'identifier': 'limo_description', 'progress': 'cmake'}
[0.128714] (limo_description) Command: {'cmd': ['/usr/bin/cmake', '/home/ben/KV6022_limo_ros2/src/limo_description', '-DCMAKE_INSTALL_PREFIX=/home/ben/KV6022_limo_ros2/install/limo_description'], 'cwd': '/home/ben/KV6022_limo_ros2/build/limo_description', 'env': OrderedDict([('GJS_DEBUG_TOPICS', 'JS ERROR;JS LOG'), ('LESSOPEN', '| /usr/bin/lesspipe %s'), ('CONDA_PROMPT_MODIFIER', '(ros2)'), ('LANGUAGE', 'en_GB:en'), ('USER', 'ben'), ('XDG_SESSION_TYPE', 'wayland'), ('SHLVL', '1'), ('LD_LIBRARY_PATH', '/usr/lib/x86_64-linux-gnu/gazebo-11/plugins:/opt/ros/humble/opt/rviz_ogre_vendor/lib:/opt/ros/humble/lib/x86_64-linux-gnu:/opt/ros/humble/lib'), ('HOME', '/home/ben'), ('CONDA_SHLVL', '2'), ('OLDPWD', '/home/ben/KV6022_limo_ros2/src'), ('DESKTOP_SESSION', 'ubuntu'), ('GIO_LAUNCHED_DESKTOP_FILE', '/usr/share/applications/terminator.desktop'), ('ROS_PYTHON_VERSION', '3'), ('GNOME_SHELL_SESSION_MODE', 'ubuntu'), ('GTK_MODULES', 'gail:atk-bridge'), ('MANAGERPID', '1179'), ('SYSTEMD_EXEC_PID', '1395'), ('DBUS_SESSION_BUS_ADDRESS', 'unix:path=/run/user/1000/bus'), ('COLORTERM', 'truecolor'), ('_CE_M', ''), ('TERMINATOR_DBUS_NAME', 'net.tenshu.Terminator25ef4b219e3b005583550f2b0f9f990c3'), ('_CONDA_ROOT', '/home/ben/miniconda3'), ('GIO_LAUNCHED_DESKTOP_FILE_PID', '9401'), ('IM_CONFIG_PHASE', '1'), ('WAYLAND_DISPLAY', 'wayland-0'), ('ROS_DISTRO', 'humble'), ('LOGNAME', 'ben'), ('JOURNAL_STREAM', '8:24018'), ('_', '/usr/bin/colcon'), ('ROS_VERSION', '2'), ('XDG_SESSION_CLASS', 'user'), ('USERNAME', 'ben'), ('TERM', 'xterm-256color'), ('GNOME_DESKTOP_SESSION_ID', 'this-is-deprecated'), ('_CE_CONDA', ''), ('ROS_LOCALHOST_ONLY', '1'), ('PATH', '/home/ben/miniconda3/envs/ros2/bin:/home/ben/miniconda3/condabin:/opt/ros/humble/bin:/usr/local/sbin:/usr/local/bin:/usr/sbin:/usr/bin:/sbin:/bin:/usr/games:/usr/local/games:/snap/bin:/snap/bin'), ('SESSION_MANAGER', 'local/ben-Virtual-Machine:@/tmp/.ICE-unix/1333,unix/ben-Virtual-Machine:/tmp/.ICE-unix/1333'), ('INVOCATION_ID', '3fc2b0fa5bc04b889e378fc3b6ddc66d'), ('XDG_MENU_PREFIX', 'gnome-'), ('GNOME_SETUP_DISPLAY', ':1'), ('XDG_RUNTIME_DIR', '/run/user/1000'), ('DISPLAY', ':0'), ('TERMINATOR_DBUS_PATH', '/net/tenshu/Terminator2'), ('LANG', 'en_US.UTF-8'), ('XDG_CURRENT_DESKTOP', 'ubuntu:GNOME'), ('IBUS_DISABLE_SNOOPER', '1'), ('CONDA_PREFIX_1', '/home/ben/miniconda3'), ('XMODIFIERS', '@im=ibus'), ('XDG_SESSION_DESKTOP', 'ubuntu'), ('XAUTHORITY', '/run/user/1000/.mutter-Xwaylandauth.O92UV3'), ('LS_COLORS', 'rs=0:di=01;34:ln=01;36:mh=00:pi=40;33:so=01;35:do=01;35:bd=40;33;01:cd=40;33;01:or=40;31;01:mi=00:su=37;41:sg=30;43:ca=30;41:tw=30;42:ow=34;42:st=37;44:ex=01;32:*.tar=01;31:*.tgz=01;31:*.arc=01;31:*.arj=01;31:*.taz=01;31:*.lha=01;31:*.lz4=01;31:*.lzh=01;31:*.lzma=01;31:*.tlz=01;31:*.txz=01;31:*.tzo=01;31:*.t7z=01;31:*.zip=01;31:*.z=01;31:*.dz=01;31:*.gz=01;31:*.lrz=01;31:*.lz=01;31:*.lzo=01;31:*.xz=01;31:*.zst=01;31:*.tzst=01;31:*.bz2=01;31:*.bz=01;31:*.tbz=01;31:*.tbz2=01;31:*.tz=01;31:*.deb=01;31:*.rpm=01;31:*.jar=01;31:*.war=01;31:*.ear=01;31:*.sar=01;31:*.rar=01;31:*.alz=01;31:*.ace=01;31:*.zoo=01;31:*.cpio=01;31:*.7z=01;31:*.rz=01;31:*.cab=01;31:*.wim=01;31:*.swm=01;31:*.dwm=01;31:*.esd=01;31:*.jpg=01;35:*.jpeg=01;35:*.mjpg=01;35:*.mjpeg=01;35:*.gif=01;35:*.bmp=01;35:*.pbm=01;35:*.pgm=01;35:*.ppm=01;35:*.tga=01;35:*.xbm=01;35:*.xpm=01;35:*.tif=01;35:*.tiff=01;35:*.png=01;35:*.svg=01;35:*.svgz=01;35:*.mng=01;35:*.pcx=01;35:*.mov=01;35:*.mpg=01;35:*.mpeg=01;35:*.m2v=01;35:*.mkv=01;35:*.webm=01;35:*.webp=01;35:*.ogm=01;35:*.mp4=01;35:*.m4v=01;35:*.mp4v=01;35:*.vob=01;35:*.qt=01;35:*.nuv=01;35:*.wmv=01;35:*.asf=01;35:*.rm=01;35:*.rmvb=01;35:*.flc=01;35:*.avi=01;35:*.fli=01;35:*.flv=01;35:*.gl=01;35:*.dl=01;35:*.xcf=01;35:*.xwd=01;35:*.yuv=01;35:*.cgm=01;35:*.emf=01;35:*.ogv=01;35:*.ogx=01;35:*.aac=00;36:*.au=00;36:*.flac=00;36:*.m4a=00;36:*.mid=00;36:*.midi=00;36:*.mka=00;36:*.mp3=00;36:*.mpc=00;36:*.ogg=00;36:*.ra=00;36:*.wav=00;36:*.oga=00;36:*.opus=00;36:*.spx=00;36:*.xspf=00;36:'), ('SSH_AGENT_LAUNCHER', 'gnome-keyring'), ('SSH_AUTH_SOCK', '/run/user/1000/keyring/ssh'), ('AMENT_PREFIX_PATH', '/opt/ros/humble'), ('CONDA_PYTHON_EXE', '/home/ben/miniconda3/bin/python'), ('SHELL', '/bin/bash'), ('TERMINATOR_UUID', 'urn:uuid:fcb5a808-5e38-4c8b-85ce-ffeb87c50d1d'), ('QT_ACCESSIBILITY', '1'), ('GDMSESSION', 'ubuntu'), ('LESSCLOSE', '/usr/bin/lesspipe %s %s'), ('CONDA_DEFAULT_ENV', 'ros2'), ('GJS_DEBUG_OUTPUT', 'stderr'), ('_CONDA_EXE', '/home/ben/miniconda3/bin/conda'), ('QT_IM_MODULE', 'ibus'), ('PWD', '/home/ben/KV6022_limo_ros2/build/limo_description'), ('LC_ALL', 'en_US.UTF-8'), ('XDG_CONFIG_DIRS', '/etc/xdg/xdg-ubuntu:/etc/xdg'), ('CONDA_EXE', '/home/ben/miniconda3/bin/conda'), ('XDG_DATA_DIRS', '/usr/share/ubuntu:/usr/local/share/:/usr/share/:/var/lib/snapd/desktop'), ('PYTHONPATH', '/opt/ros/humble/lib/python3.10/site-packages:/opt/ros/humble/local/lib/python3.10/dist-packages'), ('CONDA_PREFIX', '/home/ben/miniconda3/envs/ros2'), ('COLCON', '1'), ('VTE_VERSION', '6800'), ('CMAKE_PREFIX_PATH', '/opt/ros/humble')]), 'shell': False}
[0.137237] (limo_msgs) JobProgress: {'identifier': 'limo_msgs', 'progress': 'cmake'}
[0.144360] (limo_msgs) Command: {'cmd': ['/usr/bin/cmake', '/home/ben/KV6022_limo_ros2/src/limo_msgs', '-DCMAKE_INSTALL_PREFIX=/home/ben/KV6022_limo_ros2/install/limo_msgs'], 'cwd': '/home/ben/KV6022_limo_ros2/build/limo_msgs', 'env': OrderedDict([('GJS_DEBUG_TOPICS', 'JS ERROR;JS LOG'), ('LESSOPEN', '| /usr/bin/lesspipe %s'), ('CONDA_PROMPT_MODIFIER', '(ros2)'), ('LANGUAGE', 'en_GB:en'), ('USER', 'ben'), ('XDG_SESSION_TYPE', 'wayland'), ('SHLVL', '1'), ('LD_LIBRARY_PATH', '/usr/lib/x86_64-linux-gnu/gazebo-11/plugins:/opt/ros/humble/opt/rviz_ogre_vendor/lib:/opt/ros/humble/lib/x86_64-linux-gnu:/opt/ros/humble/lib'), ('HOME', '/home/ben'), ('CONDA_SHLVL', '2'), ('OLDPWD', '/home/ben/KV6022_limo_ros2/src'), ('DESKTOP_SESSION', 'ubuntu'), ('GIO_LAUNCHED_DESKTOP_FILE', '/usr/share/applications/terminator.desktop'), ('ROS_PYTHON_VERSION', '3'), ('GNOME_SHELL_SESSION_MODE', 'ubuntu'), ('GTK_MODULES', 'gail:atk-bridge'), ('MANAGERPID', '1179'), ('SYSTEMD_EXEC_PID', '1395'), ('DBUS_SESSION_BUS_ADDRESS', 'unix:path=/run/user/1000/bus'), ('COLORTERM', 'truecolor'), ('_CE_M', ''), ('TERMINATOR_DBUS_NAME', 'net.tenshu.Terminator25ef4b219e3b005583550f2b0f9f990c3'), ('_CONDA_ROOT', '/home/ben/miniconda3'), ('GIO_LAUNCHED_DESKTOP_FILE_PID', '9401'), ('IM_CONFIG_PHASE', '1'), ('WAYLAND_DISPLAY', 'wayland-0'), ('ROS_DISTRO', 'humble'), ('LOGNAME', 'ben'), ('JOURNAL_STREAM', '8:24018'), ('_', '/usr/bin/colcon'), ('ROS_VERSION', '2'), ('XDG_SESSION_CLASS', 'user'), ('USERNAME', 'ben'), ('TERM', 'xterm-256color'), ('GNOME_DESKTOP_SESSION_ID', 'this-is-deprecated'), ('_CE_CONDA', ''), ('ROS_LOCALHOST_ONLY', '1'), ('PATH', '/home/ben/miniconda3/envs/ros2/bin:/home/ben/miniconda3/condabin:/opt/ros/humble/bin:/usr/local/sbin:/usr/local/bin:/usr/sbin:/usr/bin:/sbin:/bin:/usr/games:/usr/local/games:/snap/bin:/snap/bin'), ('SESSION_MANAGER', 'local/ben-Virtual-Machine:@/tmp/.ICE-unix/1333,unix/ben-Virtual-Machine:/tmp/.ICE-unix/1333'), ('INVOCATION_ID', '3fc2b0fa5bc04b889e378fc3b6ddc66d'), ('XDG_MENU_PREFIX', 'gnome-'), ('GNOME_SETUP_DISPLAY', ':1'), ('XDG_RUNTIME_DIR', '/run/user/1000'), ('DISPLAY', ':0'), ('TERMINATOR_DBUS_PATH', '/net/tenshu/Terminator2'), ('LANG', 'en_US.UTF-8'), ('XDG_CURRENT_DESKTOP', 'ubuntu:GNOME'), ('IBUS_DISABLE_SNOOPER', '1'), ('CONDA_PREFIX_1', '/home/ben/miniconda3'), ('XMODIFIERS', '@im=ibus'), ('XDG_SESSION_DESKTOP', 'ubuntu'), ('XAUTHORITY', '/run/user/1000/.mutter-Xwaylandauth.O92UV3'), ('LS_COLORS', 'rs=0:di=01;34:ln=01;36:mh=00:pi=40;33:so=01;35:do=01;35:bd=40;33;01:cd=40;33;01:or=40;31;01:mi=00:su=37;41:sg=30;43:ca=30;41:tw=30;42:ow=34;42:st=37;44:ex=01;32:*.tar=01;31:*.tgz=01;31:*.arc=01;31:*.arj=01;31:*.taz=01;31:*.lha=01;31:*.lz4=01;31:*.lzh=01;31:*.lzma=01;31:*.tlz=01;31:*.txz=01;31:*.tzo=01;31:*.t7z=01;31:*.zip=01;31:*.z=01;31:*.dz=01;31:*.gz=01;31:*.lrz=01;31:*.lz=01;31:*.lzo=01;31:*.xz=01;31:*.zst=01;31:*.tzst=01;31:*.bz2=01;31:*.bz=01;31:*.tbz=01;31:*.tbz2=01;31:*.tz=01;31:*.deb=01;31:*.rpm=01;31:*.jar=01;31:*.war=01;31:*.ear=01;31:*.sar=01;31:*.rar=01;31:*.alz=01;31:*.ace=01;31:*.zoo=01;31:*.cpio=01;31:*.7z=01;31:*.rz=01;31:*.cab=01;31:*.wim=01;31:*.swm=01;31:*.dwm=01;31:*.esd=01;31:*.jpg=01;35:*.jpeg=01;35:*.mjpg=01;35:*.mjpeg=01;35:*.gif=01;35:*.bmp=01;35:*.pbm=01;35:*.pgm=01;35:*.ppm=01;35:*.tga=01;35:*.xbm=01;35:*.xpm=01;35:*.tif=01;35:*.tiff=01;35:*.png=01;35:*.svg=01;35:*.svgz=01;35:*.mng=01;35:*.pcx=01;35:*.mov=01;35:*.mpg=01;35:*.mpeg=01;35:*.m2v=01;35:*.mkv=01;35:*.webm=01;35:*.webp=01;35:*.ogm=01;35:*.mp4=01;35:*.m4v=01;35:*.mp4v=01;35:*.vob=01;35:*.qt=01;35:*.nuv=01;35:*.wmv=01;35:*.asf=01;35:*.rm=01;35:*.rmvb=01;35:*.flc=01;35:*.avi=01;35:*.fli=01;35:*.flv=01;35:*.gl=01;35:*.dl=01;35:*.xcf=01;35:*.xwd=01;35:*.yuv=01;35:*.cgm=01;35:*.emf=01;35:*.ogv=01;35:*.ogx=01;35:*.aac=00;36:*.au=00;36:*.flac=00;36:*.m4a=00;36:*.mid=00;36:*.midi=00;36:*.mka=00;36:*.mp3=00;36:*.mpc=00;36:*.ogg=00;36:*.ra=00;36:*.wav=00;36:*.oga=00;36:*.opus=00;36:*.spx=00;36:*.xspf=00;36:'), ('SSH_AGENT_LAUNCHER', 'gnome-keyring'), ('SSH_AUTH_SOCK', '/run/user/1000/keyring/ssh'), ('AMENT_PREFIX_PATH', '/opt/ros/humble'), ('CONDA_PYTHON_EXE', '/home/ben/miniconda3/bin/python'), ('SHELL', '/bin/bash'), ('TERMINATOR_UUID', 'urn:uuid:fcb5a808-5e38-4c8b-85ce-ffeb87c50d1d'), ('QT_ACCESSIBILITY', '1'), ('GDMSESSION', 'ubuntu'), ('LESSCLOSE', '/usr/bin/lesspipe %s %s'), ('CONDA_DEFAULT_ENV', 'ros2'), ('GJS_DEBUG_OUTPUT', 'stderr'), ('_CONDA_EXE', '/home/ben/miniconda3/bin/conda'), ('QT_IM_MODULE', 'ibus'), ('PWD', '/home/ben/KV6022_limo_ros2/build/limo_msgs'), ('LC_ALL', 'en_US.UTF-8'), ('XDG_CONFIG_DIRS', '/etc/xdg/xdg-ubuntu:/etc/xdg'), ('CONDA_EXE', '/home/ben/miniconda3/bin/conda'), ('XDG_DATA_DIRS', '/usr/share/ubuntu:/usr/local/share/:/usr/share/:/var/lib/snapd/desktop'), ('PYTHONPATH', '/opt/ros/humble/lib/python3.10/site-packages:/opt/ros/humble/local/lib/python3.10/dist-packages'), ('CONDA_PREFIX', '/home/ben/miniconda3/envs/ros2'), ('COLCON', '1'), ('VTE_VERSION', '6800'), ('CMAKE_PREFIX_PATH', '/opt/ros/humble')]), 'shell': False}
[0.199108] (-) TimerEvent: {}
[0.299783] (-) TimerEvent: {}
[0.401523] (-) TimerEvent: {}
[0.502677] (-) TimerEvent: {}
[0.603318] (-) TimerEvent: {}
[0.704064] (-) TimerEvent: {}
[0.804758] (-) TimerEvent: {}
[0.908175] (-) TimerEvent: {}
[1.009350] (-) TimerEvent: {}
[1.110282] (-) TimerEvent: {}
[1.211254] (-) TimerEvent: {}
[1.312908] (-) TimerEvent: {}
[1.414233] (-) TimerEvent: {}
[1.515889] (-) TimerEvent: {}
[1.618184] (-) TimerEvent: {}
[1.718964] (-) TimerEvent: {}
[1.820444] (-) TimerEvent: {}
[1.920917] (-) TimerEvent: {}
[2.021578] (-) TimerEvent: {}
[2.123035] (-) TimerEvent: {}
[2.223830] (-) TimerEvent: {}
[2.305535] (limo_description) StdoutLine: {'line': b'-- Found ament_cmake: 1.3.14 (/opt/ros/humble/share/ament_cmake/cmake)\n'}
[2.305883] (limo_description) StdoutLine: {'line': b'-- Override CMake install command with custom implementation using symlinks instead of copying resources\n'}
[2.307595] (limo_description) StdoutLine: {'line': b'-- Found ament_lint_auto: 0.12.15 (/opt/ros/humble/share/ament_lint_auto/cmake)\n'}
[2.307731] (limo_description) StdoutLine: {'line': b"-- Added test 'copyright' to check source files copyright and LICENSE\n"}
[2.307994] (limo_description) StdoutLine: {'line': b"-- Added test 'flake8' to check Python code syntax and style conventions\n"}
[2.308131] (limo_description) StdoutLine: {'line': b"-- Added test 'lint_cmake' to check CMake code style\n"}
[2.308257] (limo_description) StdoutLine: {'line': b"-- Added test 'pep257' to check Python code against some of the docstring style conventions in PEP 257\n"}
[2.308383] (limo_description) StdoutLine: {'line': b"-- Added test 'xmllint' to check XML markup files\n"}
[2.308507] (limo_description) StdoutLine: {'line': b'-- Configuring done\n'}
[2.308632] (limo_description) StdoutLine: {'line': b'-- Generating done\n'}
[2.308754] (limo_description) StdoutLine: {'line': b'-- Build files have been written to: /home/ben/KV6022_limo_ros2/build/limo_description\n'}
[2.314971] (limo_msgs) StdoutLine: {'line': b'-- Found ament_cmake: 1.3.14 (/opt/ros/humble/share/ament_cmake/cmake)\n'}
[2.315296] (limo_msgs) StdoutLine: {'line': b'-- Override CMake install command with custom implementation using symlinks instead of copying resources\n'}
[2.315434] (limo_msgs) StdoutLine: {'line': b'-- Found std_msgs: 4.9.2 (/opt/ros/humble/share/std_msgs/cmake)\n'}
[2.315558] (limo_msgs) StdoutLine: {'line': b'-- Found rosidl_generator_c: 3.1.9 (/opt/ros/humble/share/rosidl_generator_c/cmake)\n'}
[2.315769] (limo_msgs) StdoutLine: {'line': b'-- Found rosidl_adapter: 3.1.9 (/opt/ros/humble/share/rosidl_adapter/cmake)\n'}
[2.315913] (limo_msgs) StdoutLine: {'line': b'-- Found rosidl_generator_cpp: 3.1.9 (/opt/ros/humble/share/rosidl_generator_cpp/cmake)\n'}
[2.316070] (limo_msgs) StdoutLine: {'line': b'-- Using all available rosidl_typesupport_c: rosidl_typesupport_fastrtps_c;rosidl_typesupport_introspection_c\n'}
[2.316198] (limo_msgs) StdoutLine: {'line': b'-- Using all available rosidl_typesupport_cpp: rosidl_typesupport_fastrtps_cpp;rosidl_typesupport_introspection_cpp\n'}
[2.316322] (limo_msgs) StdoutLine: {'line': b'-- Found rosidl_default_generators: 1.2.1 (/opt/ros/humble/share/rosidl_default_generators/cmake)\n'}
[2.316447] (limo_msgs) StdoutLine: {'line': b'-- Found ament_cmake_ros: 0.10.1 (/opt/ros/humble/share/ament_cmake_ros/cmake)\n'}
[2.324321] (-) TimerEvent: {}
[2.425345] (-) TimerEvent: {}
[2.469273] (limo_msgs) StdoutLine: {'line': b'-- Using all available rosidl_typesupport_c: rosidl_typesupport_fastrtps_c;rosidl_typesupport_introspection_c\n'}
[2.526055] (-) TimerEvent: {}
[2.627839] (-) TimerEvent: {}
[2.728553] (-) TimerEvent: {}
[2.791656] (limo_msgs) StdoutLine: {'line': b'-- Using all available rosidl_typesupport_cpp: rosidl_typesupport_fastrtps_cpp;rosidl_typesupport_introspection_cpp\n'}
[2.830088] (-) TimerEvent: {}
[2.844554] (limo_msgs) StdoutLine: {'line': b'-- Found python_cmake_module: 0.10.0 (/opt/ros/humble/share/python_cmake_module/cmake)\n'}
[2.898262] (limo_msgs) StdoutLine: {'line': b'-- Using PYTHON_EXECUTABLE: /home/ben/miniconda3/envs/ros2/bin/python3\n'}
[2.898466] (limo_msgs) StdoutLine: {'line': b'-- Using PYTHON_INCLUDE_DIRS: /home/ben/miniconda3/envs/ros2/include/python3.10\n'}
[2.898595] (limo_msgs) StdoutLine: {'line': b'-- Using PYTHON_LIBRARIES: /home/ben/miniconda3/envs/ros2/lib/libpython3.10.so\n'}
[2.918553] (limo_description) CommandEnded: {'returncode': 0}
[2.919062] (limo_description) JobProgress: {'identifier': 'limo_description', 'progress': 'build'}
[2.919118] (limo_description) Command: {'cmd': ['/usr/bin/cmake', '--build', '/home/ben/KV6022_limo_ros2/build/limo_description', '--', '-j8', '-l8'], 'cwd': '/home/ben/KV6022_limo_ros2/build/limo_description', 'env': OrderedDict([('GJS_DEBUG_TOPICS', 'JS ERROR;JS LOG'), ('LESSOPEN', '| /usr/bin/lesspipe %s'), ('CONDA_PROMPT_MODIFIER', '(ros2)'), ('LANGUAGE', 'en_GB:en'), ('USER', 'ben'), ('XDG_SESSION_TYPE', 'wayland'), ('SHLVL', '1'), ('LD_LIBRARY_PATH', '/usr/lib/x86_64-linux-gnu/gazebo-11/plugins:/opt/ros/humble/opt/rviz_ogre_vendor/lib:/opt/ros/humble/lib/x86_64-linux-gnu:/opt/ros/humble/lib'), ('HOME', '/home/ben'), ('CONDA_SHLVL', '2'), ('OLDPWD', '/home/ben/KV6022_limo_ros2/src'), ('DESKTOP_SESSION', 'ubuntu'), ('GIO_LAUNCHED_DESKTOP_FILE', '/usr/share/applications/terminator.desktop'), ('ROS_PYTHON_VERSION', '3'), ('GNOME_SHELL_SESSION_MODE', 'ubuntu'), ('GTK_MODULES', 'gail:atk-bridge'), ('MANAGERPID', '1179'), ('SYSTEMD_EXEC_PID', '1395'), ('DBUS_SESSION_BUS_ADDRESS', 'unix:path=/run/user/1000/bus'), ('COLORTERM', 'truecolor'), ('_CE_M', ''), ('TERMINATOR_DBUS_NAME', 'net.tenshu.Terminator25ef4b219e3b005583550f2b0f9f990c3'), ('_CONDA_ROOT', '/home/ben/miniconda3'), ('GIO_LAUNCHED_DESKTOP_FILE_PID', '9401'), ('IM_CONFIG_PHASE', '1'), ('WAYLAND_DISPLAY', 'wayland-0'), ('ROS_DISTRO', 'humble'), ('LOGNAME', 'ben'), ('JOURNAL_STREAM', '8:24018'), ('_', '/usr/bin/colcon'), ('ROS_VERSION', '2'), ('XDG_SESSION_CLASS', 'user'), ('USERNAME', 'ben'), ('TERM', 'xterm-256color'), ('GNOME_DESKTOP_SESSION_ID', 'this-is-deprecated'), ('_CE_CONDA', ''), ('ROS_LOCALHOST_ONLY', '1'), ('PATH', '/home/ben/miniconda3/envs/ros2/bin:/home/ben/miniconda3/condabin:/opt/ros/humble/bin:/usr/local/sbin:/usr/local/bin:/usr/sbin:/usr/bin:/sbin:/bin:/usr/games:/usr/local/games:/snap/bin:/snap/bin'), ('SESSION_MANAGER', 'local/ben-Virtual-Machine:@/tmp/.ICE-unix/1333,unix/ben-Virtual-Machine:/tmp/.ICE-unix/1333'), ('INVOCATION_ID', '3fc2b0fa5bc04b889e378fc3b6ddc66d'), ('XDG_MENU_PREFIX', 'gnome-'), ('GNOME_SETUP_DISPLAY', ':1'), ('XDG_RUNTIME_DIR', '/run/user/1000'), ('DISPLAY', ':0'), ('TERMINATOR_DBUS_PATH', '/net/tenshu/Terminator2'), ('LANG', 'en_US.UTF-8'), ('XDG_CURRENT_DESKTOP', 'ubuntu:GNOME'), ('IBUS_DISABLE_SNOOPER', '1'), ('CONDA_PREFIX_1', '/home/ben/miniconda3'), ('XMODIFIERS', '@im=ibus'), ('XDG_SESSION_DESKTOP', 'ubuntu'), ('XAUTHORITY', '/run/user/1000/.mutter-Xwaylandauth.O92UV3'), ('LS_COLORS', 'rs=0:di=01;34:ln=01;36:mh=00:pi=40;33:so=01;35:do=01;35:bd=40;33;01:cd=40;33;01:or=40;31;01:mi=00:su=37;41:sg=30;43:ca=30;41:tw=30;42:ow=34;42:st=37;44:ex=01;32:*.tar=01;31:*.tgz=01;31:*.arc=01;31:*.arj=01;31:*.taz=01;31:*.lha=01;31:*.lz4=01;31:*.lzh=01;31:*.lzma=01;31:*.tlz=01;31:*.txz=01;31:*.tzo=01;31:*.t7z=01;31:*.zip=01;31:*.z=01;31:*.dz=01;31:*.gz=01;31:*.lrz=01;31:*.lz=01;31:*.lzo=01;31:*.xz=01;31:*.zst=01;31:*.tzst=01;31:*.bz2=01;31:*.bz=01;31:*.tbz=01;31:*.tbz2=01;31:*.tz=01;31:*.deb=01;31:*.rpm=01;31:*.jar=01;31:*.war=01;31:*.ear=01;31:*.sar=01;31:*.rar=01;31:*.alz=01;31:*.ace=01;31:*.zoo=01;31:*.cpio=01;31:*.7z=01;31:*.rz=01;31:*.cab=01;31:*.wim=01;31:*.swm=01;31:*.dwm=01;31:*.esd=01;31:*.jpg=01;35:*.jpeg=01;35:*.mjpg=01;35:*.mjpeg=01;35:*.gif=01;35:*.bmp=01;35:*.pbm=01;35:*.pgm=01;35:*.ppm=01;35:*.tga=01;35:*.xbm=01;35:*.xpm=01;35:*.tif=01;35:*.tiff=01;35:*.png=01;35:*.svg=01;35:*.svgz=01;35:*.mng=01;35:*.pcx=01;35:*.mov=01;35:*.mpg=01;35:*.mpeg=01;35:*.m2v=01;35:*.mkv=01;35:*.webm=01;35:*.webp=01;35:*.ogm=01;35:*.mp4=01;35:*.m4v=01;35:*.mp4v=01;35:*.vob=01;35:*.qt=01;35:*.nuv=01;35:*.wmv=01;35:*.asf=01;35:*.rm=01;35:*.rmvb=01;35:*.flc=01;35:*.avi=01;35:*.fli=01;35:*.flv=01;35:*.gl=01;35:*.dl=01;35:*.xcf=01;35:*.xwd=01;35:*.yuv=01;35:*.cgm=01;35:*.emf=01;35:*.ogv=01;35:*.ogx=01;35:*.aac=00;36:*.au=00;36:*.flac=00;36:*.m4a=00;36:*.mid=00;36:*.midi=00;36:*.mka=00;36:*.mp3=00;36:*.mpc=00;36:*.ogg=00;36:*.ra=00;36:*.wav=00;36:*.oga=00;36:*.opus=00;36:*.spx=00;36:*.xspf=00;36:'), ('SSH_AGENT_LAUNCHER', 'gnome-keyring'), ('SSH_AUTH_SOCK', '/run/user/1000/keyring/ssh'), ('AMENT_PREFIX_PATH', '/opt/ros/humble'), ('CONDA_PYTHON_EXE', '/home/ben/miniconda3/bin/python'), ('SHELL', '/bin/bash'), ('TERMINATOR_UUID', 'urn:uuid:fcb5a808-5e38-4c8b-85ce-ffeb87c50d1d'), ('QT_ACCESSIBILITY', '1'), ('GDMSESSION', 'ubuntu'), ('LESSCLOSE', '/usr/bin/lesspipe %s %s'), ('CONDA_DEFAULT_ENV', 'ros2'), ('GJS_DEBUG_OUTPUT', 'stderr'), ('_CONDA_EXE', '/home/ben/miniconda3/bin/conda'), ('QT_IM_MODULE', 'ibus'), ('PWD', '/home/ben/KV6022_limo_ros2/build/limo_description'), ('LC_ALL', 'en_US.UTF-8'), ('XDG_CONFIG_DIRS', '/etc/xdg/xdg-ubuntu:/etc/xdg'), ('CONDA_EXE', '/home/ben/miniconda3/bin/conda'), ('XDG_DATA_DIRS', '/usr/share/ubuntu:/usr/local/share/:/usr/share/:/var/lib/snapd/desktop'), ('PYTHONPATH', '/opt/ros/humble/lib/python3.10/site-packages:/opt/ros/humble/local/lib/python3.10/dist-packages'), ('CONDA_PREFIX', '/home/ben/miniconda3/envs/ros2'), ('COLCON', '1'), ('VTE_VERSION', '6800'), ('CMAKE_PREFIX_PATH', '/opt/ros/humble')]), 'shell': False}
[2.936310] (-) TimerEvent: {}
[3.038459] (-) TimerEvent: {}
[3.144581] (-) TimerEvent: {}
[3.249548] (-) TimerEvent: {}
[3.286534] (limo_msgs) StdoutLine: {'line': b'-- Using numpy include directory: /home/ben/miniconda3/envs/ros2/lib/python3.10/site-packages/numpy/_core/include\n'}
[3.294490] (limo_description) CommandEnded: {'returncode': 0}
[3.302051] (limo_description) JobProgress: {'identifier': 'limo_description', 'progress': 'install'}
[3.349936] (-) TimerEvent: {}
[3.387401] (limo_description) Command: {'cmd': ['/usr/bin/cmake', '--install', '/home/ben/KV6022_limo_ros2/build/limo_description'], 'cwd': '/home/ben/KV6022_limo_ros2/build/limo_description', 'env': OrderedDict([('GJS_DEBUG_TOPICS', 'JS ERROR;JS LOG'), ('LESSOPEN', '| /usr/bin/lesspipe %s'), ('CONDA_PROMPT_MODIFIER', '(ros2)'), ('LANGUAGE', 'en_GB:en'), ('USER', 'ben'), ('XDG_SESSION_TYPE', 'wayland'), ('SHLVL', '1'), ('LD_LIBRARY_PATH', '/usr/lib/x86_64-linux-gnu/gazebo-11/plugins:/opt/ros/humble/opt/rviz_ogre_vendor/lib:/opt/ros/humble/lib/x86_64-linux-gnu:/opt/ros/humble/lib'), ('HOME', '/home/ben'), ('CONDA_SHLVL', '2'), ('OLDPWD', '/home/ben/KV6022_limo_ros2/src'), ('DESKTOP_SESSION', 'ubuntu'), ('GIO_LAUNCHED_DESKTOP_FILE', '/usr/share/applications/terminator.desktop'), ('ROS_PYTHON_VERSION', '3'), ('GNOME_SHELL_SESSION_MODE', 'ubuntu'), ('GTK_MODULES', 'gail:atk-bridge'), ('MANAGERPID', '1179'), ('SYSTEMD_EXEC_PID', '1395'), ('DBUS_SESSION_BUS_ADDRESS', 'unix:path=/run/user/1000/bus'), ('COLORTERM', 'truecolor'), ('_CE_M', ''), ('TERMINATOR_DBUS_NAME', 'net.tenshu.Terminator25ef4b219e3b005583550f2b0f9f990c3'), ('_CONDA_ROOT', '/home/ben/miniconda3'), ('GIO_LAUNCHED_DESKTOP_FILE_PID', '9401'), ('IM_CONFIG_PHASE', '1'), ('WAYLAND_DISPLAY', 'wayland-0'), ('ROS_DISTRO', 'humble'), ('LOGNAME', 'ben'), ('JOURNAL_STREAM', '8:24018'), ('_', '/usr/bin/colcon'), ('ROS_VERSION', '2'), ('XDG_SESSION_CLASS', 'user'), ('USERNAME', 'ben'), ('TERM', 'xterm-256color'), ('GNOME_DESKTOP_SESSION_ID', 'this-is-deprecated'), ('_CE_CONDA', ''), ('ROS_LOCALHOST_ONLY', '1'), ('PATH', '/home/ben/miniconda3/envs/ros2/bin:/home/ben/miniconda3/condabin:/opt/ros/humble/bin:/usr/local/sbin:/usr/local/bin:/usr/sbin:/usr/bin:/sbin:/bin:/usr/games:/usr/local/games:/snap/bin:/snap/bin'), ('SESSION_MANAGER', 'local/ben-Virtual-Machine:@/tmp/.ICE-unix/1333,unix/ben-Virtual-Machine:/tmp/.ICE-unix/1333'), ('INVOCATION_ID', '3fc2b0fa5bc04b889e378fc3b6ddc66d'), ('XDG_MENU_PREFIX', 'gnome-'), ('GNOME_SETUP_DISPLAY', ':1'), ('XDG_RUNTIME_DIR', '/run/user/1000'), ('DISPLAY', ':0'), ('TERMINATOR_DBUS_PATH', '/net/tenshu/Terminator2'), ('LANG', 'en_US.UTF-8'), ('XDG_CURRENT_DESKTOP', 'ubuntu:GNOME'), ('IBUS_DISABLE_SNOOPER', '1'), ('CONDA_PREFIX_1', '/home/ben/miniconda3'), ('XMODIFIERS', '@im=ibus'), ('XDG_SESSION_DESKTOP', 'ubuntu'), ('XAUTHORITY', '/run/user/1000/.mutter-Xwaylandauth.O92UV3'), ('LS_COLORS', 'rs=0:di=01;34:ln=01;36:mh=00:pi=40;33:so=01;35:do=01;35:bd=40;33;01:cd=40;33;01:or=40;31;01:mi=00:su=37;41:sg=30;43:ca=30;41:tw=30;42:ow=34;42:st=37;44:ex=01;32:*.tar=01;31:*.tgz=01;31:*.arc=01;31:*.arj=01;31:*.taz=01;31:*.lha=01;31:*.lz4=01;31:*.lzh=01;31:*.lzma=01;31:*.tlz=01;31:*.txz=01;31:*.tzo=01;31:*.t7z=01;31:*.zip=01;31:*.z=01;31:*.dz=01;31:*.gz=01;31:*.lrz=01;31:*.lz=01;31:*.lzo=01;31:*.xz=01;31:*.zst=01;31:*.tzst=01;31:*.bz2=01;31:*.bz=01;31:*.tbz=01;31:*.tbz2=01;31:*.tz=01;31:*.deb=01;31:*.rpm=01;31:*.jar=01;31:*.war=01;31:*.ear=01;31:*.sar=01;31:*.rar=01;31:*.alz=01;31:*.ace=01;31:*.zoo=01;31:*.cpio=01;31:*.7z=01;31:*.rz=01;31:*.cab=01;31:*.wim=01;31:*.swm=01;31:*.dwm=01;31:*.esd=01;31:*.jpg=01;35:*.jpeg=01;35:*.mjpg=01;35:*.mjpeg=01;35:*.gif=01;35:*.bmp=01;35:*.pbm=01;35:*.pgm=01;35:*.ppm=01;35:*.tga=01;35:*.xbm=01;35:*.xpm=01;35:*.tif=01;35:*.tiff=01;35:*.png=01;35:*.svg=01;35:*.svgz=01;35:*.mng=01;35:*.pcx=01;35:*.mov=01;35:*.mpg=01;35:*.mpeg=01;35:*.m2v=01;35:*.mkv=01;35:*.webm=01;35:*.webp=01;35:*.ogm=01;35:*.mp4=01;35:*.m4v=01;35:*.mp4v=01;35:*.vob=01;35:*.qt=01;35:*.nuv=01;35:*.wmv=01;35:*.asf=01;35:*.rm=01;35:*.rmvb=01;35:*.flc=01;35:*.avi=01;35:*.fli=01;35:*.flv=01;35:*.gl=01;35:*.dl=01;35:*.xcf=01;35:*.xwd=01;35:*.yuv=01;35:*.cgm=01;35:*.emf=01;35:*.ogv=01;35:*.ogx=01;35:*.aac=00;36:*.au=00;36:*.flac=00;36:*.m4a=00;36:*.mid=00;36:*.midi=00;36:*.mka=00;36:*.mp3=00;36:*.mpc=00;36:*.ogg=00;36:*.ra=00;36:*.wav=00;36:*.oga=00;36:*.opus=00;36:*.spx=00;36:*.xspf=00;36:'), ('SSH_AGENT_LAUNCHER', 'gnome-keyring'), ('SSH_AUTH_SOCK', '/run/user/1000/keyring/ssh'), ('AMENT_PREFIX_PATH', '/opt/ros/humble'), ('CONDA_PYTHON_EXE', '/home/ben/miniconda3/bin/python'), ('SHELL', '/bin/bash'), ('TERMINATOR_UUID', 'urn:uuid:fcb5a808-5e38-4c8b-85ce-ffeb87c50d1d'), ('QT_ACCESSIBILITY', '1'), ('GDMSESSION', 'ubuntu'), ('LESSCLOSE', '/usr/bin/lesspipe %s %s'), ('CONDA_DEFAULT_ENV', 'ros2'), ('GJS_DEBUG_OUTPUT', 'stderr'), ('_CONDA_EXE', '/home/ben/miniconda3/bin/conda'), ('QT_IM_MODULE', 'ibus'), ('PWD', '/home/ben/KV6022_limo_ros2/build/limo_description'), ('LC_ALL', 'en_US.UTF-8'), ('XDG_CONFIG_DIRS', '/etc/xdg/xdg-ubuntu:/etc/xdg'), ('CONDA_EXE', '/home/ben/miniconda3/bin/conda'), ('XDG_DATA_DIRS', '/usr/share/ubuntu:/usr/local/share/:/usr/share/:/var/lib/snapd/desktop'), ('PYTHONPATH', '/opt/ros/humble/lib/python3.10/site-packages:/opt/ros/humble/local/lib/python3.10/dist-packages'), ('CONDA_PREFIX', '/home/ben/miniconda3/envs/ros2'), ('COLCON', '1'), ('VTE_VERSION', '6800'), ('CMAKE_PREFIX_PATH', '/opt/ros/humble')]), 'shell': False}
[3.433920] (limo_description) StdoutLine: {'line': b'-- Install configuration: ""\n'}
[3.434165] (limo_description) StdoutLine: {'line': b'-- Execute custom install script\n'}
[3.436947] (limo_description) StdoutLine: {'line': b'-- Up-to-date symlink: /home/ben/KV6022_limo_ros2/install/limo_description/share/limo_description/launch/display_models_diff.launch.py\n'}
[3.437735] (limo_description) StdoutLine: {'line': b'-- Up-to-date symlink: /home/ben/KV6022_limo_ros2/install/limo_description/share/limo_description/rviz/model_display.rviz\n'}
[3.439677] (limo_description) StdoutLine: {'line': b'-- Up-to-date symlink: /home/ben/KV6022_limo_ros2/install/limo_description/share/limo_description/rviz/model_sensors_real.rviz\n'}
[3.444339] (limo_description) StdoutLine: {'line': b'-- Up-to-date symlink: /home/ben/KV6022_limo_ros2/install/limo_description/share/limo_description/rviz/urdf.rviz\n'}
[3.446100] (limo_description) StdoutLine: {'line': b'-- Up-to-date symlink: /home/ben/KV6022_limo_ros2/install/limo_description/share/limo_description/meshes/arrow_texture.png\n'}
[3.447347] (limo_description) StdoutLine: {'line': b'-- Up-to-date symlink: /home/ben/KV6022_limo_ros2/install/limo_description/share/limo_description/meshes/face.png\n'}
[3.452238] (limo_description) StdoutLine: {'line': b'-- Up-to-date symlink: /home/ben/KV6022_limo_ros2/install/limo_description/share/limo_description/meshes/lcd_screen_texture.png\n'}
[3.452408] (-) TimerEvent: {}
[3.454031] (limo_description) StdoutLine: {'line': b'-- Up-to-date symlink: /home/ben/KV6022_limo_ros2/install/limo_description/share/limo_description/meshes/limo_base.dae\n'}
[3.454841] (limo_description) StdoutLine: {'line': b'-- Up-to-date symlink: /home/ben/KV6022_limo_ros2/install/limo_description/share/limo_description/meshes/limo_base.stl\n'}
[3.455169] (limo_description) StdoutLine: {'line': b'-- Up-to-date symlink: /home/ben/KV6022_limo_ros2/install/limo_description/share/limo_description/meshes/limo_base_lite.dae\n'}
[3.456748] (limo_description) StdoutLine: {'line': b'-- Up-to-date symlink: /home/ben/KV6022_limo_ros2/install/limo_description/share/limo_description/meshes/limo_optimal.dae\n'}
[3.458302] (limo_description) StdoutLine: {'line': b'-- Up-to-date symlink: /home/ben/KV6022_limo_ros2/install/limo_description/share/limo_description/meshes/limo_optimal_wheels.dae\n'}
[3.458668] (limo_description) StdoutLine: {'line': b'-- Up-to-date symlink: /home/ben/KV6022_limo_ros2/install/limo_description/share/limo_description/meshes/limo_texture.png\n'}
[3.460583] (limo_description) StdoutLine: {'line': b'-- Up-to-date symlink: /home/ben/KV6022_limo_ros2/install/limo_description/share/limo_description/meshes/limo_wheel.dae\n'}
[3.461637] (limo_description) StdoutLine: {'line': b'-- Up-to-date symlink: /home/ben/KV6022_limo_ros2/install/limo_description/share/limo_description/meshes/limo_wheel.stl\n'}
[3.463305] (limo_description) StdoutLine: {'line': b'-- Up-to-date symlink: /home/ben/KV6022_limo_ros2/install/limo_description/share/limo_description/meshes/limo_wheel_lite.dae\n'}
[3.464469] (limo_description) StdoutLine: {'line': b'-- Up-to-date symlink: /home/ben/KV6022_limo_ros2/install/limo_description/share/limo_description/meshes/mec_wheel_front_left.dae\n'}
[3.465064] (limo_description) StdoutLine: {'line': b'-- Up-to-date symlink: /home/ben/KV6022_limo_ros2/install/limo_description/share/limo_description/meshes/mec_wheel_front_right.dae\n'}
[3.465564] (limo_description) StdoutLine: {'line': b'-- Up-to-date symlink: /home/ben/KV6022_limo_ros2/install/limo_description/share/limo_description/meshes/rotw2_rviz.png\n'}
[3.467103] (limo_description) StdoutLine: {'line': b'-- Up-to-date symlink: /home/ben/KV6022_limo_ros2/install/limo_description/share/limo_description/meshes/sidescreentexture.png\n'}
[3.467577] (limo_description) StdoutLine: {'line': b'-- Up-to-date symlink: /home/ben/KV6022_limo_ros2/install/limo_description/share/limo_description/meshes/steering.dae\n'}
[3.468096] (limo_description) StdoutLine: {'line': b'-- Up-to-date symlink: /home/ben/KV6022_limo_ros2/install/limo_description/share/limo_description/meshes/steering_texture.png\n'}
[3.474014] (limo_description) StdoutLine: {'line': b'-- Up-to-date symlink: /home/ben/KV6022_limo_ros2/install/limo_description/share/limo_description/urdf/limo_ackerman/limo_ackerman.gazebo\n'}
[3.474171] (limo_description) StdoutLine: {'line': b'-- Up-to-date symlink: /home/ben/KV6022_limo_ros2/install/limo_description/share/limo_description/urdf/limo_ackerman/limo_ackerman.xacro\n'}
[3.474436] (limo_description) StdoutLine: {'line': b'-- Up-to-date symlink: /home/ben/KV6022_limo_ros2/install/limo_description/share/limo_description/urdf/limo_diff/limo_diff.gazebo\n'}
[3.477858] (limo_description) StdoutLine: {'line': b'-- Up-to-date symlink: /home/ben/KV6022_limo_ros2/install/limo_description/share/limo_description/urdf/limo_diff/limo_diff.xacro\n'}
[3.478031] (limo_description) StdoutLine: {'line': b'-- Up-to-date symlink: /home/ben/KV6022_limo_ros2/install/limo_description/share/limo_description/urdf/limo_gazebo.xacro\n'}
[3.479360] (limo_description) StdoutLine: {'line': b'-- Up-to-date symlink: /home/ben/KV6022_limo_ros2/install/limo_description/share/limo_description/urdf/limo_mecanum/backup previous/limo_gazebo.gazebo\n'}
[3.481616] (limo_description) StdoutLine: {'line': b'-- Up-to-date symlink: /home/ben/KV6022_limo_ros2/install/limo_description/share/limo_description/urdf/limo_mecanum/backup previous/limo_mecanum.xacro\n'}
[3.483093] (limo_description) StdoutLine: {'line': b'-- Up-to-date symlink: /home/ben/KV6022_limo_ros2/install/limo_description/share/limo_description/urdf/limo_mecanum/backup previous/limo_mecanum_with_arm.xacro\n'}
[3.484658] (limo_description) StdoutLine: {'line': b'-- Up-to-date symlink: /home/ben/KV6022_limo_ros2/install/limo_description/share/limo_description/urdf/limo_mecanum/backup previous/limo_s2.gazebo\n'}
[3.486149] (limo_description) StdoutLine: {'line': b'-- Up-to-date symlink: /home/ben/KV6022_limo_ros2/install/limo_description/share/limo_description/urdf/limo_mecanum/backup previous/limo_xacro.xacro\n'}
[3.489859] (limo_description) StdoutLine: {'line': b'-- Up-to-date symlink: /home/ben/KV6022_limo_ros2/install/limo_description/share/limo_description/urdf/limo_mecanum/limo_mecanum.gazebo\n'}
[3.492431] (limo_description) StdoutLine: {'line': b'-- Up-to-date symlink: /home/ben/KV6022_limo_ros2/install/limo_description/share/limo_description/urdf/limo_mecanum/limo_mecanum.xacro\n'}
[3.493504] (limo_description) StdoutLine: {'line': b'-- Up-to-date symlink: /home/ben/KV6022_limo_ros2/install/limo_description/share/limo_description/urdf/limo_properties.xacro\n'}
[3.493894] (limo_description) StdoutLine: {'line': b'-- Up-to-date symlink: /home/ben/KV6022_limo_ros2/install/limo_description/share/limo_description/urdf/limo_track/limo_track.gazebo\n'}
[3.495760] (limo_description) StdoutLine: {'line': b'-- Up-to-date symlink: /home/ben/KV6022_limo_ros2/install/limo_description/share/limo_description/urdf/limo_track/limo_track.xacro\n'}
[3.497546] (limo_description) StdoutLine: {'line': b'-- Up-to-date symlink: /home/ben/KV6022_limo_ros2/install/limo_description/share/ament_index/resource_index/package_run_dependencies/limo_description\n'}
[3.500457] (limo_description) StdoutLine: {'line': b'-- Up-to-date symlink: /home/ben/KV6022_limo_ros2/install/limo_description/share/ament_index/resource_index/parent_prefix_path/limo_description\n'}
[3.504963] (limo_description) StdoutLine: {'line': b'-- Up-to-date symlink: /home/ben/KV6022_limo_ros2/install/limo_description/share/limo_description/environment/ament_prefix_path.sh\n'}
[3.506387] (limo_description) StdoutLine: {'line': b'-- Up-to-date symlink: /home/ben/KV6022_limo_ros2/install/limo_description/share/limo_description/environment/ament_prefix_path.dsv\n'}
[3.507926] (limo_description) StdoutLine: {'line': b'-- Up-to-date symlink: /home/ben/KV6022_limo_ros2/install/limo_description/share/limo_description/environment/path.sh\n'}
[3.512062] (limo_description) StdoutLine: {'line': b'-- Up-to-date symlink: /home/ben/KV6022_limo_ros2/install/limo_description/share/limo_description/environment/path.dsv\n'}
[3.514408] (limo_description) StdoutLine: {'line': b'-- Up-to-date symlink: /home/ben/KV6022_limo_ros2/install/limo_description/share/limo_description/local_setup.bash\n'}
[3.516423] (limo_description) StdoutLine: {'line': b'-- Up-to-date symlink: /home/ben/KV6022_limo_ros2/install/limo_description/share/limo_description/local_setup.sh\n'}
[3.517903] (limo_description) StdoutLine: {'line': b'-- Up-to-date symlink: /home/ben/KV6022_limo_ros2/install/limo_description/share/limo_description/local_setup.zsh\n'}
[3.522883] (limo_description) StdoutLine: {'line': b'-- Up-to-date symlink: /home/ben/KV6022_limo_ros2/install/limo_description/share/limo_description/local_setup.dsv\n'}
[3.525151] (limo_description) StdoutLine: {'line': b'-- Symlinking: /home/ben/KV6022_limo_ros2/install/limo_description/share/limo_description/package.dsv\n'}
[3.554963] (-) TimerEvent: {}
[3.611341] (limo_description) StdoutLine: {'line': b'-- Up-to-date symlink: /home/ben/KV6022_limo_ros2/install/limo_description/share/ament_index/resource_index/packages/limo_description\n'}
[3.618164] (limo_description) StdoutLine: {'line': b'-- Up-to-date symlink: /home/ben/KV6022_limo_ros2/install/limo_description/share/limo_description/cmake/limo_descriptionConfig.cmake\n'}
[3.618415] (limo_description) StdoutLine: {'line': b'-- Up-to-date symlink: /home/ben/KV6022_limo_ros2/install/limo_description/share/limo_description/cmake/limo_descriptionConfig-version.cmake\n'}
[3.622010] (limo_description) StdoutLine: {'line': b'-- Up-to-date symlink: /home/ben/KV6022_limo_ros2/install/limo_description/share/limo_description/package.xml\n'}
[3.635510] (limo_description) CommandEnded: {'returncode': 0}
[3.655247] (-) TimerEvent: {}
[3.745423] (limo_description) JobEnded: {'identifier': 'limo_description', 'rc': 0}
[3.758475] (-) TimerEvent: {}
[3.760375] (limo_msgs) StdoutLine: {'line': b'-- Found ament_lint_auto: 0.12.15 (/opt/ros/humble/share/ament_lint_auto/cmake)\n'}
[3.847359] (limo_msgs) StdoutLine: {'line': b"-- Added test 'copyright' to check source files copyright and LICENSE\n"}
[3.849689] (limo_msgs) StdoutLine: {'line': b"-- Added test 'lint_cmake' to check CMake code style\n"}
[3.856616] (limo_msgs) StdoutLine: {'line': b"-- Added test 'xmllint' to check XML markup files\n"}
[3.862294] (-) TimerEvent: {}
[3.870845] (limo_msgs) StdoutLine: {'line': b'-- Configuring done\n'}
[3.963043] (-) TimerEvent: {}
[4.038987] (limo_msgs) StderrLine: {'line': b'\x1b[33mCMake Warning at /opt/ros/humble/share/rosidl_generator_py/cmake/rosidl_generator_py_generate_interfaces.cmake:166 (add_library):\n'}
[4.039267] (limo_msgs) StderrLine: {'line': b'  Cannot generate a safe runtime search path for target\n'}
[4.039413] (limo_msgs) StderrLine: {'line': b'  limo_msgs__rosidl_generator_py because files in some directories may\n'}
[4.039618] (limo_msgs) StderrLine: {'line': b'  conflict with libraries in implicit directories:\n'}
[4.039880] (limo_msgs) StderrLine: {'line': b'\n'}
[4.040015] (limo_msgs) StderrLine: {'line': b'    runtime library [libpython3.10.so.1.0] in /usr/lib/x86_64-linux-gnu may be hidden by files in:\n'}
[4.040141] (limo_msgs) StderrLine: {'line': b'      /home/ben/miniconda3/envs/ros2/lib\n'}
[4.040293] (limo_msgs) StderrLine: {'line': b'\n'}
[4.040443] (limo_msgs) StderrLine: {'line': b'  Some of these libraries may not be found correctly.\n'}
[4.040567] (limo_msgs) StderrLine: {'line': b'Call Stack (most recent call first):\n'}
[4.043323] (limo_msgs) StderrLine: {'line': b'  /opt/ros/humble/share/ament_cmake_core/cmake/core/ament_execute_extensions.cmake:48 (include)\n'}
[4.043508] (limo_msgs) StderrLine: {'line': b'  /opt/ros/humble/share/rosidl_cmake/cmake/rosidl_generate_interfaces.cmake:286 (ament_execute_extensions)\n'}
[4.043634] (limo_msgs) StderrLine: {'line': b'  CMakeLists.txt:20 (rosidl_generate_interfaces)\n'}
[4.043757] (limo_msgs) StderrLine: {'line': b'\n'}
[4.044013] (limo_msgs) StderrLine: {'line': b'\x1b[0m\n'}
[4.067053] (-) TimerEvent: {}
[4.070582] (limo_msgs) StderrLine: {'line': b'\x1b[33mCMake Warning at /opt/ros/humble/share/rosidl_generator_py/cmake/rosidl_generator_py_generate_interfaces.cmake:226 (add_library):\n'}
[4.070899] (limo_msgs) StderrLine: {'line': b'  Cannot generate a safe runtime search path for target\n'}
[4.071027] (limo_msgs) StderrLine: {'line': b'  limo_msgs__rosidl_typesupport_fastrtps_c__pyext because files in some\n'}
[4.071176] (limo_msgs) StderrLine: {'line': b'  directories may conflict with libraries in implicit directories:\n'}
[4.071303] (limo_msgs) StderrLine: {'line': b'\n'}
[4.071429] (limo_msgs) StderrLine: {'line': b'    runtime library [libpython3.10.so.1.0] in /usr/lib/x86_64-linux-gnu may be hidden by files in:\n'}
[4.071681] (limo_msgs) StderrLine: {'line': b'      /home/ben/miniconda3/envs/ros2/lib\n'}
[4.071813] (limo_msgs) StderrLine: {'line': b'\n'}
[4.072086] (limo_msgs) StderrLine: {'line': b'  Some of these libraries may not be found correctly.\n'}
[4.072235] (limo_msgs) StderrLine: {'line': b'Call Stack (most recent call first):\n'}
[4.072412] (limo_msgs) StderrLine: {'line': b'  /opt/ros/humble/share/ament_cmake_core/cmake/core/ament_execute_extensions.cmake:48 (include)\n'}
[4.072539] (limo_msgs) StderrLine: {'line': b'  /opt/ros/humble/share/rosidl_cmake/cmake/rosidl_generate_interfaces.cmake:286 (ament_execute_extensions)\n'}
[4.072705] (limo_msgs) StderrLine: {'line': b'  CMakeLists.txt:20 (rosidl_generate_interfaces)\n'}
[4.072840] (limo_msgs) StderrLine: {'line': b'\n'}
[4.073093] (limo_msgs) StderrLine: {'line': b'\x1b[0m\n'}
[4.101094] (limo_msgs) StderrLine: {'line': b'\x1b[33mCMake Warning at /opt/ros/humble/share/rosidl_generator_py/cmake/rosidl_generator_py_generate_interfaces.cmake:226 (add_library):\n'}
[4.101359] (limo_msgs) StderrLine: {'line': b'  Cannot generate a safe runtime search path for target\n'}
[4.101494] (limo_msgs) StderrLine: {'line': b'  limo_msgs__rosidl_typesupport_introspection_c__pyext because files in some\n'}
[4.101639] (limo_msgs) StderrLine: {'line': b'  directories may conflict with libraries in implicit directories:\n'}
[4.101760] (limo_msgs) StderrLine: {'line': b'\n'}
[4.101882] (limo_msgs) StderrLine: {'line': b'    runtime library [libpython3.10.so.1.0] in /usr/lib/x86_64-linux-gnu may be hidden by files in:\n'}
[4.102154] (limo_msgs) StderrLine: {'line': b'      /home/ben/miniconda3/envs/ros2/lib\n'}
[4.102279] (limo_msgs) StderrLine: {'line': b'\n'}
[4.102400] (limo_msgs) StderrLine: {'line': b'  Some of these libraries may not be found correctly.\n'}
[4.102526] (limo_msgs) StderrLine: {'line': b'Call Stack (most recent call first):\n'}
[4.102647] (limo_msgs) StderrLine: {'line': b'  /opt/ros/humble/share/ament_cmake_core/cmake/core/ament_execute_extensions.cmake:48 (include)\n'}
[4.102775] (limo_msgs) StderrLine: {'line': b'  /opt/ros/humble/share/rosidl_cmake/cmake/rosidl_generate_interfaces.cmake:286 (ament_execute_extensions)\n'}
[4.102895] (limo_msgs) StderrLine: {'line': b'  CMakeLists.txt:20 (rosidl_generate_interfaces)\n'}
[4.103207] (limo_msgs) StderrLine: {'line': b'\n'}
[4.103333] (limo_msgs) StderrLine: {'line': b'\x1b[0m\n'}
[4.127643] (limo_msgs) StderrLine: {'line': b'\x1b[33mCMake Warning at /opt/ros/humble/share/rosidl_generator_py/cmake/rosidl_generator_py_generate_interfaces.cmake:226 (add_library):\n'}
[4.128173] (limo_msgs) StderrLine: {'line': b'  Cannot generate a safe runtime search path for target\n'}
[4.128350] (limo_msgs) StderrLine: {'line': b'  limo_msgs__rosidl_typesupport_c__pyext because files in some directories\n'}
[4.128515] (limo_msgs) StderrLine: {'line': b'  may conflict with libraries in implicit directories:\n'}
[4.128700] (limo_msgs) StderrLine: {'line': b'\n'}
[4.128885] (limo_msgs) StderrLine: {'line': b'    runtime library [libpython3.10.so.1.0] in /usr/lib/x86_64-linux-gnu may be hidden by files in:\n'}
[4.129227] (limo_msgs) StderrLine: {'line': b'      /home/ben/miniconda3/envs/ros2/lib\n'}
[4.129364] (limo_msgs) StderrLine: {'line': b'\n'}
[4.129490] (limo_msgs) StderrLine: {'line': b'  Some of these libraries may not be found correctly.\n'}
[4.129617] (limo_msgs) StderrLine: {'line': b'Call Stack (most recent call first):\n'}
[4.129906] (limo_msgs) StderrLine: {'line': b'  /opt/ros/humble/share/ament_cmake_core/cmake/core/ament_execute_extensions.cmake:48 (include)\n'}
[4.130033] (limo_msgs) StderrLine: {'line': b'  /opt/ros/humble/share/rosidl_cmake/cmake/rosidl_generate_interfaces.cmake:286 (ament_execute_extensions)\n'}
[4.130159] (limo_msgs) StderrLine: {'line': b'  CMakeLists.txt:20 (rosidl_generate_interfaces)\n'}
[4.130286] (limo_msgs) StderrLine: {'line': b'\n'}
[4.130413] (limo_msgs) StderrLine: {'line': b'\x1b[0m\n'}
[4.169892] (-) TimerEvent: {}
[4.180819] (limo_msgs) StdoutLine: {'line': b'-- Generating done\n'}
[4.223651] (limo_msgs) StdoutLine: {'line': b'-- Build files have been written to: /home/ben/KV6022_limo_ros2/build/limo_msgs\n'}
[4.249370] (Week2_lab) Command: {'cmd': ['/usr/bin/python3', '-W', 'ignore:setup.py install is deprecated', '-W', 'ignore:easy_install command is deprecated', 'setup.py', 'egg_info', '--egg-base', '../../build/Week2_lab', 'build', '--build-base', '/home/ben/KV6022_limo_ros2/build/Week2_lab/build', 'install', '--record', '/home/ben/KV6022_limo_ros2/build/Week2_lab/install.log', '--install-scripts', '$base/lib/Week2_lab', '--single-version-externally-managed', 'install_data'], 'cwd': '/home/ben/KV6022_limo_ros2/src/Week2_lab', 'env': OrderedDict([('GJS_DEBUG_TOPICS', 'JS ERROR;JS LOG'), ('LESSOPEN', '| /usr/bin/lesspipe %s'), ('CONDA_PROMPT_MODIFIER', '(ros2)'), ('LANGUAGE', 'en_GB:en'), ('USER', 'ben'), ('XDG_SESSION_TYPE', 'wayland'), ('SHLVL', '1'), ('LD_LIBRARY_PATH', '/usr/lib/x86_64-linux-gnu/gazebo-11/plugins:/opt/ros/humble/opt/rviz_ogre_vendor/lib:/opt/ros/humble/lib/x86_64-linux-gnu:/opt/ros/humble/lib'), ('HOME', '/home/ben'), ('CONDA_SHLVL', '2'), ('OLDPWD', '/home/ben/KV6022_limo_ros2/src'), ('DESKTOP_SESSION', 'ubuntu'), ('GIO_LAUNCHED_DESKTOP_FILE', '/usr/share/applications/terminator.desktop'), ('ROS_PYTHON_VERSION', '3'), ('GNOME_SHELL_SESSION_MODE', 'ubuntu'), ('GTK_MODULES', 'gail:atk-bridge'), ('MANAGERPID', '1179'), ('SYSTEMD_EXEC_PID', '1395'), ('DBUS_SESSION_BUS_ADDRESS', 'unix:path=/run/user/1000/bus'), ('COLORTERM', 'truecolor'), ('_CE_M', ''), ('TERMINATOR_DBUS_NAME', 'net.tenshu.Terminator25ef4b219e3b005583550f2b0f9f990c3'), ('_CONDA_ROOT', '/home/ben/miniconda3'), ('GIO_LAUNCHED_DESKTOP_FILE_PID', '9401'), ('IM_CONFIG_PHASE', '1'), ('WAYLAND_DISPLAY', 'wayland-0'), ('ROS_DISTRO', 'humble'), ('LOGNAME', 'ben'), ('JOURNAL_STREAM', '8:24018'), ('_', '/usr/bin/colcon'), ('ROS_VERSION', '2'), ('XDG_SESSION_CLASS', 'user'), ('USERNAME', 'ben'), ('TERM', 'xterm-256color'), ('GNOME_DESKTOP_SESSION_ID', 'this-is-deprecated'), ('_CE_CONDA', ''), ('ROS_LOCALHOST_ONLY', '1'), ('PATH', '/home/ben/miniconda3/envs/ros2/bin:/home/ben/miniconda3/condabin:/opt/ros/humble/bin:/usr/local/sbin:/usr/local/bin:/usr/sbin:/usr/bin:/sbin:/bin:/usr/games:/usr/local/games:/snap/bin:/snap/bin'), ('SESSION_MANAGER', 'local/ben-Virtual-Machine:@/tmp/.ICE-unix/1333,unix/ben-Virtual-Machine:/tmp/.ICE-unix/1333'), ('INVOCATION_ID', '3fc2b0fa5bc04b889e378fc3b6ddc66d'), ('XDG_MENU_PREFIX', 'gnome-'), ('GNOME_SETUP_DISPLAY', ':1'), ('XDG_RUNTIME_DIR', '/run/user/1000'), ('DISPLAY', ':0'), ('TERMINATOR_DBUS_PATH', '/net/tenshu/Terminator2'), ('LANG', 'en_US.UTF-8'), ('XDG_CURRENT_DESKTOP', 'ubuntu:GNOME'), ('IBUS_DISABLE_SNOOPER', '1'), ('CONDA_PREFIX_1', '/home/ben/miniconda3'), ('XMODIFIERS', '@im=ibus'), ('XDG_SESSION_DESKTOP', 'ubuntu'), ('XAUTHORITY', '/run/user/1000/.mutter-Xwaylandauth.O92UV3'), ('LS_COLORS', 'rs=0:di=01;34:ln=01;36:mh=00:pi=40;33:so=01;35:do=01;35:bd=40;33;01:cd=40;33;01:or=40;31;01:mi=00:su=37;41:sg=30;43:ca=30;41:tw=30;42:ow=34;42:st=37;44:ex=01;32:*.tar=01;31:*.tgz=01;31:*.arc=01;31:*.arj=01;31:*.taz=01;31:*.lha=01;31:*.lz4=01;31:*.lzh=01;31:*.lzma=01;31:*.tlz=01;31:*.txz=01;31:*.tzo=01;31:*.t7z=01;31:*.zip=01;31:*.z=01;31:*.dz=01;31:*.gz=01;31:*.lrz=01;31:*.lz=01;31:*.lzo=01;31:*.xz=01;31:*.zst=01;31:*.tzst=01;31:*.bz2=01;31:*.bz=01;31:*.tbz=01;31:*.tbz2=01;31:*.tz=01;31:*.deb=01;31:*.rpm=01;31:*.jar=01;31:*.war=01;31:*.ear=01;31:*.sar=01;31:*.rar=01;31:*.alz=01;31:*.ace=01;31:*.zoo=01;31:*.cpio=01;31:*.7z=01;31:*.rz=01;31:*.cab=01;31:*.wim=01;31:*.swm=01;31:*.dwm=01;31:*.esd=01;31:*.jpg=01;35:*.jpeg=01;35:*.mjpg=01;35:*.mjpeg=01;35:*.gif=01;35:*.bmp=01;35:*.pbm=01;35:*.pgm=01;35:*.ppm=01;35:*.tga=01;35:*.xbm=01;35:*.xpm=01;35:*.tif=01;35:*.tiff=01;35:*.png=01;35:*.svg=01;35:*.svgz=01;35:*.mng=01;35:*.pcx=01;35:*.mov=01;35:*.mpg=01;35:*.mpeg=01;35:*.m2v=01;35:*.mkv=01;35:*.webm=01;35:*.webp=01;35:*.ogm=01;35:*.mp4=01;35:*.m4v=01;35:*.mp4v=01;35:*.vob=01;35:*.qt=01;35:*.nuv=01;35:*.wmv=01;35:*.asf=01;35:*.rm=01;35:*.rmvb=01;35:*.flc=01;35:*.avi=01;35:*.fli=01;35:*.flv=01;35:*.gl=01;35:*.dl=01;35:*.xcf=01;35:*.xwd=01;35:*.yuv=01;35:*.cgm=01;35:*.emf=01;35:*.ogv=01;35:*.ogx=01;35:*.aac=00;36:*.au=00;36:*.flac=00;36:*.m4a=00;36:*.mid=00;36:*.midi=00;36:*.mka=00;36:*.mp3=00;36:*.mpc=00;36:*.ogg=00;36:*.ra=00;36:*.wav=00;36:*.oga=00;36:*.opus=00;36:*.spx=00;36:*.xspf=00;36:'), ('SSH_AGENT_LAUNCHER', 'gnome-keyring'), ('SSH_AUTH_SOCK', '/run/user/1000/keyring/ssh'), ('AMENT_PREFIX_PATH', '/opt/ros/humble'), ('CONDA_PYTHON_EXE', '/home/ben/miniconda3/bin/python'), ('SHELL', '/bin/bash'), ('TERMINATOR_UUID', 'urn:uuid:fcb5a808-5e38-4c8b-85ce-ffeb87c50d1d'), ('QT_ACCESSIBILITY', '1'), ('GDMSESSION', 'ubuntu'), ('LESSCLOSE', '/usr/bin/lesspipe %s %s'), ('CONDA_DEFAULT_ENV', 'ros2'), ('GJS_DEBUG_OUTPUT', 'stderr'), ('_CONDA_EXE', '/home/ben/miniconda3/bin/conda'), ('QT_IM_MODULE', 'ibus'), ('PWD', '/home/ben/KV6022_limo_ros2/build/Week2_lab'), ('LC_ALL', 'en_US.UTF-8'), ('XDG_CONFIG_DIRS', '/etc/xdg/xdg-ubuntu:/etc/xdg'), ('CONDA_EXE', '/home/ben/miniconda3/bin/conda'), ('XDG_DATA_DIRS', '/usr/share/ubuntu:/usr/local/share/:/usr/share/:/var/lib/snapd/desktop'), ('PYTHONPATH', '/home/ben/KV6022_limo_ros2/build/Week2_lab/prefix_override:/usr/lib/python3/dist-packages/colcon_core/task/python/colcon_distutils_commands:/home/ben/KV6022_limo_ros2/install/Week2_lab/lib/python3.10/site-packages:/opt/ros/humble/lib/python3.10/site-packages:/opt/ros/humble/local/lib/python3.10/dist-packages'), ('CONDA_PREFIX', '/home/ben/miniconda3/envs/ros2'), ('COLCON', '1'), ('VTE_VERSION', '6800')]), 'shell': False}
[4.263259] (limo_msgs) CommandEnded: {'returncode': 0}
[4.264175] (limo_msgs) JobProgress: {'identifier': 'limo_msgs', 'progress': 'build'}
[4.264274] (limo_msgs) Command: {'cmd': ['/usr/bin/cmake', '--build', '/home/ben/KV6022_limo_ros2/build/limo_msgs', '--', '-j8', '-l8'], 'cwd': '/home/ben/KV6022_limo_ros2/build/limo_msgs', 'env': OrderedDict([('GJS_DEBUG_TOPICS', 'JS ERROR;JS LOG'), ('LESSOPEN', '| /usr/bin/lesspipe %s'), ('CONDA_PROMPT_MODIFIER', '(ros2)'), ('LANGUAGE', 'en_GB:en'), ('USER', 'ben'), ('XDG_SESSION_TYPE', 'wayland'), ('SHLVL', '1'), ('LD_LIBRARY_PATH', '/usr/lib/x86_64-linux-gnu/gazebo-11/plugins:/opt/ros/humble/opt/rviz_ogre_vendor/lib:/opt/ros/humble/lib/x86_64-linux-gnu:/opt/ros/humble/lib'), ('HOME', '/home/ben'), ('CONDA_SHLVL', '2'), ('OLDPWD', '/home/ben/KV6022_limo_ros2/src'), ('DESKTOP_SESSION', 'ubuntu'), ('GIO_LAUNCHED_DESKTOP_FILE', '/usr/share/applications/terminator.desktop'), ('ROS_PYTHON_VERSION', '3'), ('GNOME_SHELL_SESSION_MODE', 'ubuntu'), ('GTK_MODULES', 'gail:atk-bridge'), ('MANAGERPID', '1179'), ('SYSTEMD_EXEC_PID', '1395'), ('DBUS_SESSION_BUS_ADDRESS', 'unix:path=/run/user/1000/bus'), ('COLORTERM', 'truecolor'), ('_CE_M', ''), ('TERMINATOR_DBUS_NAME', 'net.tenshu.Terminator25ef4b219e3b005583550f2b0f9f990c3'), ('_CONDA_ROOT', '/home/ben/miniconda3'), ('GIO_LAUNCHED_DESKTOP_FILE_PID', '9401'), ('IM_CONFIG_PHASE', '1'), ('WAYLAND_DISPLAY', 'wayland-0'), ('ROS_DISTRO', 'humble'), ('LOGNAME', 'ben'), ('JOURNAL_STREAM', '8:24018'), ('_', '/usr/bin/colcon'), ('ROS_VERSION', '2'), ('XDG_SESSION_CLASS', 'user'), ('USERNAME', 'ben'), ('TERM', 'xterm-256color'), ('GNOME_DESKTOP_SESSION_ID', 'this-is-deprecated'), ('_CE_CONDA', ''), ('ROS_LOCALHOST_ONLY', '1'), ('PATH', '/home/ben/miniconda3/envs/ros2/bin:/home/ben/miniconda3/condabin:/opt/ros/humble/bin:/usr/local/sbin:/usr/local/bin:/usr/sbin:/usr/bin:/sbin:/bin:/usr/games:/usr/local/games:/snap/bin:/snap/bin'), ('SESSION_MANAGER', 'local/ben-Virtual-Machine:@/tmp/.ICE-unix/1333,unix/ben-Virtual-Machine:/tmp/.ICE-unix/1333'), ('INVOCATION_ID', '3fc2b0fa5bc04b889e378fc3b6ddc66d'), ('XDG_MENU_PREFIX', 'gnome-'), ('GNOME_SETUP_DISPLAY', ':1'), ('XDG_RUNTIME_DIR', '/run/user/1000'), ('DISPLAY', ':0'), ('TERMINATOR_DBUS_PATH', '/net/tenshu/Terminator2'), ('LANG', 'en_US.UTF-8'), ('XDG_CURRENT_DESKTOP', 'ubuntu:GNOME'), ('IBUS_DISABLE_SNOOPER', '1'), ('CONDA_PREFIX_1', '/home/ben/miniconda3'), ('XMODIFIERS', '@im=ibus'), ('XDG_SESSION_DESKTOP', 'ubuntu'), ('XAUTHORITY', '/run/user/1000/.mutter-Xwaylandauth.O92UV3'), ('LS_COLORS', 'rs=0:di=01;34:ln=01;36:mh=00:pi=40;33:so=01;35:do=01;35:bd=40;33;01:cd=40;33;01:or=40;31;01:mi=00:su=37;41:sg=30;43:ca=30;41:tw=30;42:ow=34;42:st=37;44:ex=01;32:*.tar=01;31:*.tgz=01;31:*.arc=01;31:*.arj=01;31:*.taz=01;31:*.lha=01;31:*.lz4=01;31:*.lzh=01;31:*.lzma=01;31:*.tlz=01;31:*.txz=01;31:*.tzo=01;31:*.t7z=01;31:*.zip=01;31:*.z=01;31:*.dz=01;31:*.gz=01;31:*.lrz=01;31:*.lz=01;31:*.lzo=01;31:*.xz=01;31:*.zst=01;31:*.tzst=01;31:*.bz2=01;31:*.bz=01;31:*.tbz=01;31:*.tbz2=01;31:*.tz=01;31:*.deb=01;31:*.rpm=01;31:*.jar=01;31:*.war=01;31:*.ear=01;31:*.sar=01;31:*.rar=01;31:*.alz=01;31:*.ace=01;31:*.zoo=01;31:*.cpio=01;31:*.7z=01;31:*.rz=01;31:*.cab=01;31:*.wim=01;31:*.swm=01;31:*.dwm=01;31:*.esd=01;31:*.jpg=01;35:*.jpeg=01;35:*.mjpg=01;35:*.mjpeg=01;35:*.gif=01;35:*.bmp=01;35:*.pbm=01;35:*.pgm=01;35:*.ppm=01;35:*.tga=01;35:*.xbm=01;35:*.xpm=01;35:*.tif=01;35:*.tiff=01;35:*.png=01;35:*.svg=01;35:*.svgz=01;35:*.mng=01;35:*.pcx=01;35:*.mov=01;35:*.mpg=01;35:*.mpeg=01;35:*.m2v=01;35:*.mkv=01;35:*.webm=01;35:*.webp=01;35:*.ogm=01;35:*.mp4=01;35:*.m4v=01;35:*.mp4v=01;35:*.vob=01;35:*.qt=01;35:*.nuv=01;35:*.wmv=01;35:*.asf=01;35:*.rm=01;35:*.rmvb=01;35:*.flc=01;35:*.avi=01;35:*.fli=01;35:*.flv=01;35:*.gl=01;35:*.dl=01;35:*.xcf=01;35:*.xwd=01;35:*.yuv=01;35:*.cgm=01;35:*.emf=01;35:*.ogv=01;35:*.ogx=01;35:*.aac=00;36:*.au=00;36:*.flac=00;36:*.m4a=00;36:*.mid=00;36:*.midi=00;36:*.mka=00;36:*.mp3=00;36:*.mpc=00;36:*.ogg=00;36:*.ra=00;36:*.wav=00;36:*.oga=00;36:*.opus=00;36:*.spx=00;36:*.xspf=00;36:'), ('SSH_AGENT_LAUNCHER', 'gnome-keyring'), ('SSH_AUTH_SOCK', '/run/user/1000/keyring/ssh'), ('AMENT_PREFIX_PATH', '/opt/ros/humble'), ('CONDA_PYTHON_EXE', '/home/ben/miniconda3/bin/python'), ('SHELL', '/bin/bash'), ('TERMINATOR_UUID', 'urn:uuid:fcb5a808-5e38-4c8b-85ce-ffeb87c50d1d'), ('QT_ACCESSIBILITY', '1'), ('GDMSESSION', 'ubuntu'), ('LESSCLOSE', '/usr/bin/lesspipe %s %s'), ('CONDA_DEFAULT_ENV', 'ros2'), ('GJS_DEBUG_OUTPUT', 'stderr'), ('_CONDA_EXE', '/home/ben/miniconda3/bin/conda'), ('QT_IM_MODULE', 'ibus'), ('PWD', '/home/ben/KV6022_limo_ros2/build/limo_msgs'), ('LC_ALL', 'en_US.UTF-8'), ('XDG_CONFIG_DIRS', '/etc/xdg/xdg-ubuntu:/etc/xdg'), ('CONDA_EXE', '/home/ben/miniconda3/bin/conda'), ('XDG_DATA_DIRS', '/usr/share/ubuntu:/usr/local/share/:/usr/share/:/var/lib/snapd/desktop'), ('PYTHONPATH', '/opt/ros/humble/lib/python3.10/site-packages:/opt/ros/humble/local/lib/python3.10/dist-packages'), ('CONDA_PREFIX', '/home/ben/miniconda3/envs/ros2'), ('COLCON', '1'), ('VTE_VERSION', '6800'), ('CMAKE_PREFIX_PATH', '/opt/ros/humble')]), 'shell': False}
[4.272477] (KV6022_assessment) Command: {'cmd': ['/usr/bin/python3', '-W', 'ignore:setup.py install is deprecated', '-W', 'ignore:easy_install command is deprecated', 'setup.py', 'develop', '--uninstall', '--editable', '--build-directory', '/home/ben/KV6022_limo_ros2/build/KV6022_assessment/build'], 'cwd': '/home/ben/KV6022_limo_ros2/build/KV6022_assessment', 'env': OrderedDict([('GJS_DEBUG_TOPICS', 'JS ERROR;JS LOG'), ('LESSOPEN', '| /usr/bin/lesspipe %s'), ('CONDA_PROMPT_MODIFIER', '(ros2)'), ('LANGUAGE', 'en_GB:en'), ('USER', 'ben'), ('XDG_SESSION_TYPE', 'wayland'), ('SHLVL', '1'), ('LD_LIBRARY_PATH', '/usr/lib/x86_64-linux-gnu/gazebo-11/plugins:/opt/ros/humble/opt/rviz_ogre_vendor/lib:/opt/ros/humble/lib/x86_64-linux-gnu:/opt/ros/humble/lib'), ('HOME', '/home/ben'), ('CONDA_SHLVL', '2'), ('OLDPWD', '/home/ben/KV6022_limo_ros2/src'), ('DESKTOP_SESSION', 'ubuntu'), ('GIO_LAUNCHED_DESKTOP_FILE', '/usr/share/applications/terminator.desktop'), ('ROS_PYTHON_VERSION', '3'), ('GNOME_SHELL_SESSION_MODE', 'ubuntu'), ('GTK_MODULES', 'gail:atk-bridge'), ('MANAGERPID', '1179'), ('SYSTEMD_EXEC_PID', '1395'), ('DBUS_SESSION_BUS_ADDRESS', 'unix:path=/run/user/1000/bus'), ('COLORTERM', 'truecolor'), ('_CE_M', ''), ('TERMINATOR_DBUS_NAME', 'net.tenshu.Terminator25ef4b219e3b005583550f2b0f9f990c3'), ('_CONDA_ROOT', '/home/ben/miniconda3'), ('GIO_LAUNCHED_DESKTOP_FILE_PID', '9401'), ('IM_CONFIG_PHASE', '1'), ('WAYLAND_DISPLAY', 'wayland-0'), ('ROS_DISTRO', 'humble'), ('LOGNAME', 'ben'), ('JOURNAL_STREAM', '8:24018'), ('_', '/usr/bin/colcon'), ('ROS_VERSION', '2'), ('XDG_SESSION_CLASS', 'user'), ('USERNAME', 'ben'), ('TERM', 'xterm-256color'), ('GNOME_DESKTOP_SESSION_ID', 'this-is-deprecated'), ('_CE_CONDA', ''), ('ROS_LOCALHOST_ONLY', '1'), ('PATH', '/home/ben/miniconda3/envs/ros2/bin:/home/ben/miniconda3/condabin:/opt/ros/humble/bin:/usr/local/sbin:/usr/local/bin:/usr/sbin:/usr/bin:/sbin:/bin:/usr/games:/usr/local/games:/snap/bin:/snap/bin'), ('SESSION_MANAGER', 'local/ben-Virtual-Machine:@/tmp/.ICE-unix/1333,unix/ben-Virtual-Machine:/tmp/.ICE-unix/1333'), ('INVOCATION_ID', '3fc2b0fa5bc04b889e378fc3b6ddc66d'), ('XDG_MENU_PREFIX', 'gnome-'), ('GNOME_SETUP_DISPLAY', ':1'), ('XDG_RUNTIME_DIR', '/run/user/1000'), ('DISPLAY', ':0'), ('TERMINATOR_DBUS_PATH', '/net/tenshu/Terminator2'), ('LANG', 'en_US.UTF-8'), ('XDG_CURRENT_DESKTOP', 'ubuntu:GNOME'), ('IBUS_DISABLE_SNOOPER', '1'), ('CONDA_PREFIX_1', '/home/ben/miniconda3'), ('XMODIFIERS', '@im=ibus'), ('XDG_SESSION_DESKTOP', 'ubuntu'), ('XAUTHORITY', '/run/user/1000/.mutter-Xwaylandauth.O92UV3'), ('LS_COLORS', 'rs=0:di=01;34:ln=01;36:mh=00:pi=40;33:so=01;35:do=01;35:bd=40;33;01:cd=40;33;01:or=40;31;01:mi=00:su=37;41:sg=30;43:ca=30;41:tw=30;42:ow=34;42:st=37;44:ex=01;32:*.tar=01;31:*.tgz=01;31:*.arc=01;31:*.arj=01;31:*.taz=01;31:*.lha=01;31:*.lz4=01;31:*.lzh=01;31:*.lzma=01;31:*.tlz=01;31:*.txz=01;31:*.tzo=01;31:*.t7z=01;31:*.zip=01;31:*.z=01;31:*.dz=01;31:*.gz=01;31:*.lrz=01;31:*.lz=01;31:*.lzo=01;31:*.xz=01;31:*.zst=01;31:*.tzst=01;31:*.bz2=01;31:*.bz=01;31:*.tbz=01;31:*.tbz2=01;31:*.tz=01;31:*.deb=01;31:*.rpm=01;31:*.jar=01;31:*.war=01;31:*.ear=01;31:*.sar=01;31:*.rar=01;31:*.alz=01;31:*.ace=01;31:*.zoo=01;31:*.cpio=01;31:*.7z=01;31:*.rz=01;31:*.cab=01;31:*.wim=01;31:*.swm=01;31:*.dwm=01;31:*.esd=01;31:*.jpg=01;35:*.jpeg=01;35:*.mjpg=01;35:*.mjpeg=01;35:*.gif=01;35:*.bmp=01;35:*.pbm=01;35:*.pgm=01;35:*.ppm=01;35:*.tga=01;35:*.xbm=01;35:*.xpm=01;35:*.tif=01;35:*.tiff=01;35:*.png=01;35:*.svg=01;35:*.svgz=01;35:*.mng=01;35:*.pcx=01;35:*.mov=01;35:*.mpg=01;35:*.mpeg=01;35:*.m2v=01;35:*.mkv=01;35:*.webm=01;35:*.webp=01;35:*.ogm=01;35:*.mp4=01;35:*.m4v=01;35:*.mp4v=01;35:*.vob=01;35:*.qt=01;35:*.nuv=01;35:*.wmv=01;35:*.asf=01;35:*.rm=01;35:*.rmvb=01;35:*.flc=01;35:*.avi=01;35:*.fli=01;35:*.flv=01;35:*.gl=01;35:*.dl=01;35:*.xcf=01;35:*.xwd=01;35:*.yuv=01;35:*.cgm=01;35:*.emf=01;35:*.ogv=01;35:*.ogx=01;35:*.aac=00;36:*.au=00;36:*.flac=00;36:*.m4a=00;36:*.mid=00;36:*.midi=00;36:*.mka=00;36:*.mp3=00;36:*.mpc=00;36:*.ogg=00;36:*.ra=00;36:*.wav=00;36:*.oga=00;36:*.opus=00;36:*.spx=00;36:*.xspf=00;36:'), ('SSH_AGENT_LAUNCHER', 'gnome-keyring'), ('SSH_AUTH_SOCK', '/run/user/1000/keyring/ssh'), ('AMENT_PREFIX_PATH', '/opt/ros/humble'), ('CONDA_PYTHON_EXE', '/home/ben/miniconda3/bin/python'), ('SHELL', '/bin/bash'), ('TERMINATOR_UUID', 'urn:uuid:fcb5a808-5e38-4c8b-85ce-ffeb87c50d1d'), ('QT_ACCESSIBILITY', '1'), ('GDMSESSION', 'ubuntu'), ('LESSCLOSE', '/usr/bin/lesspipe %s %s'), ('CONDA_DEFAULT_ENV', 'ros2'), ('GJS_DEBUG_OUTPUT', 'stderr'), ('_CONDA_EXE', '/home/ben/miniconda3/bin/conda'), ('QT_IM_MODULE', 'ibus'), ('PWD', '/home/ben/KV6022_limo_ros2/build/KV6022_assessment'), ('LC_ALL', 'en_US.UTF-8'), ('XDG_CONFIG_DIRS', '/etc/xdg/xdg-ubuntu:/etc/xdg'), ('CONDA_EXE', '/home/ben/miniconda3/bin/conda'), ('XDG_DATA_DIRS', '/usr/share/ubuntu:/usr/local/share/:/usr/share/:/var/lib/snapd/desktop'), ('PYTHONPATH', '/home/ben/KV6022_limo_ros2/build/KV6022_assessment/prefix_override:/usr/lib/python3/dist-packages/colcon_core/task/python/colcon_distutils_commands:/home/ben/KV6022_limo_ros2/install/KV6022_assessment/lib/python3.10/site-packages:/opt/ros/humble/lib/python3.10/site-packages:/opt/ros/humble/local/lib/python3.10/dist-packages'), ('CONDA_PREFIX', '/home/ben/miniconda3/envs/ros2'), ('COLCON', '1'), ('VTE_VERSION', '6800')]), 'shell': False}
[4.273580] (-) TimerEvent: {}
[4.282290] (example_codes) Command: {'cmd': ['/usr/bin/python3', '-W', 'ignore:setup.py install is deprecated', '-W', 'ignore:easy_install command is deprecated', 'setup.py', 'develop', '--uninstall', '--editable', '--build-directory', '/home/ben/KV6022_limo_ros2/build/example_codes/build'], 'cwd': '/home/ben/KV6022_limo_ros2/build/example_codes', 'env': OrderedDict([('GJS_DEBUG_TOPICS', 'JS ERROR;JS LOG'), ('LESSOPEN', '| /usr/bin/lesspipe %s'), ('CONDA_PROMPT_MODIFIER', '(ros2)'), ('LANGUAGE', 'en_GB:en'), ('USER', 'ben'), ('XDG_SESSION_TYPE', 'wayland'), ('SHLVL', '1'), ('LD_LIBRARY_PATH', '/usr/lib/x86_64-linux-gnu/gazebo-11/plugins:/opt/ros/humble/opt/rviz_ogre_vendor/lib:/opt/ros/humble/lib/x86_64-linux-gnu:/opt/ros/humble/lib'), ('HOME', '/home/ben'), ('CONDA_SHLVL', '2'), ('OLDPWD', '/home/ben/KV6022_limo_ros2/src'), ('DESKTOP_SESSION', 'ubuntu'), ('GIO_LAUNCHED_DESKTOP_FILE', '/usr/share/applications/terminator.desktop'), ('ROS_PYTHON_VERSION', '3'), ('GNOME_SHELL_SESSION_MODE', 'ubuntu'), ('GTK_MODULES', 'gail:atk-bridge'), ('MANAGERPID', '1179'), ('SYSTEMD_EXEC_PID', '1395'), ('DBUS_SESSION_BUS_ADDRESS', 'unix:path=/run/user/1000/bus'), ('COLORTERM', 'truecolor'), ('_CE_M', ''), ('TERMINATOR_DBUS_NAME', 'net.tenshu.Terminator25ef4b219e3b005583550f2b0f9f990c3'), ('_CONDA_ROOT', '/home/ben/miniconda3'), ('GIO_LAUNCHED_DESKTOP_FILE_PID', '9401'), ('IM_CONFIG_PHASE', '1'), ('WAYLAND_DISPLAY', 'wayland-0'), ('ROS_DISTRO', 'humble'), ('LOGNAME', 'ben'), ('JOURNAL_STREAM', '8:24018'), ('_', '/usr/bin/colcon'), ('ROS_VERSION', '2'), ('XDG_SESSION_CLASS', 'user'), ('USERNAME', 'ben'), ('TERM', 'xterm-256color'), ('GNOME_DESKTOP_SESSION_ID', 'this-is-deprecated'), ('_CE_CONDA', ''), ('ROS_LOCALHOST_ONLY', '1'), ('PATH', '/home/ben/miniconda3/envs/ros2/bin:/home/ben/miniconda3/condabin:/opt/ros/humble/bin:/usr/local/sbin:/usr/local/bin:/usr/sbin:/usr/bin:/sbin:/bin:/usr/games:/usr/local/games:/snap/bin:/snap/bin'), ('SESSION_MANAGER', 'local/ben-Virtual-Machine:@/tmp/.ICE-unix/1333,unix/ben-Virtual-Machine:/tmp/.ICE-unix/1333'), ('INVOCATION_ID', '3fc2b0fa5bc04b889e378fc3b6ddc66d'), ('XDG_MENU_PREFIX', 'gnome-'), ('GNOME_SETUP_DISPLAY', ':1'), ('XDG_RUNTIME_DIR', '/run/user/1000'), ('DISPLAY', ':0'), ('TERMINATOR_DBUS_PATH', '/net/tenshu/Terminator2'), ('LANG', 'en_US.UTF-8'), ('XDG_CURRENT_DESKTOP', 'ubuntu:GNOME'), ('IBUS_DISABLE_SNOOPER', '1'), ('CONDA_PREFIX_1', '/home/ben/miniconda3'), ('XMODIFIERS', '@im=ibus'), ('XDG_SESSION_DESKTOP', 'ubuntu'), ('XAUTHORITY', '/run/user/1000/.mutter-Xwaylandauth.O92UV3'), ('LS_COLORS', 'rs=0:di=01;34:ln=01;36:mh=00:pi=40;33:so=01;35:do=01;35:bd=40;33;01:cd=40;33;01:or=40;31;01:mi=00:su=37;41:sg=30;43:ca=30;41:tw=30;42:ow=34;42:st=37;44:ex=01;32:*.tar=01;31:*.tgz=01;31:*.arc=01;31:*.arj=01;31:*.taz=01;31:*.lha=01;31:*.lz4=01;31:*.lzh=01;31:*.lzma=01;31:*.tlz=01;31:*.txz=01;31:*.tzo=01;31:*.t7z=01;31:*.zip=01;31:*.z=01;31:*.dz=01;31:*.gz=01;31:*.lrz=01;31:*.lz=01;31:*.lzo=01;31:*.xz=01;31:*.zst=01;31:*.tzst=01;31:*.bz2=01;31:*.bz=01;31:*.tbz=01;31:*.tbz2=01;31:*.tz=01;31:*.deb=01;31:*.rpm=01;31:*.jar=01;31:*.war=01;31:*.ear=01;31:*.sar=01;31:*.rar=01;31:*.alz=01;31:*.ace=01;31:*.zoo=01;31:*.cpio=01;31:*.7z=01;31:*.rz=01;31:*.cab=01;31:*.wim=01;31:*.swm=01;31:*.dwm=01;31:*.esd=01;31:*.jpg=01;35:*.jpeg=01;35:*.mjpg=01;35:*.mjpeg=01;35:*.gif=01;35:*.bmp=01;35:*.pbm=01;35:*.pgm=01;35:*.ppm=01;35:*.tga=01;35:*.xbm=01;35:*.xpm=01;35:*.tif=01;35:*.tiff=01;35:*.png=01;35:*.svg=01;35:*.svgz=01;35:*.mng=01;35:*.pcx=01;35:*.mov=01;35:*.mpg=01;35:*.mpeg=01;35:*.m2v=01;35:*.mkv=01;35:*.webm=01;35:*.webp=01;35:*.ogm=01;35:*.mp4=01;35:*.m4v=01;35:*.mp4v=01;35:*.vob=01;35:*.qt=01;35:*.nuv=01;35:*.wmv=01;35:*.asf=01;35:*.rm=01;35:*.rmvb=01;35:*.flc=01;35:*.avi=01;35:*.fli=01;35:*.flv=01;35:*.gl=01;35:*.dl=01;35:*.xcf=01;35:*.xwd=01;35:*.yuv=01;35:*.cgm=01;35:*.emf=01;35:*.ogv=01;35:*.ogx=01;35:*.aac=00;36:*.au=00;36:*.flac=00;36:*.m4a=00;36:*.mid=00;36:*.midi=00;36:*.mka=00;36:*.mp3=00;36:*.mpc=00;36:*.ogg=00;36:*.ra=00;36:*.wav=00;36:*.oga=00;36:*.opus=00;36:*.spx=00;36:*.xspf=00;36:'), ('SSH_AGENT_LAUNCHER', 'gnome-keyring'), ('SSH_AUTH_SOCK', '/run/user/1000/keyring/ssh'), ('AMENT_PREFIX_PATH', '/opt/ros/humble'), ('CONDA_PYTHON_EXE', '/home/ben/miniconda3/bin/python'), ('SHELL', '/bin/bash'), ('TERMINATOR_UUID', 'urn:uuid:fcb5a808-5e38-4c8b-85ce-ffeb87c50d1d'), ('QT_ACCESSIBILITY', '1'), ('GDMSESSION', 'ubuntu'), ('LESSCLOSE', '/usr/bin/lesspipe %s %s'), ('CONDA_DEFAULT_ENV', 'ros2'), ('GJS_DEBUG_OUTPUT', 'stderr'), ('_CONDA_EXE', '/home/ben/miniconda3/bin/conda'), ('QT_IM_MODULE', 'ibus'), ('PWD', '/home/ben/KV6022_limo_ros2/build/example_codes'), ('LC_ALL', 'en_US.UTF-8'), ('XDG_CONFIG_DIRS', '/etc/xdg/xdg-ubuntu:/etc/xdg'), ('CONDA_EXE', '/home/ben/miniconda3/bin/conda'), ('XDG_DATA_DIRS', '/usr/share/ubuntu:/usr/local/share/:/usr/share/:/var/lib/snapd/desktop'), ('PYTHONPATH', '/home/ben/KV6022_limo_ros2/build/example_codes/prefix_override:/usr/lib/python3/dist-packages/colcon_core/task/python/colcon_distutils_commands:/home/ben/KV6022_limo_ros2/install/example_codes/lib/python3.10/site-packages:/opt/ros/humble/lib/python3.10/site-packages:/opt/ros/humble/local/lib/python3.10/dist-packages'), ('CONDA_PREFIX', '/home/ben/miniconda3/envs/ros2'), ('COLCON', '1'), ('VTE_VERSION', '6800')]), 'shell': False}
[4.342064] (trajectory_referee) Command: {'cmd': ['/usr/bin/python3', '-W', 'ignore:setup.py install is deprecated', '-W', 'ignore:easy_install command is deprecated', 'setup.py', 'develop', '--uninstall', '--editable', '--build-directory', '/home/ben/KV6022_limo_ros2/build/trajectory_referee/build'], 'cwd': '/home/ben/KV6022_limo_ros2/build/trajectory_referee', 'env': OrderedDict([('GJS_DEBUG_TOPICS', 'JS ERROR;JS LOG'), ('LESSOPEN', '| /usr/bin/lesspipe %s'), ('CONDA_PROMPT_MODIFIER', '(ros2)'), ('LANGUAGE', 'en_GB:en'), ('USER', 'ben'), ('XDG_SESSION_TYPE', 'wayland'), ('SHLVL', '1'), ('LD_LIBRARY_PATH', '/usr/lib/x86_64-linux-gnu/gazebo-11/plugins:/opt/ros/humble/opt/rviz_ogre_vendor/lib:/opt/ros/humble/lib/x86_64-linux-gnu:/opt/ros/humble/lib'), ('HOME', '/home/ben'), ('CONDA_SHLVL', '2'), ('OLDPWD', '/home/ben/KV6022_limo_ros2/src'), ('DESKTOP_SESSION', 'ubuntu'), ('GIO_LAUNCHED_DESKTOP_FILE', '/usr/share/applications/terminator.desktop'), ('ROS_PYTHON_VERSION', '3'), ('GNOME_SHELL_SESSION_MODE', 'ubuntu'), ('GTK_MODULES', 'gail:atk-bridge'), ('MANAGERPID', '1179'), ('SYSTEMD_EXEC_PID', '1395'), ('DBUS_SESSION_BUS_ADDRESS', 'unix:path=/run/user/1000/bus'), ('COLORTERM', 'truecolor'), ('_CE_M', ''), ('TERMINATOR_DBUS_NAME', 'net.tenshu.Terminator25ef4b219e3b005583550f2b0f9f990c3'), ('_CONDA_ROOT', '/home/ben/miniconda3'), ('GIO_LAUNCHED_DESKTOP_FILE_PID', '9401'), ('IM_CONFIG_PHASE', '1'), ('WAYLAND_DISPLAY', 'wayland-0'), ('ROS_DISTRO', 'humble'), ('LOGNAME', 'ben'), ('JOURNAL_STREAM', '8:24018'), ('_', '/usr/bin/colcon'), ('ROS_VERSION', '2'), ('XDG_SESSION_CLASS', 'user'), ('USERNAME', 'ben'), ('TERM', 'xterm-256color'), ('GNOME_DESKTOP_SESSION_ID', 'this-is-deprecated'), ('_CE_CONDA', ''), ('ROS_LOCALHOST_ONLY', '1'), ('PATH', '/home/ben/miniconda3/envs/ros2/bin:/home/ben/miniconda3/condabin:/opt/ros/humble/bin:/usr/local/sbin:/usr/local/bin:/usr/sbin:/usr/bin:/sbin:/bin:/usr/games:/usr/local/games:/snap/bin:/snap/bin'), ('SESSION_MANAGER', 'local/ben-Virtual-Machine:@/tmp/.ICE-unix/1333,unix/ben-Virtual-Machine:/tmp/.ICE-unix/1333'), ('INVOCATION_ID', '3fc2b0fa5bc04b889e378fc3b6ddc66d'), ('XDG_MENU_PREFIX', 'gnome-'), ('GNOME_SETUP_DISPLAY', ':1'), ('XDG_RUNTIME_DIR', '/run/user/1000'), ('DISPLAY', ':0'), ('TERMINATOR_DBUS_PATH', '/net/tenshu/Terminator2'), ('LANG', 'en_US.UTF-8'), ('XDG_CURRENT_DESKTOP', 'ubuntu:GNOME'), ('IBUS_DISABLE_SNOOPER', '1'), ('CONDA_PREFIX_1', '/home/ben/miniconda3'), ('XMODIFIERS', '@im=ibus'), ('XDG_SESSION_DESKTOP', 'ubuntu'), ('XAUTHORITY', '/run/user/1000/.mutter-Xwaylandauth.O92UV3'), ('LS_COLORS', 'rs=0:di=01;34:ln=01;36:mh=00:pi=40;33:so=01;35:do=01;35:bd=40;33;01:cd=40;33;01:or=40;31;01:mi=00:su=37;41:sg=30;43:ca=30;41:tw=30;42:ow=34;42:st=37;44:ex=01;32:*.tar=01;31:*.tgz=01;31:*.arc=01;31:*.arj=01;31:*.taz=01;31:*.lha=01;31:*.lz4=01;31:*.lzh=01;31:*.lzma=01;31:*.tlz=01;31:*.txz=01;31:*.tzo=01;31:*.t7z=01;31:*.zip=01;31:*.z=01;31:*.dz=01;31:*.gz=01;31:*.lrz=01;31:*.lz=01;31:*.lzo=01;31:*.xz=01;31:*.zst=01;31:*.tzst=01;31:*.bz2=01;31:*.bz=01;31:*.tbz=01;31:*.tbz2=01;31:*.tz=01;31:*.deb=01;31:*.rpm=01;31:*.jar=01;31:*.war=01;31:*.ear=01;31:*.sar=01;31:*.rar=01;31:*.alz=01;31:*.ace=01;31:*.zoo=01;31:*.cpio=01;31:*.7z=01;31:*.rz=01;31:*.cab=01;31:*.wim=01;31:*.swm=01;31:*.dwm=01;31:*.esd=01;31:*.jpg=01;35:*.jpeg=01;35:*.mjpg=01;35:*.mjpeg=01;35:*.gif=01;35:*.bmp=01;35:*.pbm=01;35:*.pgm=01;35:*.ppm=01;35:*.tga=01;35:*.xbm=01;35:*.xpm=01;35:*.tif=01;35:*.tiff=01;35:*.png=01;35:*.svg=01;35:*.svgz=01;35:*.mng=01;35:*.pcx=01;35:*.mov=01;35:*.mpg=01;35:*.mpeg=01;35:*.m2v=01;35:*.mkv=01;35:*.webm=01;35:*.webp=01;35:*.ogm=01;35:*.mp4=01;35:*.m4v=01;35:*.mp4v=01;35:*.vob=01;35:*.qt=01;35:*.nuv=01;35:*.wmv=01;35:*.asf=01;35:*.rm=01;35:*.rmvb=01;35:*.flc=01;35:*.avi=01;35:*.fli=01;35:*.flv=01;35:*.gl=01;35:*.dl=01;35:*.xcf=01;35:*.xwd=01;35:*.yuv=01;35:*.cgm=01;35:*.emf=01;35:*.ogv=01;35:*.ogx=01;35:*.aac=00;36:*.au=00;36:*.flac=00;36:*.m4a=00;36:*.mid=00;36:*.midi=00;36:*.mka=00;36:*.mp3=00;36:*.mpc=00;36:*.ogg=00;36:*.ra=00;36:*.wav=00;36:*.oga=00;36:*.opus=00;36:*.spx=00;36:*.xspf=00;36:'), ('SSH_AGENT_LAUNCHER', 'gnome-keyring'), ('SSH_AUTH_SOCK', '/run/user/1000/keyring/ssh'), ('AMENT_PREFIX_PATH', '/opt/ros/humble'), ('CONDA_PYTHON_EXE', '/home/ben/miniconda3/bin/python'), ('SHELL', '/bin/bash'), ('TERMINATOR_UUID', 'urn:uuid:fcb5a808-5e38-4c8b-85ce-ffeb87c50d1d'), ('QT_ACCESSIBILITY', '1'), ('GDMSESSION', 'ubuntu'), ('LESSCLOSE', '/usr/bin/lesspipe %s %s'), ('CONDA_DEFAULT_ENV', 'ros2'), ('GJS_DEBUG_OUTPUT', 'stderr'), ('_CONDA_EXE', '/home/ben/miniconda3/bin/conda'), ('QT_IM_MODULE', 'ibus'), ('PWD', '/home/ben/KV6022_limo_ros2/build/trajectory_referee'), ('LC_ALL', 'en_US.UTF-8'), ('XDG_CONFIG_DIRS', '/etc/xdg/xdg-ubuntu:/etc/xdg'), ('CONDA_EXE', '/home/ben/miniconda3/bin/conda'), ('XDG_DATA_DIRS', '/usr/share/ubuntu:/usr/local/share/:/usr/share/:/var/lib/snapd/desktop'), ('PYTHONPATH', '/home/ben/KV6022_limo_ros2/build/trajectory_referee/prefix_override:/usr/lib/python3/dist-packages/colcon_core/task/python/colcon_distutils_commands:/home/ben/KV6022_limo_ros2/install/trajectory_referee/lib/python3.10/site-packages:/opt/ros/humble/lib/python3.10/site-packages:/opt/ros/humble/local/lib/python3.10/dist-packages'), ('CONDA_PREFIX', '/home/ben/miniconda3/envs/ros2'), ('COLCON', '1'), ('VTE_VERSION', '6800')]), 'shell': False}
[4.380462] (trajectory_skeleton) Command: {'cmd': ['/usr/bin/python3', '-W', 'ignore:setup.py install is deprecated', '-W', 'ignore:easy_install command is deprecated', 'setup.py', 'develop', '--uninstall', '--editable', '--build-directory', '/home/ben/KV6022_limo_ros2/build/trajectory_skeleton/build'], 'cwd': '/home/ben/KV6022_limo_ros2/build/trajectory_skeleton', 'env': OrderedDict([('GJS_DEBUG_TOPICS', 'JS ERROR;JS LOG'), ('LESSOPEN', '| /usr/bin/lesspipe %s'), ('CONDA_PROMPT_MODIFIER', '(ros2)'), ('LANGUAGE', 'en_GB:en'), ('USER', 'ben'), ('XDG_SESSION_TYPE', 'wayland'), ('SHLVL', '1'), ('LD_LIBRARY_PATH', '/usr/lib/x86_64-linux-gnu/gazebo-11/plugins:/opt/ros/humble/opt/rviz_ogre_vendor/lib:/opt/ros/humble/lib/x86_64-linux-gnu:/opt/ros/humble/lib'), ('HOME', '/home/ben'), ('CONDA_SHLVL', '2'), ('OLDPWD', '/home/ben/KV6022_limo_ros2/src'), ('DESKTOP_SESSION', 'ubuntu'), ('GIO_LAUNCHED_DESKTOP_FILE', '/usr/share/applications/terminator.desktop'), ('ROS_PYTHON_VERSION', '3'), ('GNOME_SHELL_SESSION_MODE', 'ubuntu'), ('GTK_MODULES', 'gail:atk-bridge'), ('MANAGERPID', '1179'), ('SYSTEMD_EXEC_PID', '1395'), ('DBUS_SESSION_BUS_ADDRESS', 'unix:path=/run/user/1000/bus'), ('COLORTERM', 'truecolor'), ('_CE_M', ''), ('TERMINATOR_DBUS_NAME', 'net.tenshu.Terminator25ef4b219e3b005583550f2b0f9f990c3'), ('_CONDA_ROOT', '/home/ben/miniconda3'), ('GIO_LAUNCHED_DESKTOP_FILE_PID', '9401'), ('IM_CONFIG_PHASE', '1'), ('WAYLAND_DISPLAY', 'wayland-0'), ('ROS_DISTRO', 'humble'), ('LOGNAME', 'ben'), ('JOURNAL_STREAM', '8:24018'), ('_', '/usr/bin/colcon'), ('ROS_VERSION', '2'), ('XDG_SESSION_CLASS', 'user'), ('USERNAME', 'ben'), ('TERM', 'xterm-256color'), ('GNOME_DESKTOP_SESSION_ID', 'this-is-deprecated'), ('_CE_CONDA', ''), ('ROS_LOCALHOST_ONLY', '1'), ('PATH', '/home/ben/miniconda3/envs/ros2/bin:/home/ben/miniconda3/condabin:/opt/ros/humble/bin:/usr/local/sbin:/usr/local/bin:/usr/sbin:/usr/bin:/sbin:/bin:/usr/games:/usr/local/games:/snap/bin:/snap/bin'), ('SESSION_MANAGER', 'local/ben-Virtual-Machine:@/tmp/.ICE-unix/1333,unix/ben-Virtual-Machine:/tmp/.ICE-unix/1333'), ('INVOCATION_ID', '3fc2b0fa5bc04b889e378fc3b6ddc66d'), ('XDG_MENU_PREFIX', 'gnome-'), ('GNOME_SETUP_DISPLAY', ':1'), ('XDG_RUNTIME_DIR', '/run/user/1000'), ('DISPLAY', ':0'), ('TERMINATOR_DBUS_PATH', '/net/tenshu/Terminator2'), ('LANG', 'en_US.UTF-8'), ('XDG_CURRENT_DESKTOP', 'ubuntu:GNOME'), ('IBUS_DISABLE_SNOOPER', '1'), ('CONDA_PREFIX_1', '/home/ben/miniconda3'), ('XMODIFIERS', '@im=ibus'), ('XDG_SESSION_DESKTOP', 'ubuntu'), ('XAUTHORITY', '/run/user/1000/.mutter-Xwaylandauth.O92UV3'), ('LS_COLORS', 'rs=0:di=01;34:ln=01;36:mh=00:pi=40;33:so=01;35:do=01;35:bd=40;33;01:cd=40;33;01:or=40;31;01:mi=00:su=37;41:sg=30;43:ca=30;41:tw=30;42:ow=34;42:st=37;44:ex=01;32:*.tar=01;31:*.tgz=01;31:*.arc=01;31:*.arj=01;31:*.taz=01;31:*.lha=01;31:*.lz4=01;31:*.lzh=01;31:*.lzma=01;31:*.tlz=01;31:*.txz=01;31:*.tzo=01;31:*.t7z=01;31:*.zip=01;31:*.z=01;31:*.dz=01;31:*.gz=01;31:*.lrz=01;31:*.lz=01;31:*.lzo=01;31:*.xz=01;31:*.zst=01;31:*.tzst=01;31:*.bz2=01;31:*.bz=01;31:*.tbz=01;31:*.tbz2=01;31:*.tz=01;31:*.deb=01;31:*.rpm=01;31:*.jar=01;31:*.war=01;31:*.ear=01;31:*.sar=01;31:*.rar=01;31:*.alz=01;31:*.ace=01;31:*.zoo=01;31:*.cpio=01;31:*.7z=01;31:*.rz=01;31:*.cab=01;31:*.wim=01;31:*.swm=01;31:*.dwm=01;31:*.esd=01;31:*.jpg=01;35:*.jpeg=01;35:*.mjpg=01;35:*.mjpeg=01;35:*.gif=01;35:*.bmp=01;35:*.pbm=01;35:*.pgm=01;35:*.ppm=01;35:*.tga=01;35:*.xbm=01;35:*.xpm=01;35:*.tif=01;35:*.tiff=01;35:*.png=01;35:*.svg=01;35:*.svgz=01;35:*.mng=01;35:*.pcx=01;35:*.mov=01;35:*.mpg=01;35:*.mpeg=01;35:*.m2v=01;35:*.mkv=01;35:*.webm=01;35:*.webp=01;35:*.ogm=01;35:*.mp4=01;35:*.m4v=01;35:*.mp4v=01;35:*.vob=01;35:*.qt=01;35:*.nuv=01;35:*.wmv=01;35:*.asf=01;35:*.rm=01;35:*.rmvb=01;35:*.flc=01;35:*.avi=01;35:*.fli=01;35:*.flv=01;35:*.gl=01;35:*.dl=01;35:*.xcf=01;35:*.xwd=01;35:*.yuv=01;35:*.cgm=01;35:*.emf=01;35:*.ogv=01;35:*.ogx=01;35:*.aac=00;36:*.au=00;36:*.flac=00;36:*.m4a=00;36:*.mid=00;36:*.midi=00;36:*.mka=00;36:*.mp3=00;36:*.mpc=00;36:*.ogg=00;36:*.ra=00;36:*.wav=00;36:*.oga=00;36:*.opus=00;36:*.spx=00;36:*.xspf=00;36:'), ('SSH_AGENT_LAUNCHER', 'gnome-keyring'), ('SSH_AUTH_SOCK', '/run/user/1000/keyring/ssh'), ('AMENT_PREFIX_PATH', '/opt/ros/humble'), ('CONDA_PYTHON_EXE', '/home/ben/miniconda3/bin/python'), ('SHELL', '/bin/bash'), ('TERMINATOR_UUID', 'urn:uuid:fcb5a808-5e38-4c8b-85ce-ffeb87c50d1d'), ('QT_ACCESSIBILITY', '1'), ('GDMSESSION', 'ubuntu'), ('LESSCLOSE', '/usr/bin/lesspipe %s %s'), ('CONDA_DEFAULT_ENV', 'ros2'), ('GJS_DEBUG_OUTPUT', 'stderr'), ('_CONDA_EXE', '/home/ben/miniconda3/bin/conda'), ('QT_IM_MODULE', 'ibus'), ('PWD', '/home/ben/KV6022_limo_ros2/build/trajectory_skeleton'), ('LC_ALL', 'en_US.UTF-8'), ('XDG_CONFIG_DIRS', '/etc/xdg/xdg-ubuntu:/etc/xdg'), ('CONDA_EXE', '/home/ben/miniconda3/bin/conda'), ('XDG_DATA_DIRS', '/usr/share/ubuntu:/usr/local/share/:/usr/share/:/var/lib/snapd/desktop'), ('PYTHONPATH', '/home/ben/KV6022_limo_ros2/build/trajectory_skeleton/prefix_override:/usr/lib/python3/dist-packages/colcon_core/task/python/colcon_distutils_commands:/home/ben/KV6022_limo_ros2/install/trajectory_skeleton/lib/python3.10/site-packages:/opt/ros/humble/lib/python3.10/site-packages:/opt/ros/humble/local/lib/python3.10/dist-packages'), ('CONDA_PREFIX', '/home/ben/miniconda3/envs/ros2'), ('COLCON', '1'), ('VTE_VERSION', '6800')]), 'shell': False}
[4.383036] (-) TimerEvent: {}
[4.485288] (-) TimerEvent: {}
[4.584064] (limo_msgs) StdoutLine: {'line': b'\x1b[35m\x1b[1mConsolidate compiler generated dependencies of target limo_msgs__rosidl_generator_c\x1b[0m\n'}
[4.585819] (-) TimerEvent: {}
[4.658654] (limo_msgs) StdoutLine: {'line': b'[  3%] Built target limo_msgs__cpp\n'}
[4.687309] (-) TimerEvent: {}
[4.696662] (limo_msgs) StdoutLine: {'line': b'[  6%] Built target limo_msgs__rs\n'}
[4.697294] (limo_msgs) StdoutLine: {'line': b'[ 15%] Built target limo_msgs__rosidl_generator_c\n'}
[4.707174] (limo_msgs) StdoutLine: {'line': b'[ 15%] Built target ament_cmake_python_symlink_limo_msgs\n'}
[4.737544] (limo_msgs) StdoutLine: {'line': b'\x1b[35m\x1b[1mConsolidate compiler generated dependencies of target limo_msgs__rosidl_typesupport_fastrtps_cpp\x1b[0m\n'}
[4.758877] (limo_msgs) StdoutLine: {'line': b'\x1b[35m\x1b[1mConsolidate compiler generated dependencies of target limo_msgs__rosidl_typesupport_cpp\x1b[0m\n'}
[4.780575] (limo_msgs) StdoutLine: {'line': b'\x1b[35m\x1b[1mConsolidate compiler generated dependencies of target limo_msgs__rosidl_typesupport_c\x1b[0m\n'}
[4.787686] (-) TimerEvent: {}
[4.807085] (limo_msgs) StdoutLine: {'line': b'\x1b[35m\x1b[1mConsolidate compiler generated dependencies of target limo_msgs__rosidl_typesupport_introspection_cpp\x1b[0m\n'}
[4.888164] (-) TimerEvent: {}
[4.893789] (limo_msgs) StdoutLine: {'line': b'[ 25%] Built target limo_msgs__rosidl_typesupport_fastrtps_cpp\n'}
[4.901543] (limo_msgs) StdoutLine: {'line': b'[ 34%] Built target limo_msgs__rosidl_typesupport_c\n'}
[4.922572] (limo_msgs) StdoutLine: {'line': b'[ 43%] Built target limo_msgs__rosidl_typesupport_cpp\n'}
[4.933655] (limo_msgs) StdoutLine: {'line': b'[ 53%] Built target limo_msgs__rosidl_typesupport_introspection_cpp\n'}
[4.984780] (KV6022_assessment) StdoutLine: {'line': b'running develop\n'}
[4.986915] (limo_msgs) StdoutLine: {'line': b'\x1b[35m\x1b[1mConsolidate compiler generated dependencies of target limo_msgs__rosidl_typesupport_fastrtps_c\x1b[0m\n'}
[4.989178] (-) TimerEvent: {}
[5.010541] (limo_msgs) StdoutLine: {'line': b'\x1b[35m\x1b[1mConsolidate compiler generated dependencies of target limo_msgs__rosidl_typesupport_introspection_c\x1b[0m\n'}
[5.084028] (limo_msgs) StdoutLine: {'line': b'[ 62%] Built target limo_msgs__rosidl_typesupport_fastrtps_c\n'}
[5.090249] (-) TimerEvent: {}
[5.095335] (limo_msgs) StdoutLine: {'line': b'[ 71%] Built target limo_msgs__rosidl_typesupport_introspection_c\n'}
[5.133379] (Week2_lab) StdoutLine: {'line': b'running egg_info\n'}
[5.137272] (Week2_lab) StdoutLine: {'line': b'creating ../../build/Week2_lab/Week2_lab.egg-info\n'}
[5.137466] (Week2_lab) StdoutLine: {'line': b'writing ../../build/Week2_lab/Week2_lab.egg-info/PKG-INFO\n'}
[5.137738] (Week2_lab) StdoutLine: {'line': b'writing dependency_links to ../../build/Week2_lab/Week2_lab.egg-info/dependency_links.txt\n'}
[5.138124] (Week2_lab) StdoutLine: {'line': b'writing entry points to ../../build/Week2_lab/Week2_lab.egg-info/entry_points.txt\n'}
[5.138277] (Week2_lab) StdoutLine: {'line': b'writing requirements to ../../build/Week2_lab/Week2_lab.egg-info/requires.txt\n'}
[5.138410] (Week2_lab) StdoutLine: {'line': b'writing top-level names to ../../build/Week2_lab/Week2_lab.egg-info/top_level.txt\n'}
[5.138542] (Week2_lab) StdoutLine: {'line': b"writing manifest file '../../build/Week2_lab/Week2_lab.egg-info/SOURCES.txt'\n"}
[5.141217] (Week2_lab) StdoutLine: {'line': b"reading manifest file '../../build/Week2_lab/Week2_lab.egg-info/SOURCES.txt'\n"}
[5.146291] (Week2_lab) StdoutLine: {'line': b"writing manifest file '../../build/Week2_lab/Week2_lab.egg-info/SOURCES.txt'\n"}
[5.148344] (Week2_lab) StdoutLine: {'line': b'running build\n'}
[5.148722] (Week2_lab) StdoutLine: {'line': b'running build_py\n'}
[5.148977] (Week2_lab) StdoutLine: {'line': b'creating /home/ben/KV6022_limo_ros2/build/Week2_lab/build\n'}
[5.149107] (Week2_lab) StdoutLine: {'line': b'creating /home/ben/KV6022_limo_ros2/build/Week2_lab/build/lib\n'}
[5.149234] (Week2_lab) StdoutLine: {'line': b'creating /home/ben/KV6022_limo_ros2/build/Week2_lab/build/lib/Week2_lab\n'}
[5.149362] (Week2_lab) StdoutLine: {'line': b'copying Week2_lab/__init__.py -> /home/ben/KV6022_limo_ros2/build/Week2_lab/build/lib/Week2_lab\n'}
[5.149505] (Week2_lab) StdoutLine: {'line': b'copying Week2_lab/command_publisher.py -> /home/ben/KV6022_limo_ros2/build/Week2_lab/build/lib/Week2_lab\n'}
[5.149924] (Week2_lab) StdoutLine: {'line': b'running install\n'}
[5.150114] (Week2_lab) StdoutLine: {'line': b'running install_lib\n'}
[5.150570] (Week2_lab) StdoutLine: {'line': b'creating /home/ben/KV6022_limo_ros2/install/Week2_lab/lib/python3.10/site-packages/Week2_lab\n'}
[5.150705] (Week2_lab) StdoutLine: {'line': b'copying /home/ben/KV6022_limo_ros2/build/Week2_lab/build/lib/Week2_lab/__init__.py -> /home/ben/KV6022_limo_ros2/install/Week2_lab/lib/python3.10/site-packages/Week2_lab\n'}
[5.151483] (Week2_lab) StdoutLine: {'line': b'copying /home/ben/KV6022_limo_ros2/build/Week2_lab/build/lib/Week2_lab/command_publisher.py -> /home/ben/KV6022_limo_ros2/install/Week2_lab/lib/python3.10/site-packages/Week2_lab\n'}
[5.152525] (Week2_lab) StdoutLine: {'line': b'byte-compiling /home/ben/KV6022_limo_ros2/install/Week2_lab/lib/python3.10/site-packages/Week2_lab/__init__.py to __init__.cpython-310.pyc\n'}
[5.153604] (Week2_lab) StdoutLine: {'line': b'byte-compiling /home/ben/KV6022_limo_ros2/install/Week2_lab/lib/python3.10/site-packages/Week2_lab/command_publisher.py to command_publisher.cpython-310.pyc\n'}
[5.154259] (Week2_lab) StdoutLine: {'line': b'running install_data\n'}
[5.154494] (Week2_lab) StdoutLine: {'line': b'creating /home/ben/KV6022_limo_ros2/install/Week2_lab/share/ament_index\n'}
[5.154852] (Week2_lab) StdoutLine: {'line': b'creating /home/ben/KV6022_limo_ros2/install/Week2_lab/share/ament_index/resource_index\n'}
[5.154985] (Week2_lab) StdoutLine: {'line': b'creating /home/ben/KV6022_limo_ros2/install/Week2_lab/share/ament_index/resource_index/packages\n'}
[5.155240] (Week2_lab) StdoutLine: {'line': b'copying resource/Week2_lab -> /home/ben/KV6022_limo_ros2/install/Week2_lab/share/ament_index/resource_index/packages\n'}
[5.155491] (Week2_lab) StdoutLine: {'line': b'copying package.xml -> /home/ben/KV6022_limo_ros2/install/Week2_lab/share/Week2_lab\n'}
[5.155620] (Week2_lab) StdoutLine: {'line': b'running install_egg_info\n'}
[5.163142] (Week2_lab) StdoutLine: {'line': b'Copying ../../build/Week2_lab/Week2_lab.egg-info to /home/ben/KV6022_limo_ros2/install/Week2_lab/lib/python3.10/site-packages/Week2_lab-0.0.0-py3.10.egg-info\n'}
[5.167360] (Week2_lab) StdoutLine: {'line': b'running install_scripts\n'}
[5.190943] (-) TimerEvent: {}
[5.214378] (limo_msgs) StdoutLine: {'line': b'[ 71%] Built target limo_msgs\n'}
[5.239218] (trajectory_referee) StdoutLine: {'line': b'running develop\n'}
[5.255542] (Week2_lab) StdoutLine: {'line': b"writing list of installed files to '/home/ben/KV6022_limo_ros2/build/Week2_lab/install.log'\n"}
[5.268757] (example_codes) StdoutLine: {'line': b'running develop\n'}
[5.287253] (trajectory_skeleton) StdoutLine: {'line': b'running develop\n'}
[5.291281] (-) TimerEvent: {}
[5.316402] (limo_msgs) StdoutLine: {'line': b'[ 75%] Built target limo_msgs__py\n'}
[5.323947] (Week2_lab) CommandEnded: {'returncode': 0}
[5.346566] (Week2_lab) JobEnded: {'identifier': 'Week2_lab', 'rc': 0}
[5.391857] (-) TimerEvent: {}
[5.392728] (limo_msgs) StdoutLine: {'line': b'\x1b[35m\x1b[1mConsolidate compiler generated dependencies of target limo_msgs__rosidl_generator_py\x1b[0m\n'}
[5.494065] (-) TimerEvent: {}
[5.549189] (limo_msgs) StdoutLine: {'line': b'[ 81%] Built target limo_msgs__rosidl_generator_py\n'}
[5.594408] (-) TimerEvent: {}
[5.610068] (limo_msgs) StdoutLine: {'line': b'\x1b[35m\x1b[1mConsolidate compiler generated dependencies of target limo_msgs__rosidl_typesupport_fastrtps_c__pyext\x1b[0m\n'}
[5.639085] (limo_msgs) StdoutLine: {'line': b'\x1b[35m\x1b[1mConsolidate compiler generated dependencies of target limo_msgs__rosidl_typesupport_c__pyext\x1b[0m\n'}
[5.657986] (limo_msgs) StdoutLine: {'line': b'\x1b[35m\x1b[1mConsolidate compiler generated dependencies of target limo_msgs__rosidl_typesupport_introspection_c__pyext\x1b[0m\n'}
[5.658219] (KV6022_assessment) StdoutLine: {'line': b'Removing /home/ben/KV6022_limo_ros2/install/KV6022_assessment/lib/python3.10/site-packages/KV6022-assessment.egg-link (link to .)\n'}
[5.695753] (limo_msgs) StdoutLine: {'line': b'running egg_info\n'}
[5.695988] (-) TimerEvent: {}
[5.709840] (trajectory_skeleton) StdoutLine: {'line': b'Removing /home/ben/KV6022_limo_ros2/install/trajectory_skeleton/lib/python3.10/site-packages/trajectory-skeleton.egg-link (link to .)\n'}
[5.714462] (limo_msgs) StdoutLine: {'line': b'[ 87%] Built target limo_msgs__rosidl_typesupport_fastrtps_c__pyext\n'}
[5.729744] (limo_msgs) StdoutLine: {'line': b'[ 93%] Built target limo_msgs__rosidl_typesupport_c__pyext\n'}
[5.730199] (limo_msgs) StdoutLine: {'line': b'writing limo_msgs.egg-info/PKG-INFO\n'}
[5.730895] (limo_msgs) StdoutLine: {'line': b'writing dependency_links to limo_msgs.egg-info/dependency_links.txt\n'}
[5.734262] (limo_msgs) StdoutLine: {'line': b'writing top-level names to limo_msgs.egg-info/top_level.txt\n'}
[5.734839] (trajectory_referee) StdoutLine: {'line': b'Removing /home/ben/KV6022_limo_ros2/install/trajectory_referee/lib/python3.10/site-packages/trajectory-referee.egg-link (link to .)\n'}
[5.744123] (KV6022_assessment) CommandEnded: {'returncode': 0}
[5.744840] (KV6022_assessment) Command: {'cmd': ['/usr/bin/python3', '-W', 'ignore:setup.py install is deprecated', '-W', 'ignore:easy_install command is deprecated', 'setup.py', 'egg_info', '--egg-base', '../../build/KV6022_assessment', 'build', '--build-base', '/home/ben/KV6022_limo_ros2/build/KV6022_assessment/build', 'install', '--record', '/home/ben/KV6022_limo_ros2/build/KV6022_assessment/install.log', '--install-scripts', '$base/lib/KV6022_assessment', '--single-version-externally-managed', 'install_data', '--force'], 'cwd': '/home/ben/KV6022_limo_ros2/src/KV6022_assessment', 'env': OrderedDict([('GJS_DEBUG_TOPICS', 'JS ERROR;JS LOG'), ('LESSOPEN', '| /usr/bin/lesspipe %s'), ('CONDA_PROMPT_MODIFIER', '(ros2)'), ('LANGUAGE', 'en_GB:en'), ('USER', 'ben'), ('XDG_SESSION_TYPE', 'wayland'), ('SHLVL', '1'), ('LD_LIBRARY_PATH', '/usr/lib/x86_64-linux-gnu/gazebo-11/plugins:/opt/ros/humble/opt/rviz_ogre_vendor/lib:/opt/ros/humble/lib/x86_64-linux-gnu:/opt/ros/humble/lib'), ('HOME', '/home/ben'), ('CONDA_SHLVL', '2'), ('OLDPWD', '/home/ben/KV6022_limo_ros2/src'), ('DESKTOP_SESSION', 'ubuntu'), ('GIO_LAUNCHED_DESKTOP_FILE', '/usr/share/applications/terminator.desktop'), ('ROS_PYTHON_VERSION', '3'), ('GNOME_SHELL_SESSION_MODE', 'ubuntu'), ('GTK_MODULES', 'gail:atk-bridge'), ('MANAGERPID', '1179'), ('SYSTEMD_EXEC_PID', '1395'), ('DBUS_SESSION_BUS_ADDRESS', 'unix:path=/run/user/1000/bus'), ('COLORTERM', 'truecolor'), ('_CE_M', ''), ('TERMINATOR_DBUS_NAME', 'net.tenshu.Terminator25ef4b219e3b005583550f2b0f9f990c3'), ('_CONDA_ROOT', '/home/ben/miniconda3'), ('GIO_LAUNCHED_DESKTOP_FILE_PID', '9401'), ('IM_CONFIG_PHASE', '1'), ('WAYLAND_DISPLAY', 'wayland-0'), ('ROS_DISTRO', 'humble'), ('LOGNAME', 'ben'), ('JOURNAL_STREAM', '8:24018'), ('_', '/usr/bin/colcon'), ('ROS_VERSION', '2'), ('XDG_SESSION_CLASS', 'user'), ('USERNAME', 'ben'), ('TERM', 'xterm-256color'), ('GNOME_DESKTOP_SESSION_ID', 'this-is-deprecated'), ('_CE_CONDA', ''), ('ROS_LOCALHOST_ONLY', '1'), ('PATH', '/home/ben/miniconda3/envs/ros2/bin:/home/ben/miniconda3/condabin:/opt/ros/humble/bin:/usr/local/sbin:/usr/local/bin:/usr/sbin:/usr/bin:/sbin:/bin:/usr/games:/usr/local/games:/snap/bin:/snap/bin'), ('SESSION_MANAGER', 'local/ben-Virtual-Machine:@/tmp/.ICE-unix/1333,unix/ben-Virtual-Machine:/tmp/.ICE-unix/1333'), ('INVOCATION_ID', '3fc2b0fa5bc04b889e378fc3b6ddc66d'), ('XDG_MENU_PREFIX', 'gnome-'), ('GNOME_SETUP_DISPLAY', ':1'), ('XDG_RUNTIME_DIR', '/run/user/1000'), ('DISPLAY', ':0'), ('TERMINATOR_DBUS_PATH', '/net/tenshu/Terminator2'), ('LANG', 'en_US.UTF-8'), ('XDG_CURRENT_DESKTOP', 'ubuntu:GNOME'), ('IBUS_DISABLE_SNOOPER', '1'), ('CONDA_PREFIX_1', '/home/ben/miniconda3'), ('XMODIFIERS', '@im=ibus'), ('XDG_SESSION_DESKTOP', 'ubuntu'), ('XAUTHORITY', '/run/user/1000/.mutter-Xwaylandauth.O92UV3'), ('LS_COLORS', 'rs=0:di=01;34:ln=01;36:mh=00:pi=40;33:so=01;35:do=01;35:bd=40;33;01:cd=40;33;01:or=40;31;01:mi=00:su=37;41:sg=30;43:ca=30;41:tw=30;42:ow=34;42:st=37;44:ex=01;32:*.tar=01;31:*.tgz=01;31:*.arc=01;31:*.arj=01;31:*.taz=01;31:*.lha=01;31:*.lz4=01;31:*.lzh=01;31:*.lzma=01;31:*.tlz=01;31:*.txz=01;31:*.tzo=01;31:*.t7z=01;31:*.zip=01;31:*.z=01;31:*.dz=01;31:*.gz=01;31:*.lrz=01;31:*.lz=01;31:*.lzo=01;31:*.xz=01;31:*.zst=01;31:*.tzst=01;31:*.bz2=01;31:*.bz=01;31:*.tbz=01;31:*.tbz2=01;31:*.tz=01;31:*.deb=01;31:*.rpm=01;31:*.jar=01;31:*.war=01;31:*.ear=01;31:*.sar=01;31:*.rar=01;31:*.alz=01;31:*.ace=01;31:*.zoo=01;31:*.cpio=01;31:*.7z=01;31:*.rz=01;31:*.cab=01;31:*.wim=01;31:*.swm=01;31:*.dwm=01;31:*.esd=01;31:*.jpg=01;35:*.jpeg=01;35:*.mjpg=01;35:*.mjpeg=01;35:*.gif=01;35:*.bmp=01;35:*.pbm=01;35:*.pgm=01;35:*.ppm=01;35:*.tga=01;35:*.xbm=01;35:*.xpm=01;35:*.tif=01;35:*.tiff=01;35:*.png=01;35:*.svg=01;35:*.svgz=01;35:*.mng=01;35:*.pcx=01;35:*.mov=01;35:*.mpg=01;35:*.mpeg=01;35:*.m2v=01;35:*.mkv=01;35:*.webm=01;35:*.webp=01;35:*.ogm=01;35:*.mp4=01;35:*.m4v=01;35:*.mp4v=01;35:*.vob=01;35:*.qt=01;35:*.nuv=01;35:*.wmv=01;35:*.asf=01;35:*.rm=01;35:*.rmvb=01;35:*.flc=01;35:*.avi=01;35:*.fli=01;35:*.flv=01;35:*.gl=01;35:*.dl=01;35:*.xcf=01;35:*.xwd=01;35:*.yuv=01;35:*.cgm=01;35:*.emf=01;35:*.ogv=01;35:*.ogx=01;35:*.aac=00;36:*.au=00;36:*.flac=00;36:*.m4a=00;36:*.mid=00;36:*.midi=00;36:*.mka=00;36:*.mp3=00;36:*.mpc=00;36:*.ogg=00;36:*.ra=00;36:*.wav=00;36:*.oga=00;36:*.opus=00;36:*.spx=00;36:*.xspf=00;36:'), ('SSH_AGENT_LAUNCHER', 'gnome-keyring'), ('SSH_AUTH_SOCK', '/run/user/1000/keyring/ssh'), ('AMENT_PREFIX_PATH', '/opt/ros/humble'), ('CONDA_PYTHON_EXE', '/home/ben/miniconda3/bin/python'), ('SHELL', '/bin/bash'), ('TERMINATOR_UUID', 'urn:uuid:fcb5a808-5e38-4c8b-85ce-ffeb87c50d1d'), ('QT_ACCESSIBILITY', '1'), ('GDMSESSION', 'ubuntu'), ('LESSCLOSE', '/usr/bin/lesspipe %s %s'), ('CONDA_DEFAULT_ENV', 'ros2'), ('GJS_DEBUG_OUTPUT', 'stderr'), ('_CONDA_EXE', '/home/ben/miniconda3/bin/conda'), ('QT_IM_MODULE', 'ibus'), ('PWD', '/home/ben/KV6022_limo_ros2/build/KV6022_assessment'), ('LC_ALL', 'en_US.UTF-8'), ('XDG_CONFIG_DIRS', '/etc/xdg/xdg-ubuntu:/etc/xdg'), ('CONDA_EXE', '/home/ben/miniconda3/bin/conda'), ('XDG_DATA_DIRS', '/usr/share/ubuntu:/usr/local/share/:/usr/share/:/var/lib/snapd/desktop'), ('PYTHONPATH', '/home/ben/KV6022_limo_ros2/build/KV6022_assessment/prefix_override:/usr/lib/python3/dist-packages/colcon_core/task/python/colcon_distutils_commands:/home/ben/KV6022_limo_ros2/install/KV6022_assessment/lib/python3.10/site-packages:/opt/ros/humble/lib/python3.10/site-packages:/opt/ros/humble/local/lib/python3.10/dist-packages'), ('CONDA_PREFIX', '/home/ben/miniconda3/envs/ros2'), ('COLCON', '1'), ('VTE_VERSION', '6800')]), 'shell': False}
[5.756243] (trajectory_skeleton) CommandEnded: {'returncode': 0}
[5.756700] (trajectory_skeleton) Command: {'cmd': ['/usr/bin/python3', '-W', 'ignore:setup.py install is deprecated', '-W', 'ignore:easy_install command is deprecated', 'setup.py', 'egg_info', '--egg-base', '../../build/trajectory_skeleton', 'build', '--build-base', '/home/ben/KV6022_limo_ros2/build/trajectory_skeleton/build', 'install', '--record', '/home/ben/KV6022_limo_ros2/build/trajectory_skeleton/install.log', '--install-scripts', '$base/lib/trajectory_skeleton', '--single-version-externally-managed', 'install_data', '--force'], 'cwd': '/home/ben/KV6022_limo_ros2/src/trajectory_skeleton', 'env': OrderedDict([('GJS_DEBUG_TOPICS', 'JS ERROR;JS LOG'), ('LESSOPEN', '| /usr/bin/lesspipe %s'), ('CONDA_PROMPT_MODIFIER', '(ros2)'), ('LANGUAGE', 'en_GB:en'), ('USER', 'ben'), ('XDG_SESSION_TYPE', 'wayland'), ('SHLVL', '1'), ('LD_LIBRARY_PATH', '/usr/lib/x86_64-linux-gnu/gazebo-11/plugins:/opt/ros/humble/opt/rviz_ogre_vendor/lib:/opt/ros/humble/lib/x86_64-linux-gnu:/opt/ros/humble/lib'), ('HOME', '/home/ben'), ('CONDA_SHLVL', '2'), ('OLDPWD', '/home/ben/KV6022_limo_ros2/src'), ('DESKTOP_SESSION', 'ubuntu'), ('GIO_LAUNCHED_DESKTOP_FILE', '/usr/share/applications/terminator.desktop'), ('ROS_PYTHON_VERSION', '3'), ('GNOME_SHELL_SESSION_MODE', 'ubuntu'), ('GTK_MODULES', 'gail:atk-bridge'), ('MANAGERPID', '1179'), ('SYSTEMD_EXEC_PID', '1395'), ('DBUS_SESSION_BUS_ADDRESS', 'unix:path=/run/user/1000/bus'), ('COLORTERM', 'truecolor'), ('_CE_M', ''), ('TERMINATOR_DBUS_NAME', 'net.tenshu.Terminator25ef4b219e3b005583550f2b0f9f990c3'), ('_CONDA_ROOT', '/home/ben/miniconda3'), ('GIO_LAUNCHED_DESKTOP_FILE_PID', '9401'), ('IM_CONFIG_PHASE', '1'), ('WAYLAND_DISPLAY', 'wayland-0'), ('ROS_DISTRO', 'humble'), ('LOGNAME', 'ben'), ('JOURNAL_STREAM', '8:24018'), ('_', '/usr/bin/colcon'), ('ROS_VERSION', '2'), ('XDG_SESSION_CLASS', 'user'), ('USERNAME', 'ben'), ('TERM', 'xterm-256color'), ('GNOME_DESKTOP_SESSION_ID', 'this-is-deprecated'), ('_CE_CONDA', ''), ('ROS_LOCALHOST_ONLY', '1'), ('PATH', '/home/ben/miniconda3/envs/ros2/bin:/home/ben/miniconda3/condabin:/opt/ros/humble/bin:/usr/local/sbin:/usr/local/bin:/usr/sbin:/usr/bin:/sbin:/bin:/usr/games:/usr/local/games:/snap/bin:/snap/bin'), ('SESSION_MANAGER', 'local/ben-Virtual-Machine:@/tmp/.ICE-unix/1333,unix/ben-Virtual-Machine:/tmp/.ICE-unix/1333'), ('INVOCATION_ID', '3fc2b0fa5bc04b889e378fc3b6ddc66d'), ('XDG_MENU_PREFIX', 'gnome-'), ('GNOME_SETUP_DISPLAY', ':1'), ('XDG_RUNTIME_DIR', '/run/user/1000'), ('DISPLAY', ':0'), ('TERMINATOR_DBUS_PATH', '/net/tenshu/Terminator2'), ('LANG', 'en_US.UTF-8'), ('XDG_CURRENT_DESKTOP', 'ubuntu:GNOME'), ('IBUS_DISABLE_SNOOPER', '1'), ('CONDA_PREFIX_1', '/home/ben/miniconda3'), ('XMODIFIERS', '@im=ibus'), ('XDG_SESSION_DESKTOP', 'ubuntu'), ('XAUTHORITY', '/run/user/1000/.mutter-Xwaylandauth.O92UV3'), ('LS_COLORS', 'rs=0:di=01;34:ln=01;36:mh=00:pi=40;33:so=01;35:do=01;35:bd=40;33;01:cd=40;33;01:or=40;31;01:mi=00:su=37;41:sg=30;43:ca=30;41:tw=30;42:ow=34;42:st=37;44:ex=01;32:*.tar=01;31:*.tgz=01;31:*.arc=01;31:*.arj=01;31:*.taz=01;31:*.lha=01;31:*.lz4=01;31:*.lzh=01;31:*.lzma=01;31:*.tlz=01;31:*.txz=01;31:*.tzo=01;31:*.t7z=01;31:*.zip=01;31:*.z=01;31:*.dz=01;31:*.gz=01;31:*.lrz=01;31:*.lz=01;31:*.lzo=01;31:*.xz=01;31:*.zst=01;31:*.tzst=01;31:*.bz2=01;31:*.bz=01;31:*.tbz=01;31:*.tbz2=01;31:*.tz=01;31:*.deb=01;31:*.rpm=01;31:*.jar=01;31:*.war=01;31:*.ear=01;31:*.sar=01;31:*.rar=01;31:*.alz=01;31:*.ace=01;31:*.zoo=01;31:*.cpio=01;31:*.7z=01;31:*.rz=01;31:*.cab=01;31:*.wim=01;31:*.swm=01;31:*.dwm=01;31:*.esd=01;31:*.jpg=01;35:*.jpeg=01;35:*.mjpg=01;35:*.mjpeg=01;35:*.gif=01;35:*.bmp=01;35:*.pbm=01;35:*.pgm=01;35:*.ppm=01;35:*.tga=01;35:*.xbm=01;35:*.xpm=01;35:*.tif=01;35:*.tiff=01;35:*.png=01;35:*.svg=01;35:*.svgz=01;35:*.mng=01;35:*.pcx=01;35:*.mov=01;35:*.mpg=01;35:*.mpeg=01;35:*.m2v=01;35:*.mkv=01;35:*.webm=01;35:*.webp=01;35:*.ogm=01;35:*.mp4=01;35:*.m4v=01;35:*.mp4v=01;35:*.vob=01;35:*.qt=01;35:*.nuv=01;35:*.wmv=01;35:*.asf=01;35:*.rm=01;35:*.rmvb=01;35:*.flc=01;35:*.avi=01;35:*.fli=01;35:*.flv=01;35:*.gl=01;35:*.dl=01;35:*.xcf=01;35:*.xwd=01;35:*.yuv=01;35:*.cgm=01;35:*.emf=01;35:*.ogv=01;35:*.ogx=01;35:*.aac=00;36:*.au=00;36:*.flac=00;36:*.m4a=00;36:*.mid=00;36:*.midi=00;36:*.mka=00;36:*.mp3=00;36:*.mpc=00;36:*.ogg=00;36:*.ra=00;36:*.wav=00;36:*.oga=00;36:*.opus=00;36:*.spx=00;36:*.xspf=00;36:'), ('SSH_AGENT_LAUNCHER', 'gnome-keyring'), ('SSH_AUTH_SOCK', '/run/user/1000/keyring/ssh'), ('AMENT_PREFIX_PATH', '/opt/ros/humble'), ('CONDA_PYTHON_EXE', '/home/ben/miniconda3/bin/python'), ('SHELL', '/bin/bash'), ('TERMINATOR_UUID', 'urn:uuid:fcb5a808-5e38-4c8b-85ce-ffeb87c50d1d'), ('QT_ACCESSIBILITY', '1'), ('GDMSESSION', 'ubuntu'), ('LESSCLOSE', '/usr/bin/lesspipe %s %s'), ('CONDA_DEFAULT_ENV', 'ros2'), ('GJS_DEBUG_OUTPUT', 'stderr'), ('_CONDA_EXE', '/home/ben/miniconda3/bin/conda'), ('QT_IM_MODULE', 'ibus'), ('PWD', '/home/ben/KV6022_limo_ros2/build/trajectory_skeleton'), ('LC_ALL', 'en_US.UTF-8'), ('XDG_CONFIG_DIRS', '/etc/xdg/xdg-ubuntu:/etc/xdg'), ('CONDA_EXE', '/home/ben/miniconda3/bin/conda'), ('XDG_DATA_DIRS', '/usr/share/ubuntu:/usr/local/share/:/usr/share/:/var/lib/snapd/desktop'), ('PYTHONPATH', '/home/ben/KV6022_limo_ros2/build/trajectory_skeleton/prefix_override:/usr/lib/python3/dist-packages/colcon_core/task/python/colcon_distutils_commands:/home/ben/KV6022_limo_ros2/install/trajectory_skeleton/lib/python3.10/site-packages:/opt/ros/humble/lib/python3.10/site-packages:/opt/ros/humble/local/lib/python3.10/dist-packages'), ('CONDA_PREFIX', '/home/ben/miniconda3/envs/ros2'), ('COLCON', '1'), ('VTE_VERSION', '6800')]), 'shell': False}
[5.764645] (limo_msgs) StdoutLine: {'line': b'[100%] Built target limo_msgs__rosidl_typesupport_introspection_c__pyext\n'}
[5.774878] (trajectory_referee) CommandEnded: {'returncode': 0}
[5.775376] (trajectory_referee) Command: {'cmd': ['/usr/bin/python3', '-W', 'ignore:setup.py install is deprecated', '-W', 'ignore:easy_install command is deprecated', 'setup.py', 'egg_info', '--egg-base', '../../build/trajectory_referee', 'build', '--build-base', '/home/ben/KV6022_limo_ros2/build/trajectory_referee/build', 'install', '--record', '/home/ben/KV6022_limo_ros2/build/trajectory_referee/install.log', '--install-scripts', '$base/lib/trajectory_referee', '--single-version-externally-managed', 'install_data', '--force'], 'cwd': '/home/ben/KV6022_limo_ros2/src/trajectory_referee', 'env': OrderedDict([('GJS_DEBUG_TOPICS', 'JS ERROR;JS LOG'), ('LESSOPEN', '| /usr/bin/lesspipe %s'), ('CONDA_PROMPT_MODIFIER', '(ros2)'), ('LANGUAGE', 'en_GB:en'), ('USER', 'ben'), ('XDG_SESSION_TYPE', 'wayland'), ('SHLVL', '1'), ('LD_LIBRARY_PATH', '/usr/lib/x86_64-linux-gnu/gazebo-11/plugins:/opt/ros/humble/opt/rviz_ogre_vendor/lib:/opt/ros/humble/lib/x86_64-linux-gnu:/opt/ros/humble/lib'), ('HOME', '/home/ben'), ('CONDA_SHLVL', '2'), ('OLDPWD', '/home/ben/KV6022_limo_ros2/src'), ('DESKTOP_SESSION', 'ubuntu'), ('GIO_LAUNCHED_DESKTOP_FILE', '/usr/share/applications/terminator.desktop'), ('ROS_PYTHON_VERSION', '3'), ('GNOME_SHELL_SESSION_MODE', 'ubuntu'), ('GTK_MODULES', 'gail:atk-bridge'), ('MANAGERPID', '1179'), ('SYSTEMD_EXEC_PID', '1395'), ('DBUS_SESSION_BUS_ADDRESS', 'unix:path=/run/user/1000/bus'), ('COLORTERM', 'truecolor'), ('_CE_M', ''), ('TERMINATOR_DBUS_NAME', 'net.tenshu.Terminator25ef4b219e3b005583550f2b0f9f990c3'), ('_CONDA_ROOT', '/home/ben/miniconda3'), ('GIO_LAUNCHED_DESKTOP_FILE_PID', '9401'), ('IM_CONFIG_PHASE', '1'), ('WAYLAND_DISPLAY', 'wayland-0'), ('ROS_DISTRO', 'humble'), ('LOGNAME', 'ben'), ('JOURNAL_STREAM', '8:24018'), ('_', '/usr/bin/colcon'), ('ROS_VERSION', '2'), ('XDG_SESSION_CLASS', 'user'), ('USERNAME', 'ben'), ('TERM', 'xterm-256color'), ('GNOME_DESKTOP_SESSION_ID', 'this-is-deprecated'), ('_CE_CONDA', ''), ('ROS_LOCALHOST_ONLY', '1'), ('PATH', '/home/ben/miniconda3/envs/ros2/bin:/home/ben/miniconda3/condabin:/opt/ros/humble/bin:/usr/local/sbin:/usr/local/bin:/usr/sbin:/usr/bin:/sbin:/bin:/usr/games:/usr/local/games:/snap/bin:/snap/bin'), ('SESSION_MANAGER', 'local/ben-Virtual-Machine:@/tmp/.ICE-unix/1333,unix/ben-Virtual-Machine:/tmp/.ICE-unix/1333'), ('INVOCATION_ID', '3fc2b0fa5bc04b889e378fc3b6ddc66d'), ('XDG_MENU_PREFIX', 'gnome-'), ('GNOME_SETUP_DISPLAY', ':1'), ('XDG_RUNTIME_DIR', '/run/user/1000'), ('DISPLAY', ':0'), ('TERMINATOR_DBUS_PATH', '/net/tenshu/Terminator2'), ('LANG', 'en_US.UTF-8'), ('XDG_CURRENT_DESKTOP', 'ubuntu:GNOME'), ('IBUS_DISABLE_SNOOPER', '1'), ('CONDA_PREFIX_1', '/home/ben/miniconda3'), ('XMODIFIERS', '@im=ibus'), ('XDG_SESSION_DESKTOP', 'ubuntu'), ('XAUTHORITY', '/run/user/1000/.mutter-Xwaylandauth.O92UV3'), ('LS_COLORS', 'rs=0:di=01;34:ln=01;36:mh=00:pi=40;33:so=01;35:do=01;35:bd=40;33;01:cd=40;33;01:or=40;31;01:mi=00:su=37;41:sg=30;43:ca=30;41:tw=30;42:ow=34;42:st=37;44:ex=01;32:*.tar=01;31:*.tgz=01;31:*.arc=01;31:*.arj=01;31:*.taz=01;31:*.lha=01;31:*.lz4=01;31:*.lzh=01;31:*.lzma=01;31:*.tlz=01;31:*.txz=01;31:*.tzo=01;31:*.t7z=01;31:*.zip=01;31:*.z=01;31:*.dz=01;31:*.gz=01;31:*.lrz=01;31:*.lz=01;31:*.lzo=01;31:*.xz=01;31:*.zst=01;31:*.tzst=01;31:*.bz2=01;31:*.bz=01;31:*.tbz=01;31:*.tbz2=01;31:*.tz=01;31:*.deb=01;31:*.rpm=01;31:*.jar=01;31:*.war=01;31:*.ear=01;31:*.sar=01;31:*.rar=01;31:*.alz=01;31:*.ace=01;31:*.zoo=01;31:*.cpio=01;31:*.7z=01;31:*.rz=01;31:*.cab=01;31:*.wim=01;31:*.swm=01;31:*.dwm=01;31:*.esd=01;31:*.jpg=01;35:*.jpeg=01;35:*.mjpg=01;35:*.mjpeg=01;35:*.gif=01;35:*.bmp=01;35:*.pbm=01;35:*.pgm=01;35:*.ppm=01;35:*.tga=01;35:*.xbm=01;35:*.xpm=01;35:*.tif=01;35:*.tiff=01;35:*.png=01;35:*.svg=01;35:*.svgz=01;35:*.mng=01;35:*.pcx=01;35:*.mov=01;35:*.mpg=01;35:*.mpeg=01;35:*.m2v=01;35:*.mkv=01;35:*.webm=01;35:*.webp=01;35:*.ogm=01;35:*.mp4=01;35:*.m4v=01;35:*.mp4v=01;35:*.vob=01;35:*.qt=01;35:*.nuv=01;35:*.wmv=01;35:*.asf=01;35:*.rm=01;35:*.rmvb=01;35:*.flc=01;35:*.avi=01;35:*.fli=01;35:*.flv=01;35:*.gl=01;35:*.dl=01;35:*.xcf=01;35:*.xwd=01;35:*.yuv=01;35:*.cgm=01;35:*.emf=01;35:*.ogv=01;35:*.ogx=01;35:*.aac=00;36:*.au=00;36:*.flac=00;36:*.m4a=00;36:*.mid=00;36:*.midi=00;36:*.mka=00;36:*.mp3=00;36:*.mpc=00;36:*.ogg=00;36:*.ra=00;36:*.wav=00;36:*.oga=00;36:*.opus=00;36:*.spx=00;36:*.xspf=00;36:'), ('SSH_AGENT_LAUNCHER', 'gnome-keyring'), ('SSH_AUTH_SOCK', '/run/user/1000/keyring/ssh'), ('AMENT_PREFIX_PATH', '/opt/ros/humble'), ('CONDA_PYTHON_EXE', '/home/ben/miniconda3/bin/python'), ('SHELL', '/bin/bash'), ('TERMINATOR_UUID', 'urn:uuid:fcb5a808-5e38-4c8b-85ce-ffeb87c50d1d'), ('QT_ACCESSIBILITY', '1'), ('GDMSESSION', 'ubuntu'), ('LESSCLOSE', '/usr/bin/lesspipe %s %s'), ('CONDA_DEFAULT_ENV', 'ros2'), ('GJS_DEBUG_OUTPUT', 'stderr'), ('_CONDA_EXE', '/home/ben/miniconda3/bin/conda'), ('QT_IM_MODULE', 'ibus'), ('PWD', '/home/ben/KV6022_limo_ros2/build/trajectory_referee'), ('LC_ALL', 'en_US.UTF-8'), ('XDG_CONFIG_DIRS', '/etc/xdg/xdg-ubuntu:/etc/xdg'), ('CONDA_EXE', '/home/ben/miniconda3/bin/conda'), ('XDG_DATA_DIRS', '/usr/share/ubuntu:/usr/local/share/:/usr/share/:/var/lib/snapd/desktop'), ('PYTHONPATH', '/home/ben/KV6022_limo_ros2/build/trajectory_referee/prefix_override:/usr/lib/python3/dist-packages/colcon_core/task/python/colcon_distutils_commands:/home/ben/KV6022_limo_ros2/install/trajectory_referee/lib/python3.10/site-packages:/opt/ros/humble/lib/python3.10/site-packages:/opt/ros/humble/local/lib/python3.10/dist-packages'), ('CONDA_PREFIX', '/home/ben/miniconda3/envs/ros2'), ('COLCON', '1'), ('VTE_VERSION', '6800')]), 'shell': False}
[5.784481] (example_codes) StdoutLine: {'line': b'Removing /home/ben/KV6022_limo_ros2/install/example_codes/lib/python3.10/site-packages/example-codes.egg-link (link to .)\n'}
[5.796384] (-) TimerEvent: {}
[5.826485] (example_codes) CommandEnded: {'returncode': 0}
[5.826986] (example_codes) Command: {'cmd': ['/usr/bin/python3', '-W', 'ignore:setup.py install is deprecated', '-W', 'ignore:easy_install command is deprecated', 'setup.py', 'egg_info', '--egg-base', '../../build/example_codes', 'build', '--build-base', '/home/ben/KV6022_limo_ros2/build/example_codes/build', 'install', '--record', '/home/ben/KV6022_limo_ros2/build/example_codes/install.log', '--install-scripts', '$base/lib/example_codes', '--single-version-externally-managed', 'install_data', '--force'], 'cwd': '/home/ben/KV6022_limo_ros2/src/example_codes', 'env': OrderedDict([('GJS_DEBUG_TOPICS', 'JS ERROR;JS LOG'), ('LESSOPEN', '| /usr/bin/lesspipe %s'), ('CONDA_PROMPT_MODIFIER', '(ros2)'), ('LANGUAGE', 'en_GB:en'), ('USER', 'ben'), ('XDG_SESSION_TYPE', 'wayland'), ('SHLVL', '1'), ('LD_LIBRARY_PATH', '/usr/lib/x86_64-linux-gnu/gazebo-11/plugins:/opt/ros/humble/opt/rviz_ogre_vendor/lib:/opt/ros/humble/lib/x86_64-linux-gnu:/opt/ros/humble/lib'), ('HOME', '/home/ben'), ('CONDA_SHLVL', '2'), ('OLDPWD', '/home/ben/KV6022_limo_ros2/src'), ('DESKTOP_SESSION', 'ubuntu'), ('GIO_LAUNCHED_DESKTOP_FILE', '/usr/share/applications/terminator.desktop'), ('ROS_PYTHON_VERSION', '3'), ('GNOME_SHELL_SESSION_MODE', 'ubuntu'), ('GTK_MODULES', 'gail:atk-bridge'), ('MANAGERPID', '1179'), ('SYSTEMD_EXEC_PID', '1395'), ('DBUS_SESSION_BUS_ADDRESS', 'unix:path=/run/user/1000/bus'), ('COLORTERM', 'truecolor'), ('_CE_M', ''), ('TERMINATOR_DBUS_NAME', 'net.tenshu.Terminator25ef4b219e3b005583550f2b0f9f990c3'), ('_CONDA_ROOT', '/home/ben/miniconda3'), ('GIO_LAUNCHED_DESKTOP_FILE_PID', '9401'), ('IM_CONFIG_PHASE', '1'), ('WAYLAND_DISPLAY', 'wayland-0'), ('ROS_DISTRO', 'humble'), ('LOGNAME', 'ben'), ('JOURNAL_STREAM', '8:24018'), ('_', '/usr/bin/colcon'), ('ROS_VERSION', '2'), ('XDG_SESSION_CLASS', 'user'), ('USERNAME', 'ben'), ('TERM', 'xterm-256color'), ('GNOME_DESKTOP_SESSION_ID', 'this-is-deprecated'), ('_CE_CONDA', ''), ('ROS_LOCALHOST_ONLY', '1'), ('PATH', '/home/ben/miniconda3/envs/ros2/bin:/home/ben/miniconda3/condabin:/opt/ros/humble/bin:/usr/local/sbin:/usr/local/bin:/usr/sbin:/usr/bin:/sbin:/bin:/usr/games:/usr/local/games:/snap/bin:/snap/bin'), ('SESSION_MANAGER', 'local/ben-Virtual-Machine:@/tmp/.ICE-unix/1333,unix/ben-Virtual-Machine:/tmp/.ICE-unix/1333'), ('INVOCATION_ID', '3fc2b0fa5bc04b889e378fc3b6ddc66d'), ('XDG_MENU_PREFIX', 'gnome-'), ('GNOME_SETUP_DISPLAY', ':1'), ('XDG_RUNTIME_DIR', '/run/user/1000'), ('DISPLAY', ':0'), ('TERMINATOR_DBUS_PATH', '/net/tenshu/Terminator2'), ('LANG', 'en_US.UTF-8'), ('XDG_CURRENT_DESKTOP', 'ubuntu:GNOME'), ('IBUS_DISABLE_SNOOPER', '1'), ('CONDA_PREFIX_1', '/home/ben/miniconda3'), ('XMODIFIERS', '@im=ibus'), ('XDG_SESSION_DESKTOP', 'ubuntu'), ('XAUTHORITY', '/run/user/1000/.mutter-Xwaylandauth.O92UV3'), ('LS_COLORS', 'rs=0:di=01;34:ln=01;36:mh=00:pi=40;33:so=01;35:do=01;35:bd=40;33;01:cd=40;33;01:or=40;31;01:mi=00:su=37;41:sg=30;43:ca=30;41:tw=30;42:ow=34;42:st=37;44:ex=01;32:*.tar=01;31:*.tgz=01;31:*.arc=01;31:*.arj=01;31:*.taz=01;31:*.lha=01;31:*.lz4=01;31:*.lzh=01;31:*.lzma=01;31:*.tlz=01;31:*.txz=01;31:*.tzo=01;31:*.t7z=01;31:*.zip=01;31:*.z=01;31:*.dz=01;31:*.gz=01;31:*.lrz=01;31:*.lz=01;31:*.lzo=01;31:*.xz=01;31:*.zst=01;31:*.tzst=01;31:*.bz2=01;31:*.bz=01;31:*.tbz=01;31:*.tbz2=01;31:*.tz=01;31:*.deb=01;31:*.rpm=01;31:*.jar=01;31:*.war=01;31:*.ear=01;31:*.sar=01;31:*.rar=01;31:*.alz=01;31:*.ace=01;31:*.zoo=01;31:*.cpio=01;31:*.7z=01;31:*.rz=01;31:*.cab=01;31:*.wim=01;31:*.swm=01;31:*.dwm=01;31:*.esd=01;31:*.jpg=01;35:*.jpeg=01;35:*.mjpg=01;35:*.mjpeg=01;35:*.gif=01;35:*.bmp=01;35:*.pbm=01;35:*.pgm=01;35:*.ppm=01;35:*.tga=01;35:*.xbm=01;35:*.xpm=01;35:*.tif=01;35:*.tiff=01;35:*.png=01;35:*.svg=01;35:*.svgz=01;35:*.mng=01;35:*.pcx=01;35:*.mov=01;35:*.mpg=01;35:*.mpeg=01;35:*.m2v=01;35:*.mkv=01;35:*.webm=01;35:*.webp=01;35:*.ogm=01;35:*.mp4=01;35:*.m4v=01;35:*.mp4v=01;35:*.vob=01;35:*.qt=01;35:*.nuv=01;35:*.wmv=01;35:*.asf=01;35:*.rm=01;35:*.rmvb=01;35:*.flc=01;35:*.avi=01;35:*.fli=01;35:*.flv=01;35:*.gl=01;35:*.dl=01;35:*.xcf=01;35:*.xwd=01;35:*.yuv=01;35:*.cgm=01;35:*.emf=01;35:*.ogv=01;35:*.ogx=01;35:*.aac=00;36:*.au=00;36:*.flac=00;36:*.m4a=00;36:*.mid=00;36:*.midi=00;36:*.mka=00;36:*.mp3=00;36:*.mpc=00;36:*.ogg=00;36:*.ra=00;36:*.wav=00;36:*.oga=00;36:*.opus=00;36:*.spx=00;36:*.xspf=00;36:'), ('SSH_AGENT_LAUNCHER', 'gnome-keyring'), ('SSH_AUTH_SOCK', '/run/user/1000/keyring/ssh'), ('AMENT_PREFIX_PATH', '/opt/ros/humble'), ('CONDA_PYTHON_EXE', '/home/ben/miniconda3/bin/python'), ('SHELL', '/bin/bash'), ('TERMINATOR_UUID', 'urn:uuid:fcb5a808-5e38-4c8b-85ce-ffeb87c50d1d'), ('QT_ACCESSIBILITY', '1'), ('GDMSESSION', 'ubuntu'), ('LESSCLOSE', '/usr/bin/lesspipe %s %s'), ('CONDA_DEFAULT_ENV', 'ros2'), ('GJS_DEBUG_OUTPUT', 'stderr'), ('_CONDA_EXE', '/home/ben/miniconda3/bin/conda'), ('QT_IM_MODULE', 'ibus'), ('PWD', '/home/ben/KV6022_limo_ros2/build/example_codes'), ('LC_ALL', 'en_US.UTF-8'), ('XDG_CONFIG_DIRS', '/etc/xdg/xdg-ubuntu:/etc/xdg'), ('CONDA_EXE', '/home/ben/miniconda3/bin/conda'), ('XDG_DATA_DIRS', '/usr/share/ubuntu:/usr/local/share/:/usr/share/:/var/lib/snapd/desktop'), ('PYTHONPATH', '/home/ben/KV6022_limo_ros2/build/example_codes/prefix_override:/usr/lib/python3/dist-packages/colcon_core/task/python/colcon_distutils_commands:/home/ben/KV6022_limo_ros2/install/example_codes/lib/python3.10/site-packages:/opt/ros/humble/lib/python3.10/site-packages:/opt/ros/humble/local/lib/python3.10/dist-packages'), ('CONDA_PREFIX', '/home/ben/miniconda3/envs/ros2'), ('COLCON', '1'), ('VTE_VERSION', '6800')]), 'shell': False}
[5.832208] (limo_msgs) StdoutLine: {'line': b"reading manifest file 'limo_msgs.egg-info/SOURCES.txt'\n"}
[5.832424] (limo_msgs) StdoutLine: {'line': b"writing manifest file 'limo_msgs.egg-info/SOURCES.txt'\n"}
[5.898290] (-) TimerEvent: {}
[5.903725] (limo_msgs) StdoutLine: {'line': b'[100%] Built target ament_cmake_python_build_limo_msgs_egg\n'}
[5.955904] (limo_msgs) CommandEnded: {'returncode': 0}
[5.957090] (limo_msgs) JobProgress: {'identifier': 'limo_msgs', 'progress': 'install'}
[5.961401] (limo_msgs) Command: {'cmd': ['/usr/bin/cmake', '--install', '/home/ben/KV6022_limo_ros2/build/limo_msgs'], 'cwd': '/home/ben/KV6022_limo_ros2/build/limo_msgs', 'env': OrderedDict([('GJS_DEBUG_TOPICS', 'JS ERROR;JS LOG'), ('LESSOPEN', '| /usr/bin/lesspipe %s'), ('CONDA_PROMPT_MODIFIER', '(ros2)'), ('LANGUAGE', 'en_GB:en'), ('USER', 'ben'), ('XDG_SESSION_TYPE', 'wayland'), ('SHLVL', '1'), ('LD_LIBRARY_PATH', '/usr/lib/x86_64-linux-gnu/gazebo-11/plugins:/opt/ros/humble/opt/rviz_ogre_vendor/lib:/opt/ros/humble/lib/x86_64-linux-gnu:/opt/ros/humble/lib'), ('HOME', '/home/ben'), ('CONDA_SHLVL', '2'), ('OLDPWD', '/home/ben/KV6022_limo_ros2/src'), ('DESKTOP_SESSION', 'ubuntu'), ('GIO_LAUNCHED_DESKTOP_FILE', '/usr/share/applications/terminator.desktop'), ('ROS_PYTHON_VERSION', '3'), ('GNOME_SHELL_SESSION_MODE', 'ubuntu'), ('GTK_MODULES', 'gail:atk-bridge'), ('MANAGERPID', '1179'), ('SYSTEMD_EXEC_PID', '1395'), ('DBUS_SESSION_BUS_ADDRESS', 'unix:path=/run/user/1000/bus'), ('COLORTERM', 'truecolor'), ('_CE_M', ''), ('TERMINATOR_DBUS_NAME', 'net.tenshu.Terminator25ef4b219e3b005583550f2b0f9f990c3'), ('_CONDA_ROOT', '/home/ben/miniconda3'), ('GIO_LAUNCHED_DESKTOP_FILE_PID', '9401'), ('IM_CONFIG_PHASE', '1'), ('WAYLAND_DISPLAY', 'wayland-0'), ('ROS_DISTRO', 'humble'), ('LOGNAME', 'ben'), ('JOURNAL_STREAM', '8:24018'), ('_', '/usr/bin/colcon'), ('ROS_VERSION', '2'), ('XDG_SESSION_CLASS', 'user'), ('USERNAME', 'ben'), ('TERM', 'xterm-256color'), ('GNOME_DESKTOP_SESSION_ID', 'this-is-deprecated'), ('_CE_CONDA', ''), ('ROS_LOCALHOST_ONLY', '1'), ('PATH', '/home/ben/miniconda3/envs/ros2/bin:/home/ben/miniconda3/condabin:/opt/ros/humble/bin:/usr/local/sbin:/usr/local/bin:/usr/sbin:/usr/bin:/sbin:/bin:/usr/games:/usr/local/games:/snap/bin:/snap/bin'), ('SESSION_MANAGER', 'local/ben-Virtual-Machine:@/tmp/.ICE-unix/1333,unix/ben-Virtual-Machine:/tmp/.ICE-unix/1333'), ('INVOCATION_ID', '3fc2b0fa5bc04b889e378fc3b6ddc66d'), ('XDG_MENU_PREFIX', 'gnome-'), ('GNOME_SETUP_DISPLAY', ':1'), ('XDG_RUNTIME_DIR', '/run/user/1000'), ('DISPLAY', ':0'), ('TERMINATOR_DBUS_PATH', '/net/tenshu/Terminator2'), ('LANG', 'en_US.UTF-8'), ('XDG_CURRENT_DESKTOP', 'ubuntu:GNOME'), ('IBUS_DISABLE_SNOOPER', '1'), ('CONDA_PREFIX_1', '/home/ben/miniconda3'), ('XMODIFIERS', '@im=ibus'), ('XDG_SESSION_DESKTOP', 'ubuntu'), ('XAUTHORITY', '/run/user/1000/.mutter-Xwaylandauth.O92UV3'), ('LS_COLORS', 'rs=0:di=01;34:ln=01;36:mh=00:pi=40;33:so=01;35:do=01;35:bd=40;33;01:cd=40;33;01:or=40;31;01:mi=00:su=37;41:sg=30;43:ca=30;41:tw=30;42:ow=34;42:st=37;44:ex=01;32:*.tar=01;31:*.tgz=01;31:*.arc=01;31:*.arj=01;31:*.taz=01;31:*.lha=01;31:*.lz4=01;31:*.lzh=01;31:*.lzma=01;31:*.tlz=01;31:*.txz=01;31:*.tzo=01;31:*.t7z=01;31:*.zip=01;31:*.z=01;31:*.dz=01;31:*.gz=01;31:*.lrz=01;31:*.lz=01;31:*.lzo=01;31:*.xz=01;31:*.zst=01;31:*.tzst=01;31:*.bz2=01;31:*.bz=01;31:*.tbz=01;31:*.tbz2=01;31:*.tz=01;31:*.deb=01;31:*.rpm=01;31:*.jar=01;31:*.war=01;31:*.ear=01;31:*.sar=01;31:*.rar=01;31:*.alz=01;31:*.ace=01;31:*.zoo=01;31:*.cpio=01;31:*.7z=01;31:*.rz=01;31:*.cab=01;31:*.wim=01;31:*.swm=01;31:*.dwm=01;31:*.esd=01;31:*.jpg=01;35:*.jpeg=01;35:*.mjpg=01;35:*.mjpeg=01;35:*.gif=01;35:*.bmp=01;35:*.pbm=01;35:*.pgm=01;35:*.ppm=01;35:*.tga=01;35:*.xbm=01;35:*.xpm=01;35:*.tif=01;35:*.tiff=01;35:*.png=01;35:*.svg=01;35:*.svgz=01;35:*.mng=01;35:*.pcx=01;35:*.mov=01;35:*.mpg=01;35:*.mpeg=01;35:*.m2v=01;35:*.mkv=01;35:*.webm=01;35:*.webp=01;35:*.ogm=01;35:*.mp4=01;35:*.m4v=01;35:*.mp4v=01;35:*.vob=01;35:*.qt=01;35:*.nuv=01;35:*.wmv=01;35:*.asf=01;35:*.rm=01;35:*.rmvb=01;35:*.flc=01;35:*.avi=01;35:*.fli=01;35:*.flv=01;35:*.gl=01;35:*.dl=01;35:*.xcf=01;35:*.xwd=01;35:*.yuv=01;35:*.cgm=01;35:*.emf=01;35:*.ogv=01;35:*.ogx=01;35:*.aac=00;36:*.au=00;36:*.flac=00;36:*.m4a=00;36:*.mid=00;36:*.midi=00;36:*.mka=00;36:*.mp3=00;36:*.mpc=00;36:*.ogg=00;36:*.ra=00;36:*.wav=00;36:*.oga=00;36:*.opus=00;36:*.spx=00;36:*.xspf=00;36:'), ('SSH_AGENT_LAUNCHER', 'gnome-keyring'), ('SSH_AUTH_SOCK', '/run/user/1000/keyring/ssh'), ('AMENT_PREFIX_PATH', '/opt/ros/humble'), ('CONDA_PYTHON_EXE', '/home/ben/miniconda3/bin/python'), ('SHELL', '/bin/bash'), ('TERMINATOR_UUID', 'urn:uuid:fcb5a808-5e38-4c8b-85ce-ffeb87c50d1d'), ('QT_ACCESSIBILITY', '1'), ('GDMSESSION', 'ubuntu'), ('LESSCLOSE', '/usr/bin/lesspipe %s %s'), ('CONDA_DEFAULT_ENV', 'ros2'), ('GJS_DEBUG_OUTPUT', 'stderr'), ('_CONDA_EXE', '/home/ben/miniconda3/bin/conda'), ('QT_IM_MODULE', 'ibus'), ('PWD', '/home/ben/KV6022_limo_ros2/build/limo_msgs'), ('LC_ALL', 'en_US.UTF-8'), ('XDG_CONFIG_DIRS', '/etc/xdg/xdg-ubuntu:/etc/xdg'), ('CONDA_EXE', '/home/ben/miniconda3/bin/conda'), ('XDG_DATA_DIRS', '/usr/share/ubuntu:/usr/local/share/:/usr/share/:/var/lib/snapd/desktop'), ('PYTHONPATH', '/opt/ros/humble/lib/python3.10/site-packages:/opt/ros/humble/local/lib/python3.10/dist-packages'), ('CONDA_PREFIX', '/home/ben/miniconda3/envs/ros2'), ('COLCON', '1'), ('VTE_VERSION', '6800'), ('CMAKE_PREFIX_PATH', '/opt/ros/humble')]), 'shell': False}
[5.995612] (limo_msgs) StdoutLine: {'line': b'-- Install configuration: ""\n'}
[5.998753] (limo_msgs) StdoutLine: {'line': b'-- Execute custom install script\n'}
[5.999036] (-) TimerEvent: {}
[6.001240] (limo_msgs) StdoutLine: {'line': b'-- Up-to-date symlink: /home/ben/KV6022_limo_ros2/install/limo_msgs/share/ament_index/resource_index/rosidl_interfaces/limo_msgs\n'}
[6.001388] (limo_msgs) StdoutLine: {'line': b'-- Up-to-date symlink: /home/ben/KV6022_limo_ros2/install/limo_msgs/include/limo_msgs/limo_msgs/msg/detail/limo_status__functions.h\n'}
[6.002671] (limo_msgs) StdoutLine: {'line': b'-- Up-to-date symlink: /home/ben/KV6022_limo_ros2/install/limo_msgs/include/limo_msgs/limo_msgs/msg/detail/limo_status__struct.h\n'}
[6.003145] (limo_msgs) StdoutLine: {'line': b'-- Up-to-date symlink: /home/ben/KV6022_limo_ros2/install/limo_msgs/include/limo_msgs/limo_msgs/msg/detail/limo_status__type_support.h\n'}
[6.004900] (limo_msgs) StdoutLine: {'line': b'-- Up-to-date symlink: /home/ben/KV6022_limo_ros2/install/limo_msgs/include/limo_msgs/limo_msgs/msg/limo_status.h\n'}
[6.005559] (limo_msgs) StdoutLine: {'line': b'-- Up-to-date symlink: /home/ben/KV6022_limo_ros2/install/limo_msgs/include/limo_msgs/limo_msgs/msg/rosidl_generator_c__visibility_control.h\n'}
[6.006680] (limo_msgs) StdoutLine: {'line': b'-- Up-to-date symlink: /home/ben/KV6022_limo_ros2/install/limo_msgs/share/limo_msgs/environment/library_path.sh\n'}
[6.008039] (limo_msgs) StdoutLine: {'line': b'-- Up-to-date symlink: /home/ben/KV6022_limo_ros2/install/limo_msgs/share/limo_msgs/environment/library_path.dsv\n'}
[6.013022] (limo_msgs) StdoutLine: {'line': b'-- Up-to-date symlink: /home/ben/KV6022_limo_ros2/install/limo_msgs/include/limo_msgs/limo_msgs/msg/detail/limo_status__rosidl_typesupport_fastrtps_c.h\n'}
[6.013328] (limo_msgs) StdoutLine: {'line': b'-- Up-to-date symlink: /home/ben/KV6022_limo_ros2/install/limo_msgs/include/limo_msgs/limo_msgs/msg/rosidl_typesupport_fastrtps_c__visibility_control.h\n'}
[6.017377] (limo_msgs) StdoutLine: {'line': b'-- Up-to-date symlink: /home/ben/KV6022_limo_ros2/install/limo_msgs/include/limo_msgs/limo_msgs/msg/detail/limo_status__builder.hpp\n'}
[6.017562] (limo_msgs) StdoutLine: {'line': b'-- Up-to-date symlink: /home/ben/KV6022_limo_ros2/install/limo_msgs/include/limo_msgs/limo_msgs/msg/detail/limo_status__struct.hpp\n'}
[6.017692] (limo_msgs) StdoutLine: {'line': b'-- Up-to-date symlink: /home/ben/KV6022_limo_ros2/install/limo_msgs/include/limo_msgs/limo_msgs/msg/detail/limo_status__traits.hpp\n'}
[6.020217] (limo_msgs) StdoutLine: {'line': b'-- Up-to-date symlink: /home/ben/KV6022_limo_ros2/install/limo_msgs/include/limo_msgs/limo_msgs/msg/detail/limo_status__type_support.hpp\n'}
[6.021257] (limo_msgs) StdoutLine: {'line': b'-- Up-to-date symlink: /home/ben/KV6022_limo_ros2/install/limo_msgs/include/limo_msgs/limo_msgs/msg/limo_status.hpp\n'}
[6.022637] (limo_msgs) StdoutLine: {'line': b'-- Up-to-date symlink: /home/ben/KV6022_limo_ros2/install/limo_msgs/include/limo_msgs/limo_msgs/msg/rosidl_generator_cpp__visibility_control.hpp\n'}
[6.025126] (limo_msgs) StdoutLine: {'line': b'-- Up-to-date symlink: /home/ben/KV6022_limo_ros2/install/limo_msgs/include/limo_msgs/limo_msgs/msg/detail/limo_status__rosidl_typesupport_fastrtps_cpp.hpp\n'}
[6.028941] (limo_msgs) StdoutLine: {'line': b'-- Up-to-date symlink: /home/ben/KV6022_limo_ros2/install/limo_msgs/include/limo_msgs/limo_msgs/msg/rosidl_typesupport_fastrtps_cpp__visibility_control.h\n'}
[6.032389] (limo_msgs) StdoutLine: {'line': b'-- Up-to-date symlink: /home/ben/KV6022_limo_ros2/install/limo_msgs/include/limo_msgs/limo_msgs/msg/detail/limo_status__rosidl_typesupport_introspection_c.h\n'}
[6.033604] (limo_msgs) StdoutLine: {'line': b'-- Up-to-date symlink: /home/ben/KV6022_limo_ros2/install/limo_msgs/include/limo_msgs/limo_msgs/msg/rosidl_typesupport_introspection_c__visibility_control.h\n'}
[6.034670] (limo_msgs) StdoutLine: {'line': b'-- Up-to-date symlink: /home/ben/KV6022_limo_ros2/install/limo_msgs/include/limo_msgs/limo_msgs/msg/detail/limo_status__rosidl_typesupport_introspection_cpp.hpp\n'}
[6.035730] (limo_msgs) StdoutLine: {'line': b'-- Up-to-date symlink: /home/ben/KV6022_limo_ros2/install/limo_msgs/share/limo_msgs/environment/pythonpath.sh\n'}
[6.036856] (limo_msgs) StdoutLine: {'line': b'-- Up-to-date symlink: /home/ben/KV6022_limo_ros2/install/limo_msgs/share/limo_msgs/environment/pythonpath.dsv\n'}
[6.038256] (limo_msgs) StdoutLine: {'line': b'-- Up-to-date symlink: /home/ben/KV6022_limo_ros2/install/limo_msgs/lib/python3.10/site-packages/limo_msgs-0.0.0-py3.10.egg-info/PKG-INFO\n'}
[6.040762] (limo_msgs) StdoutLine: {'line': b'-- Up-to-date symlink: /home/ben/KV6022_limo_ros2/install/limo_msgs/lib/python3.10/site-packages/limo_msgs-0.0.0-py3.10.egg-info/SOURCES.txt\n'}
[6.043868] (limo_msgs) StdoutLine: {'line': b'-- Up-to-date symlink: /home/ben/KV6022_limo_ros2/install/limo_msgs/lib/python3.10/site-packages/limo_msgs-0.0.0-py3.10.egg-info/dependency_links.txt\n'}
[6.045101] (limo_msgs) StdoutLine: {'line': b'-- Up-to-date symlink: /home/ben/KV6022_limo_ros2/install/limo_msgs/lib/python3.10/site-packages/limo_msgs-0.0.0-py3.10.egg-info/top_level.txt\n'}
[6.047395] (limo_msgs) StdoutLine: {'line': b'-- Up-to-date symlink: /home/ben/KV6022_limo_ros2/install/limo_msgs/lib/python3.10/site-packages/limo_msgs/__init__.py\n'}
[6.049780] (limo_msgs) StdoutLine: {'line': b'-- Up-to-date symlink: /home/ben/KV6022_limo_ros2/install/limo_msgs/lib/python3.10/site-packages/limo_msgs/_limo_msgs_s.ep.rosidl_typesupport_c.c\n'}
[6.049926] (limo_msgs) StdoutLine: {'line': b'-- Up-to-date symlink: /home/ben/KV6022_limo_ros2/install/limo_msgs/lib/python3.10/site-packages/limo_msgs/_limo_msgs_s.ep.rosidl_typesupport_fastrtps_c.c\n'}
[6.050909] (limo_msgs) StdoutLine: {'line': b'-- Up-to-date symlink: /home/ben/KV6022_limo_ros2/install/limo_msgs/lib/python3.10/site-packages/limo_msgs/_limo_msgs_s.ep.rosidl_typesupport_introspection_c.c\n'}
[6.052392] (limo_msgs) StdoutLine: {'line': b'-- Up-to-date symlink: /home/ben/KV6022_limo_ros2/install/limo_msgs/lib/python3.10/site-packages/limo_msgs/liblimo_msgs__rosidl_generator_py.so\n'}
[6.052915] (limo_msgs) StdoutLine: {'line': b'-- Up-to-date symlink: /home/ben/KV6022_limo_ros2/install/limo_msgs/lib/python3.10/site-packages/limo_msgs/limo_msgs_s__rosidl_typesupport_c.cpython-310-x86_64-linux-gnu.so\n'}
[6.054942] (limo_msgs) StdoutLine: {'line': b'-- Up-to-date symlink: /home/ben/KV6022_limo_ros2/install/limo_msgs/lib/python3.10/site-packages/limo_msgs/limo_msgs_s__rosidl_typesupport_fastrtps_c.cpython-310-x86_64-linux-gnu.so\n'}
[6.055349] (limo_msgs) StdoutLine: {'line': b'-- Up-to-date symlink: /home/ben/KV6022_limo_ros2/install/limo_msgs/lib/python3.10/site-packages/limo_msgs/limo_msgs_s__rosidl_typesupport_introspection_c.cpython-310-x86_64-linux-gnu.so\n'}
[6.056288] (limo_msgs) StdoutLine: {'line': b'-- Up-to-date symlink: /home/ben/KV6022_limo_ros2/install/limo_msgs/lib/python3.10/site-packages/limo_msgs/msg/__init__.py\n'}
[6.057645] (limo_msgs) StdoutLine: {'line': b'-- Up-to-date symlink: /home/ben/KV6022_limo_ros2/install/limo_msgs/lib/python3.10/site-packages/limo_msgs/msg/_limo_status.py\n'}
[6.058875] (limo_msgs) StdoutLine: {'line': b'-- Up-to-date symlink: /home/ben/KV6022_limo_ros2/install/limo_msgs/lib/python3.10/site-packages/limo_msgs/msg/_limo_status_s.c\n'}
[6.059377] (limo_msgs) StdoutLine: {'line': b'-- Up-to-date symlink: /home/ben/KV6022_limo_ros2/install/limo_msgs/lib/python3.10/site-packages/limo_msgs/limo_msgs_s__rosidl_typesupport_fastrtps_c.cpython-310-x86_64-linux-gnu.so\n'}
[6.060453] (limo_msgs) StdoutLine: {'line': b'-- Up-to-date symlink: /home/ben/KV6022_limo_ros2/install/limo_msgs/lib/python3.10/site-packages/limo_msgs/limo_msgs_s__rosidl_typesupport_introspection_c.cpython-310-x86_64-linux-gnu.so\n'}
[6.061319] (limo_msgs) StdoutLine: {'line': b'-- Up-to-date symlink: /home/ben/KV6022_limo_ros2/install/limo_msgs/lib/python3.10/site-packages/limo_msgs/limo_msgs_s__rosidl_typesupport_c.cpython-310-x86_64-linux-gnu.so\n'}
[6.063990] (limo_msgs) StdoutLine: {'line': b'-- Up-to-date symlink: /home/ben/KV6022_limo_ros2/install/limo_msgs/share/limo_msgs/rust/Cargo.toml\n'}
[6.064865] (limo_msgs) StdoutLine: {'line': b'-- Up-to-date symlink: /home/ben/KV6022_limo_ros2/install/limo_msgs/share/limo_msgs/rust/build.rs\n'}
[6.066179] (limo_msgs) StdoutLine: {'line': b'-- Up-to-date symlink: /home/ben/KV6022_limo_ros2/install/limo_msgs/share/limo_msgs/rust/src/lib.rs\n'}
[6.066679] (limo_msgs) StdoutLine: {'line': b'-- Up-to-date symlink: /home/ben/KV6022_limo_ros2/install/limo_msgs/share/limo_msgs/rust/src/msg.rs\n'}
[6.067818] (limo_msgs) StdoutLine: {'line': b'-- Up-to-date symlink: /home/ben/KV6022_limo_ros2/install/limo_msgs/share/limo_msgs/rust/src/msg/rmw.rs\n'}
[6.069267] (limo_msgs) StdoutLine: {'line': b'-- Up-to-date symlink: /home/ben/KV6022_limo_ros2/install/limo_msgs/share/limo_msgs/msg/LimoStatus.idl\n'}
[6.069417] (limo_msgs) StdoutLine: {'line': b'-- Up-to-date symlink: /home/ben/KV6022_limo_ros2/install/limo_msgs/share/limo_msgs/msg/LimoStatus.msg\n'}
[6.071066] (limo_msgs) StdoutLine: {'line': b'-- Up-to-date symlink: /home/ben/KV6022_limo_ros2/install/limo_msgs/share/ament_index/resource_index/package_run_dependencies/limo_msgs\n'}
[6.072314] (limo_msgs) StdoutLine: {'line': b'-- Up-to-date symlink: /home/ben/KV6022_limo_ros2/install/limo_msgs/share/ament_index/resource_index/parent_prefix_path/limo_msgs\n'}
[6.073800] (limo_msgs) StdoutLine: {'line': b'-- Up-to-date symlink: /home/ben/KV6022_limo_ros2/install/limo_msgs/share/limo_msgs/environment/ament_prefix_path.sh\n'}
[6.075255] (limo_msgs) StdoutLine: {'line': b'-- Up-to-date symlink: /home/ben/KV6022_limo_ros2/install/limo_msgs/share/limo_msgs/environment/ament_prefix_path.dsv\n'}
[6.076139] (limo_msgs) StdoutLine: {'line': b'-- Up-to-date symlink: /home/ben/KV6022_limo_ros2/install/limo_msgs/share/limo_msgs/environment/path.sh\n'}
[6.077638] (limo_msgs) StdoutLine: {'line': b'-- Up-to-date symlink: /home/ben/KV6022_limo_ros2/install/limo_msgs/share/limo_msgs/environment/path.dsv\n'}
[6.078542] (limo_msgs) StdoutLine: {'line': b'-- Up-to-date symlink: /home/ben/KV6022_limo_ros2/install/limo_msgs/share/limo_msgs/local_setup.bash\n'}
[6.079351] (limo_msgs) StdoutLine: {'line': b'-- Up-to-date symlink: /home/ben/KV6022_limo_ros2/install/limo_msgs/share/limo_msgs/local_setup.sh\n'}
[6.080536] (limo_msgs) StdoutLine: {'line': b'-- Up-to-date symlink: /home/ben/KV6022_limo_ros2/install/limo_msgs/share/limo_msgs/local_setup.zsh\n'}
[6.081402] (limo_msgs) StdoutLine: {'line': b'-- Up-to-date symlink: /home/ben/KV6022_limo_ros2/install/limo_msgs/share/limo_msgs/local_setup.dsv\n'}
[6.081849] (limo_msgs) StdoutLine: {'line': b'-- Symlinking: /home/ben/KV6022_limo_ros2/install/limo_msgs/share/limo_msgs/package.dsv\n'}
[6.099532] (-) TimerEvent: {}
[6.121154] (limo_msgs) StdoutLine: {'line': b'-- Up-to-date symlink: /home/ben/KV6022_limo_ros2/install/limo_msgs/share/ament_index/resource_index/packages/limo_msgs\n'}
[6.122125] (limo_msgs) StdoutLine: {'line': b'-- Up-to-date symlink: /home/ben/KV6022_limo_ros2/install/limo_msgs/share/limo_msgs/cmake/rosidl_cmake-extras.cmake\n'}
[6.124570] (limo_msgs) StdoutLine: {'line': b'-- Up-to-date symlink: /home/ben/KV6022_limo_ros2/install/limo_msgs/share/limo_msgs/cmake/ament_cmake_export_dependencies-extras.cmake\n'}
[6.127168] (limo_msgs) StdoutLine: {'line': b'-- Up-to-date symlink: /home/ben/KV6022_limo_ros2/install/limo_msgs/share/limo_msgs/cmake/ament_cmake_export_include_directories-extras.cmake\n'}
[6.128223] (limo_msgs) StdoutLine: {'line': b'-- Up-to-date symlink: /home/ben/KV6022_limo_ros2/install/limo_msgs/share/limo_msgs/cmake/ament_cmake_export_libraries-extras.cmake\n'}
[6.129523] (limo_msgs) StdoutLine: {'line': b'-- Up-to-date symlink: /home/ben/KV6022_limo_ros2/install/limo_msgs/share/limo_msgs/cmake/ament_cmake_export_targets-extras.cmake\n'}
[6.129693] (limo_msgs) StdoutLine: {'line': b'-- Up-to-date symlink: /home/ben/KV6022_limo_ros2/install/limo_msgs/share/limo_msgs/cmake/rosidl_cmake_export_typesupport_targets-extras.cmake\n'}
[6.130191] (limo_msgs) StdoutLine: {'line': b'-- Up-to-date symlink: /home/ben/KV6022_limo_ros2/install/limo_msgs/share/limo_msgs/cmake/rosidl_cmake_export_typesupport_libraries-extras.cmake\n'}
[6.131776] (limo_msgs) StdoutLine: {'line': b'-- Up-to-date symlink: /home/ben/KV6022_limo_ros2/install/limo_msgs/share/limo_msgs/cmake/rosidl_cmake_aggregate_target-extras.cmake\n'}
[6.132670] (limo_msgs) StdoutLine: {'line': b'-- Up-to-date symlink: /home/ben/KV6022_limo_ros2/install/limo_msgs/share/limo_msgs/cmake/limo_msgsConfig.cmake\n'}
[6.134061] (limo_msgs) StdoutLine: {'line': b'-- Up-to-date symlink: /home/ben/KV6022_limo_ros2/install/limo_msgs/share/limo_msgs/cmake/limo_msgsConfig-version.cmake\n'}
[6.135293] (limo_msgs) StdoutLine: {'line': b'-- Up-to-date symlink: /home/ben/KV6022_limo_ros2/install/limo_msgs/share/limo_msgs/package.xml\n'}
[6.142540] (limo_msgs) StdoutLine: {'line': b'-- Up-to-date: /home/ben/KV6022_limo_ros2/install/limo_msgs/lib/liblimo_msgs__rosidl_generator_c.so\n'}
[6.146943] (limo_msgs) StdoutLine: {'line': b'-- Up-to-date: /home/ben/KV6022_limo_ros2/install/limo_msgs/lib/liblimo_msgs__rosidl_typesupport_fastrtps_c.so\n'}
[6.152978] (limo_msgs) StdoutLine: {'line': b'-- Up-to-date: /home/ben/KV6022_limo_ros2/install/limo_msgs/lib/liblimo_msgs__rosidl_typesupport_fastrtps_cpp.so\n'}
[6.154460] (limo_msgs) StdoutLine: {'line': b'-- Up-to-date: /home/ben/KV6022_limo_ros2/install/limo_msgs/lib/liblimo_msgs__rosidl_typesupport_introspection_c.so\n'}
[6.160383] (limo_msgs) StdoutLine: {'line': b'-- Up-to-date: /home/ben/KV6022_limo_ros2/install/limo_msgs/lib/liblimo_msgs__rosidl_typesupport_c.so\n'}
[6.164221] (limo_msgs) StdoutLine: {'line': b'-- Up-to-date: /home/ben/KV6022_limo_ros2/install/limo_msgs/lib/liblimo_msgs__rosidl_typesupport_introspection_cpp.so\n'}
[6.169573] (limo_msgs) StdoutLine: {'line': b'-- Up-to-date: /home/ben/KV6022_limo_ros2/install/limo_msgs/lib/liblimo_msgs__rosidl_typesupport_cpp.so\n'}
[6.199830] (-) TimerEvent: {}
[6.270033] (limo_msgs) StdoutLine: {'line': b"Listing '/home/ben/KV6022_limo_ros2/install/limo_msgs/lib/python3.10/site-packages/limo_msgs'...\n"}
[6.270382] (limo_msgs) StdoutLine: {'line': b"Compiling '/home/ben/KV6022_limo_ros2/install/limo_msgs/lib/python3.10/site-packages/limo_msgs/__init__.py'...\n"}
[6.270520] (limo_msgs) StdoutLine: {'line': b"Listing '/home/ben/KV6022_limo_ros2/install/limo_msgs/lib/python3.10/site-packages/limo_msgs/msg'...\n"}
[6.285228] (limo_msgs) StdoutLine: {'line': b'-- Up-to-date: /home/ben/KV6022_limo_ros2/install/limo_msgs/lib/liblimo_msgs__rosidl_generator_py.so\n'}
[6.289446] (limo_msgs) StdoutLine: {'line': b'-- Up-to-date: /home/ben/KV6022_limo_ros2/install/limo_msgs/share/limo_msgs/cmake/export_limo_msgs__rosidl_generator_cExport.cmake\n'}
[6.290342] (limo_msgs) StdoutLine: {'line': b'-- Up-to-date: /home/ben/KV6022_limo_ros2/install/limo_msgs/share/limo_msgs/cmake/export_limo_msgs__rosidl_generator_cExport-noconfig.cmake\n'}
[6.293378] (limo_msgs) StdoutLine: {'line': b'-- Up-to-date: /home/ben/KV6022_limo_ros2/install/limo_msgs/share/limo_msgs/cmake/export_limo_msgs__rosidl_typesupport_fastrtps_cExport.cmake\n'}
[6.294354] (limo_msgs) StdoutLine: {'line': b'-- Up-to-date: /home/ben/KV6022_limo_ros2/install/limo_msgs/share/limo_msgs/cmake/export_limo_msgs__rosidl_typesupport_fastrtps_cExport-noconfig.cmake\n'}
[6.296405] (limo_msgs) StdoutLine: {'line': b'-- Up-to-date: /home/ben/KV6022_limo_ros2/install/limo_msgs/share/limo_msgs/cmake/export_limo_msgs__rosidl_generator_cppExport.cmake\n'}
[6.299664] (limo_msgs) StdoutLine: {'line': b'-- Up-to-date: /home/ben/KV6022_limo_ros2/install/limo_msgs/share/limo_msgs/cmake/export_limo_msgs__rosidl_typesupport_fastrtps_cppExport.cmake\n'}
[6.300387] (limo_msgs) StdoutLine: {'line': b'-- Up-to-date: /home/ben/KV6022_limo_ros2/install/limo_msgs/share/limo_msgs/cmake/export_limo_msgs__rosidl_typesupport_fastrtps_cppExport-noconfig.cmake\n'}
[6.300520] (-) TimerEvent: {}
[6.302893] (limo_msgs) StdoutLine: {'line': b'-- Up-to-date: /home/ben/KV6022_limo_ros2/install/limo_msgs/share/limo_msgs/cmake/limo_msgs__rosidl_typesupport_introspection_cExport.cmake\n'}
[6.303801] (limo_msgs) StdoutLine: {'line': b'-- Up-to-date: /home/ben/KV6022_limo_ros2/install/limo_msgs/share/limo_msgs/cmake/limo_msgs__rosidl_typesupport_introspection_cExport-noconfig.cmake\n'}
[6.305200] (limo_msgs) StdoutLine: {'line': b'-- Up-to-date: /home/ben/KV6022_limo_ros2/install/limo_msgs/share/limo_msgs/cmake/limo_msgs__rosidl_typesupport_cExport.cmake\n'}
[6.306221] (limo_msgs) StdoutLine: {'line': b'-- Up-to-date: /home/ben/KV6022_limo_ros2/install/limo_msgs/share/limo_msgs/cmake/limo_msgs__rosidl_typesupport_cExport-noconfig.cmake\n'}
[6.306847] (limo_msgs) StdoutLine: {'line': b'-- Up-to-date: /home/ben/KV6022_limo_ros2/install/limo_msgs/share/limo_msgs/cmake/limo_msgs__rosidl_typesupport_introspection_cppExport.cmake\n'}
[6.306996] (limo_msgs) StdoutLine: {'line': b'-- Up-to-date: /home/ben/KV6022_limo_ros2/install/limo_msgs/share/limo_msgs/cmake/limo_msgs__rosidl_typesupport_introspection_cppExport-noconfig.cmake\n'}
[6.308390] (limo_msgs) StdoutLine: {'line': b'-- Up-to-date: /home/ben/KV6022_limo_ros2/install/limo_msgs/share/limo_msgs/cmake/limo_msgs__rosidl_typesupport_cppExport.cmake\n'}
[6.308531] (limo_msgs) StdoutLine: {'line': b'-- Up-to-date: /home/ben/KV6022_limo_ros2/install/limo_msgs/share/limo_msgs/cmake/limo_msgs__rosidl_typesupport_cppExport-noconfig.cmake\n'}
[6.309645] (limo_msgs) StdoutLine: {'line': b'-- Up-to-date: /home/ben/KV6022_limo_ros2/install/limo_msgs/share/limo_msgs/cmake/export_limo_msgs__rosidl_generator_pyExport.cmake\n'}
[6.310484] (limo_msgs) StdoutLine: {'line': b'-- Up-to-date: /home/ben/KV6022_limo_ros2/install/limo_msgs/share/limo_msgs/cmake/export_limo_msgs__rosidl_generator_pyExport-noconfig.cmake\n'}
[6.320534] (limo_msgs) CommandEnded: {'returncode': 0}
[6.346234] (KV6022_assessment) StdoutLine: {'line': b'running egg_info\n'}
[6.349093] (KV6022_assessment) StdoutLine: {'line': b'writing ../../build/KV6022_assessment/KV6022_assessment.egg-info/PKG-INFO\n'}
[6.349475] (KV6022_assessment) StdoutLine: {'line': b'writing dependency_links to ../../build/KV6022_assessment/KV6022_assessment.egg-info/dependency_links.txt\n'}
[6.356138] (KV6022_assessment) StdoutLine: {'line': b'writing entry points to ../../build/KV6022_assessment/KV6022_assessment.egg-info/entry_points.txt\n'}
[6.357996] (KV6022_assessment) StdoutLine: {'line': b'writing requirements to ../../build/KV6022_assessment/KV6022_assessment.egg-info/requires.txt\n'}
[6.358133] (KV6022_assessment) StdoutLine: {'line': b'writing top-level names to ../../build/KV6022_assessment/KV6022_assessment.egg-info/top_level.txt\n'}
[6.358261] (trajectory_skeleton) StdoutLine: {'line': b'running egg_info\n'}
[6.358402] (KV6022_assessment) StdoutLine: {'line': b"reading manifest file '../../build/KV6022_assessment/KV6022_assessment.egg-info/SOURCES.txt'\n"}
[6.363350] (trajectory_skeleton) StdoutLine: {'line': b'writing ../../build/trajectory_skeleton/trajectory_skeleton.egg-info/PKG-INFO\n'}
[6.363518] (trajectory_skeleton) StdoutLine: {'line': b'writing dependency_links to ../../build/trajectory_skeleton/trajectory_skeleton.egg-info/dependency_links.txt\n'}
[6.363663] (trajectory_skeleton) StdoutLine: {'line': b'writing entry points to ../../build/trajectory_skeleton/trajectory_skeleton.egg-info/entry_points.txt\n'}
[6.369400] (trajectory_skeleton) StdoutLine: {'line': b'writing requirements to ../../build/trajectory_skeleton/trajectory_skeleton.egg-info/requires.txt\n'}
[6.369720] (trajectory_skeleton) StdoutLine: {'line': b'writing top-level names to ../../build/trajectory_skeleton/trajectory_skeleton.egg-info/top_level.txt\n'}
[6.372610] (KV6022_assessment) StdoutLine: {'line': b"writing manifest file '../../build/KV6022_assessment/KV6022_assessment.egg-info/SOURCES.txt'\n"}
[6.373569] (KV6022_assessment) StdoutLine: {'line': b'running build\n'}
[6.373708] (KV6022_assessment) StdoutLine: {'line': b'running build_py\n'}
[6.373831] (KV6022_assessment) StdoutLine: {'line': b'creating /home/ben/KV6022_limo_ros2/build/KV6022_assessment/build\n'}
[6.374094] (KV6022_assessment) StdoutLine: {'line': b'creating /home/ben/KV6022_limo_ros2/build/KV6022_assessment/build/lib\n'}
[6.374403] (KV6022_assessment) StdoutLine: {'line': b'creating /home/ben/KV6022_limo_ros2/build/KV6022_assessment/build/lib/KV6022_assessment\n'}
[6.375442] (KV6022_assessment) StdoutLine: {'line': b'copying KV6022_assessment/__init__.py -> /home/ben/KV6022_limo_ros2/build/KV6022_assessment/build/lib/KV6022_assessment\n'}
[6.378360] (KV6022_assessment) StdoutLine: {'line': b'copying KV6022_assessment/example_waypoint_follower.py -> /home/ben/KV6022_limo_ros2/build/KV6022_assessment/build/lib/KV6022_assessment\n'}
[6.378545] (trajectory_skeleton) StdoutLine: {'line': b"reading manifest file '../../build/trajectory_skeleton/trajectory_skeleton.egg-info/SOURCES.txt'\n"}
[6.378684] (KV6022_assessment) StdoutLine: {'line': b'copying KV6022_assessment/example_opencv_detector.py -> /home/ben/KV6022_limo_ros2/build/KV6022_assessment/build/lib/KV6022_assessment\n'}
[6.378926] (KV6022_assessment) StdoutLine: {'line': b'copying KV6022_assessment/example_nav_to_pose.py -> /home/ben/KV6022_limo_ros2/build/KV6022_assessment/build/lib/KV6022_assessment\n'}
[6.379062] (trajectory_referee) StdoutLine: {'line': b'running egg_info\n'}
[6.379199] (trajectory_referee) StdoutLine: {'line': b'writing ../../build/trajectory_referee/trajectory_referee.egg-info/PKG-INFO\n'}
[6.379327] (trajectory_referee) StdoutLine: {'line': b'writing dependency_links to ../../build/trajectory_referee/trajectory_referee.egg-info/dependency_links.txt\n'}
[6.379454] (KV6022_assessment) StdoutLine: {'line': b'copying KV6022_assessment/example_nav_through_poses.py -> /home/ben/KV6022_limo_ros2/build/KV6022_assessment/build/lib/KV6022_assessment\n'}
[6.379618] (trajectory_skeleton) StdoutLine: {'line': b"writing manifest file '../../build/trajectory_skeleton/trajectory_skeleton.egg-info/SOURCES.txt'\n"}
[6.379961] (trajectory_skeleton) StdoutLine: {'line': b'running build\n'}
[6.382356] (KV6022_assessment) StdoutLine: {'line': b'running install\n'}
[6.383434] (KV6022_assessment) StdoutLine: {'line': b'running install_lib\n'}
[6.385029] (KV6022_assessment) StdoutLine: {'line': b'creating /home/ben/KV6022_limo_ros2/install/KV6022_assessment/lib/python3.10/site-packages/KV6022_assessment\n'}
[6.385588] (KV6022_assessment) StdoutLine: {'line': b'copying /home/ben/KV6022_limo_ros2/build/KV6022_assessment/build/lib/KV6022_assessment/__init__.py -> /home/ben/KV6022_limo_ros2/install/KV6022_assessment/lib/python3.10/site-packages/KV6022_assessment\n'}
[6.386826] (KV6022_assessment) StdoutLine: {'line': b'copying /home/ben/KV6022_limo_ros2/build/KV6022_assessment/build/lib/KV6022_assessment/example_waypoint_follower.py -> /home/ben/KV6022_limo_ros2/install/KV6022_assessment/lib/python3.10/site-packages/KV6022_assessment\n'}
[6.387192] (KV6022_assessment) StdoutLine: {'line': b'copying /home/ben/KV6022_limo_ros2/build/KV6022_assessment/build/lib/KV6022_assessment/example_opencv_detector.py -> /home/ben/KV6022_limo_ros2/install/KV6022_assessment/lib/python3.10/site-packages/KV6022_assessment\n'}
[6.387954] (KV6022_assessment) StdoutLine: {'line': b'copying /home/ben/KV6022_limo_ros2/build/KV6022_assessment/build/lib/KV6022_assessment/example_nav_to_pose.py -> /home/ben/KV6022_limo_ros2/install/KV6022_assessment/lib/python3.10/site-packages/KV6022_assessment\n'}
[6.388784] (KV6022_assessment) StdoutLine: {'line': b'copying /home/ben/KV6022_limo_ros2/build/KV6022_assessment/build/lib/KV6022_assessment/example_nav_through_poses.py -> /home/ben/KV6022_limo_ros2/install/KV6022_assessment/lib/python3.10/site-packages/KV6022_assessment\n'}
[6.389967] (trajectory_referee) StdoutLine: {'line': b'writing entry points to ../../build/trajectory_referee/trajectory_referee.egg-info/entry_points.txt\n'}
[6.390851] (trajectory_referee) StdoutLine: {'line': b'writing requirements to ../../build/trajectory_referee/trajectory_referee.egg-info/requires.txt\n'}
[6.391134] (trajectory_referee) StdoutLine: {'line': b'writing top-level names to ../../build/trajectory_referee/trajectory_referee.egg-info/top_level.txt\n'}
[6.391279] (trajectory_skeleton) StdoutLine: {'line': b'running build_py\n'}
[6.391478] (trajectory_skeleton) StdoutLine: {'line': b'creating /home/ben/KV6022_limo_ros2/build/trajectory_skeleton/build\n'}
[6.391602] (trajectory_skeleton) StdoutLine: {'line': b'creating /home/ben/KV6022_limo_ros2/build/trajectory_skeleton/build/lib\n'}
[6.391827] (trajectory_skeleton) StdoutLine: {'line': b'creating /home/ben/KV6022_limo_ros2/build/trajectory_skeleton/build/lib/trajectory_skeleton\n'}
[6.391951] (trajectory_skeleton) StdoutLine: {'line': b'copying trajectory_skeleton/trajectory_tracking_controller.py -> /home/ben/KV6022_limo_ros2/build/trajectory_skeleton/build/lib/trajectory_skeleton\n'}
[6.392082] (trajectory_skeleton) StdoutLine: {'line': b'copying trajectory_skeleton/__init__.py -> /home/ben/KV6022_limo_ros2/build/trajectory_skeleton/build/lib/trajectory_skeleton\n'}
[6.397828] (trajectory_skeleton) StdoutLine: {'line': b'running install\n'}
[6.398067] (trajectory_skeleton) StdoutLine: {'line': b'running install_lib\n'}
[6.398571] (trajectory_skeleton) StdoutLine: {'line': b'creating /home/ben/KV6022_limo_ros2/install/trajectory_skeleton/lib/python3.10/site-packages/trajectory_skeleton\n'}
[6.398755] (trajectory_skeleton) StdoutLine: {'line': b'copying /home/ben/KV6022_limo_ros2/build/trajectory_skeleton/build/lib/trajectory_skeleton/trajectory_tracking_controller.py -> /home/ben/KV6022_limo_ros2/install/trajectory_skeleton/lib/python3.10/site-packages/trajectory_skeleton\n'}
[6.398903] (trajectory_skeleton) StdoutLine: {'line': b'copying /home/ben/KV6022_limo_ros2/build/trajectory_skeleton/build/lib/trajectory_skeleton/__init__.py -> /home/ben/KV6022_limo_ros2/install/trajectory_skeleton/lib/python3.10/site-packages/trajectory_skeleton\n'}
[6.399259] (trajectory_skeleton) StdoutLine: {'line': b'byte-compiling /home/ben/KV6022_limo_ros2/install/trajectory_skeleton/lib/python3.10/site-packages/trajectory_skeleton/trajectory_tracking_controller.py to trajectory_tracking_controller.cpython-310.pyc\n'}
[6.399441] (KV6022_assessment) StdoutLine: {'line': b'byte-compiling /home/ben/KV6022_limo_ros2/install/KV6022_assessment/lib/python3.10/site-packages/KV6022_assessment/__init__.py to __init__.cpython-310.pyc\n'}
[6.399634] (KV6022_assessment) StdoutLine: {'line': b'byte-compiling /home/ben/KV6022_limo_ros2/install/KV6022_assessment/lib/python3.10/site-packages/KV6022_assessment/example_waypoint_follower.py to example_waypoint_follower.cpython-310.pyc\n'}
[6.399813] (trajectory_skeleton) StdoutLine: {'line': b'byte-compiling /home/ben/KV6022_limo_ros2/install/trajectory_skeleton/lib/python3.10/site-packages/trajectory_skeleton/__init__.py to __init__.cpython-310.pyc\n'}
[6.399942] (trajectory_skeleton) StdoutLine: {'line': b'running install_data\n'}
[6.400068] (trajectory_skeleton) StdoutLine: {'line': b'copying resource/trajectory_skeleton -> /home/ben/KV6022_limo_ros2/install/trajectory_skeleton/share/ament_index/resource_index/packages\n'}
[6.400196] (trajectory_referee) StdoutLine: {'line': b"reading manifest file '../../build/trajectory_referee/trajectory_referee.egg-info/SOURCES.txt'\n"}
[6.400332] (KV6022_assessment) StdoutLine: {'line': b'byte-compiling /home/ben/KV6022_limo_ros2/install/KV6022_assessment/lib/python3.10/site-packages/KV6022_assessment/example_opencv_detector.py to example_opencv_detector.cpython-310.pyc\n'}
[6.400458] (KV6022_assessment) StdoutLine: {'line': b'byte-compiling /home/ben/KV6022_limo_ros2/install/KV6022_assessment/lib/python3.10/site-packages/KV6022_assessment/example_nav_to_pose.py to example_nav_to_pose.cpython-310.pyc\n'}
[6.400573] (-) TimerEvent: {}
[6.400883] (KV6022_assessment) StdoutLine: {'line': b'byte-compiling /home/ben/KV6022_limo_ros2/install/KV6022_assessment/lib/python3.10/site-packages/KV6022_assessment/example_nav_through_poses.py to example_nav_through_poses.cpython-310.pyc\n'}
[6.403311] (KV6022_assessment) StdoutLine: {'line': b'running install_data\n'}
[6.405253] (KV6022_assessment) StdoutLine: {'line': b'copying resource/KV6022_assessment -> /home/ben/KV6022_limo_ros2/install/KV6022_assessment/share/ament_index/resource_index/packages\n'}
[6.405384] (KV6022_assessment) StdoutLine: {'line': b'copying package.xml -> /home/ben/KV6022_limo_ros2/install/KV6022_assessment/share/KV6022_assessment\n'}
[6.405524] (KV6022_assessment) StdoutLine: {'line': b'copying launch/limo_navigation.launch.py -> /home/ben/KV6022_limo_ros2/install/KV6022_assessment/share/KV6022_assessment/launch\n'}
[6.405790] (trajectory_skeleton) StdoutLine: {'line': b'copying package.xml -> /home/ben/KV6022_limo_ros2/install/trajectory_skeleton/share/trajectory_skeleton\n'}
[6.405926] (trajectory_skeleton) StdoutLine: {'line': b'copying launch/view_robot.launch.py -> /home/ben/KV6022_limo_ros2/install/trajectory_skeleton/share/trajectory_skeleton/launch\n'}
[6.406059] (trajectory_skeleton) StdoutLine: {'line': b'copying rviz/follow.rviz -> /home/ben/KV6022_limo_ros2/install/trajectory_skeleton/share/trajectory_skeleton/rviz\n'}
[6.406188] (trajectory_referee) StdoutLine: {'line': b"writing manifest file '../../build/trajectory_referee/trajectory_referee.egg-info/SOURCES.txt'\n"}
[6.406403] (trajectory_referee) StdoutLine: {'line': b'running build\n'}
[6.408380] (trajectory_referee) StdoutLine: {'line': b'running build_py\n'}
[6.408510] (trajectory_referee) StdoutLine: {'line': b'creating /home/ben/KV6022_limo_ros2/build/trajectory_referee/build\n'}
[6.408635] (trajectory_referee) StdoutLine: {'line': b'creating /home/ben/KV6022_limo_ros2/build/trajectory_referee/build/lib\n'}
[6.408760] (trajectory_referee) StdoutLine: {'line': b'creating /home/ben/KV6022_limo_ros2/build/trajectory_referee/build/lib/trajectory_referee\n'}
[6.408884] (trajectory_referee) StdoutLine: {'line': b'copying trajectory_referee/trajectory_publisher.py -> /home/ben/KV6022_limo_ros2/build/trajectory_referee/build/lib/trajectory_referee\n'}
[6.409010] (trajectory_referee) StdoutLine: {'line': b'copying trajectory_referee/print_state.py -> /home/ben/KV6022_limo_ros2/build/trajectory_referee/build/lib/trajectory_referee\n'}
[6.409603] (KV6022_assessment) StdoutLine: {'line': b'copying params/nav2_params.yaml -> /home/ben/KV6022_limo_ros2/install/KV6022_assessment/share/KV6022_assessment/params\n'}
[6.409960] (trajectory_skeleton) StdoutLine: {'line': b'running install_egg_info\n'}
[6.410149] (trajectory_referee) StdoutLine: {'line': b'copying trajectory_referee/__init__.py -> /home/ben/KV6022_limo_ros2/build/trajectory_referee/build/lib/trajectory_referee\n'}
[6.410281] (trajectory_referee) StdoutLine: {'line': b'copying trajectory_referee/record_pose.py -> /home/ben/KV6022_limo_ros2/build/trajectory_referee/build/lib/trajectory_referee\n'}
[6.410406] (trajectory_referee) StdoutLine: {'line': b'copying trajectory_referee/print_waypoint.py -> /home/ben/KV6022_limo_ros2/build/trajectory_referee/build/lib/trajectory_referee\n'}
[6.410529] (trajectory_referee) StdoutLine: {'line': b'running install\n'}
[6.410653] (KV6022_assessment) StdoutLine: {'line': b'copying maps/potholes_20mm.yaml -> /home/ben/KV6022_limo_ros2/install/KV6022_assessment/share/KV6022_assessment/maps\n'}
[6.410779] (trajectory_referee) StdoutLine: {'line': b'running install_lib\n'}
[6.411018] (KV6022_assessment) StdoutLine: {'line': b'copying maps/potholes_20mm.pgm -> /home/ben/KV6022_limo_ros2/install/KV6022_assessment/share/KV6022_assessment/maps\n'}
[6.411149] (trajectory_skeleton) StdoutLine: {'line': b'Copying ../../build/trajectory_skeleton/trajectory_skeleton.egg-info to /home/ben/KV6022_limo_ros2/install/trajectory_skeleton/lib/python3.10/site-packages/trajectory_skeleton-0.0.0-py3.10.egg-info\n'}
[6.411294] (trajectory_referee) StdoutLine: {'line': b'creating /home/ben/KV6022_limo_ros2/install/trajectory_referee/lib/python3.10/site-packages/trajectory_referee\n'}
[6.411419] (trajectory_referee) StdoutLine: {'line': b'copying /home/ben/KV6022_limo_ros2/build/trajectory_referee/build/lib/trajectory_referee/trajectory_publisher.py -> /home/ben/KV6022_limo_ros2/install/trajectory_referee/lib/python3.10/site-packages/trajectory_referee\n'}
[6.411551] (trajectory_referee) StdoutLine: {'line': b'copying /home/ben/KV6022_limo_ros2/build/trajectory_referee/build/lib/trajectory_referee/print_state.py -> /home/ben/KV6022_limo_ros2/install/trajectory_referee/lib/python3.10/site-packages/trajectory_referee\n'}
[6.411676] (trajectory_referee) StdoutLine: {'line': b'copying /home/ben/KV6022_limo_ros2/build/trajectory_referee/build/lib/trajectory_referee/__init__.py -> /home/ben/KV6022_limo_ros2/install/trajectory_referee/lib/python3.10/site-packages/trajectory_referee\n'}
[6.411800] (trajectory_referee) StdoutLine: {'line': b'copying /home/ben/KV6022_limo_ros2/build/trajectory_referee/build/lib/trajectory_referee/record_pose.py -> /home/ben/KV6022_limo_ros2/install/trajectory_referee/lib/python3.10/site-packages/trajectory_referee\n'}
[6.411928] (KV6022_assessment) StdoutLine: {'line': b'copying rviz/limo_navigation.rviz -> /home/ben/KV6022_limo_ros2/install/KV6022_assessment/share/KV6022_assessment/rviz\n'}
[6.412051] (trajectory_skeleton) StdoutLine: {'line': b'running install_scripts\n'}
[6.412175] (KV6022_assessment) StdoutLine: {'line': b'copying rviz/slam_toolbox_default.rviz -> /home/ben/KV6022_limo_ros2/install/KV6022_assessment/share/KV6022_assessment/rviz\n'}
[6.412299] (trajectory_referee) StdoutLine: {'line': b'copying /home/ben/KV6022_limo_ros2/build/trajectory_referee/build/lib/trajectory_referee/print_waypoint.py -> /home/ben/KV6022_limo_ros2/install/trajectory_referee/lib/python3.10/site-packages/trajectory_referee\n'}
[6.416028] (trajectory_referee) StdoutLine: {'line': b'byte-compiling /home/ben/KV6022_limo_ros2/install/trajectory_referee/lib/python3.10/site-packages/trajectory_referee/trajectory_publisher.py to trajectory_publisher.cpython-310.pyc\n'}
[6.417520] (trajectory_referee) StdoutLine: {'line': b'byte-compiling /home/ben/KV6022_limo_ros2/install/trajectory_referee/lib/python3.10/site-packages/trajectory_referee/print_state.py to print_state.cpython-310.pyc\n'}
[6.417897] (trajectory_referee) StdoutLine: {'line': b'byte-compiling /home/ben/KV6022_limo_ros2/install/trajectory_referee/lib/python3.10/site-packages/trajectory_referee/__init__.py to __init__.cpython-310.pyc\n'}
[6.418023] (trajectory_referee) StdoutLine: {'line': b'byte-compiling /home/ben/KV6022_limo_ros2/install/trajectory_referee/lib/python3.10/site-packages/trajectory_referee/record_pose.py to record_pose.cpython-310.pyc\n'}
[6.418252] (trajectory_referee) StdoutLine: {'line': b'byte-compiling /home/ben/KV6022_limo_ros2/install/trajectory_referee/lib/python3.10/site-packages/trajectory_referee/print_waypoint.py to print_waypoint.cpython-310.pyc\n'}
[6.418388] (KV6022_assessment) StdoutLine: {'line': b'running install_egg_info\n'}
[6.418521] (KV6022_assessment) StdoutLine: {'line': b'Copying ../../build/KV6022_assessment/KV6022_assessment.egg-info to /home/ben/KV6022_limo_ros2/install/KV6022_assessment/lib/python3.10/site-packages/KV6022_assessment-0.0.0-py3.10.egg-info\n'}
[6.418644] (KV6022_assessment) StdoutLine: {'line': b'running install_scripts\n'}
[6.418874] (trajectory_referee) StdoutLine: {'line': b'running install_data\n'}
[6.419001] (trajectory_referee) StdoutLine: {'line': b'copying resource/trajectory_referee -> /home/ben/KV6022_limo_ros2/install/trajectory_referee/share/ament_index/resource_index/packages\n'}
[6.419124] (trajectory_referee) StdoutLine: {'line': b'copying package.xml -> /home/ben/KV6022_limo_ros2/install/trajectory_referee/share/trajectory_referee\n'}
[6.419262] (trajectory_referee) StdoutLine: {'line': b'copying routes/route1.pkl -> /home/ben/KV6022_limo_ros2/install/trajectory_referee/share/trajectory_referee/routes\n'}
[6.419401] (trajectory_referee) StdoutLine: {'line': b'copying routes/route2.pkl -> /home/ben/KV6022_limo_ros2/install/trajectory_referee/share/trajectory_referee/routes\n'}
[6.419526] (trajectory_referee) StdoutLine: {'line': b'copying routes/route3.pkl -> /home/ben/KV6022_limo_ros2/install/trajectory_referee/share/trajectory_referee/routes\n'}
[6.419650] (trajectory_referee) StdoutLine: {'line': b'running install_egg_info\n'}
[6.419773] (trajectory_referee) StdoutLine: {'line': b'Copying ../../build/trajectory_referee/trajectory_referee.egg-info to /home/ben/KV6022_limo_ros2/install/trajectory_referee/lib/python3.10/site-packages/trajectory_referee-0.0.0-py3.10.egg-info\n'}
[6.421384] (trajectory_referee) StdoutLine: {'line': b'running install_scripts\n'}
[6.426255] (example_codes) StdoutLine: {'line': b'running egg_info\n'}
[6.427414] (example_codes) StdoutLine: {'line': b'writing ../../build/example_codes/example_codes.egg-info/PKG-INFO\n'}
[6.428365] (example_codes) StdoutLine: {'line': b'writing dependency_links to ../../build/example_codes/example_codes.egg-info/dependency_links.txt\n'}
[6.428504] (example_codes) StdoutLine: {'line': b'writing entry points to ../../build/example_codes/example_codes.egg-info/entry_points.txt\n'}
[6.428804] (example_codes) StdoutLine: {'line': b'writing requirements to ../../build/example_codes/example_codes.egg-info/requires.txt\n'}
[6.428944] (example_codes) StdoutLine: {'line': b'writing top-level names to ../../build/example_codes/example_codes.egg-info/top_level.txt\n'}
[6.435393] (limo_msgs) JobEnded: {'identifier': 'limo_msgs', 'rc': 0}
[6.440636] (limo_gazebosim) JobStarted: {'identifier': 'limo_gazebosim'}
[6.443140] (trajectory_skeleton) StdoutLine: {'line': b'Installing trajectory_tracking_controller script to /home/ben/KV6022_limo_ros2/install/trajectory_skeleton/lib/trajectory_skeleton\n'}
[6.443330] (trajectory_skeleton) StdoutLine: {'line': b"writing list of installed files to '/home/ben/KV6022_limo_ros2/build/trajectory_skeleton/install.log'\n"}
[6.443463] (example_codes) StdoutLine: {'line': b"reading manifest file '../../build/example_codes/example_codes.egg-info/SOURCES.txt'\n"}
[6.443603] (example_codes) StdoutLine: {'line': b"writing manifest file '../../build/example_codes/example_codes.egg-info/SOURCES.txt'\n"}
[6.443730] (example_codes) StdoutLine: {'line': b'running build\n'}
[6.443855] (example_codes) StdoutLine: {'line': b'running build_py\n'}
[6.443996] (KV6022_assessment) StdoutLine: {'line': b'Installing example_nav_through_poses script to /home/ben/KV6022_limo_ros2/install/KV6022_assessment/lib/KV6022_assessment\n'}
[6.444142] (KV6022_assessment) StdoutLine: {'line': b'Installing example_nav_to_pose script to /home/ben/KV6022_limo_ros2/install/KV6022_assessment/lib/KV6022_assessment\n'}
[6.444541] (example_codes) StdoutLine: {'line': b'creating /home/ben/KV6022_limo_ros2/build/example_codes/build\n'}
[6.444754] (KV6022_assessment) StdoutLine: {'line': b'Installing example_opencv_detector script to /home/ben/KV6022_limo_ros2/install/KV6022_assessment/lib/KV6022_assessment\n'}
[6.444920] (KV6022_assessment) StdoutLine: {'line': b'Installing example_waypoint_follower script to /home/ben/KV6022_limo_ros2/install/KV6022_assessment/lib/KV6022_assessment\n'}
[6.445080] (KV6022_assessment) StdoutLine: {'line': b"writing list of installed files to '/home/ben/KV6022_limo_ros2/build/KV6022_assessment/install.log'\n"}
[6.446712] (example_codes) StdoutLine: {'line': b'creating /home/ben/KV6022_limo_ros2/build/example_codes/build/lib\n'}
[6.449557] (example_codes) StdoutLine: {'line': b'creating /home/ben/KV6022_limo_ros2/build/example_codes/build/lib/example_codes\n'}
[6.449699] (example_codes) StdoutLine: {'line': b'copying example_codes/go_forward_5m.py -> /home/ben/KV6022_limo_ros2/build/example_codes/build/lib/example_codes\n'}
[6.449933] (example_codes) StdoutLine: {'line': b'copying example_codes/tf_listener.py -> /home/ben/KV6022_limo_ros2/build/example_codes/build/lib/example_codes\n'}
[6.450084] (example_codes) StdoutLine: {'line': b'copying example_codes/detector_basic.py -> /home/ben/KV6022_limo_ros2/build/example_codes/build/lib/example_codes\n'}
[6.450210] (example_codes) StdoutLine: {'line': b'copying example_codes/closest_lidar_point_answer.py -> /home/ben/KV6022_limo_ros2/build/example_codes/build/lib/example_codes\n'}
[6.450334] (example_codes) StdoutLine: {'line': b'copying example_codes/trajectory_tracking_p_controller.py -> /home/ben/KV6022_limo_ros2/build/example_codes/build/lib/example_codes\n'}
[6.450459] (example_codes) StdoutLine: {'line': b'copying example_codes/object_counter.py -> /home/ben/KV6022_limo_ros2/build/example_codes/build/lib/example_codes\n'}
[6.450621] (example_codes) StdoutLine: {'line': b'copying example_codes/noisy_odometry.py -> /home/ben/KV6022_limo_ros2/build/example_codes/build/lib/example_codes\n'}
[6.452331] (example_codes) StdoutLine: {'line': b'copying example_codes/object_localisation.py -> /home/ben/KV6022_limo_ros2/build/example_codes/build/lib/example_codes\n'}
[6.454631] (example_codes) StdoutLine: {'line': b'copying example_codes/__init__.py -> /home/ben/KV6022_limo_ros2/build/example_codes/build/lib/example_codes\n'}
[6.454910] (example_codes) StdoutLine: {'line': b'copying example_codes/closest_lidar_point.py -> /home/ben/KV6022_limo_ros2/build/example_codes/build/lib/example_codes\n'}
[6.455467] (example_codes) StdoutLine: {'line': b'copying example_codes/opencv_intro.py -> /home/ben/KV6022_limo_ros2/build/example_codes/build/lib/example_codes\n'}
[6.457091] (example_codes) StdoutLine: {'line': b'copying example_codes/opencv_bridge.py -> /home/ben/KV6022_limo_ros2/build/example_codes/build/lib/example_codes\n'}
[6.457769] (example_codes) StdoutLine: {'line': b'copying example_codes/trajectory_tracking_kinematic_controller.py -> /home/ben/KV6022_limo_ros2/build/example_codes/build/lib/example_codes\n'}
[6.457940] (example_codes) StdoutLine: {'line': b'copying example_codes/trajectory_tracking_controller_on_off.py -> /home/ben/KV6022_limo_ros2/build/example_codes/build/lib/example_codes\n'}
[6.460294] (example_codes) StdoutLine: {'line': b'copying example_codes/colour_contours.py -> /home/ben/KV6022_limo_ros2/build/example_codes/build/lib/example_codes\n'}
[6.462415] (example_codes) StdoutLine: {'line': b'copying example_codes/colour_contours_detector.py -> /home/ben/KV6022_limo_ros2/build/example_codes/build/lib/example_codes\n'}
[6.463337] (example_codes) StdoutLine: {'line': b'running install\n'}
[6.473641] (example_codes) StdoutLine: {'line': b'running install_lib\n'}
[6.474138] (example_codes) StdoutLine: {'line': b'creating /home/ben/KV6022_limo_ros2/install/example_codes/lib/python3.10/site-packages/example_codes\n'}
[6.474910] (example_codes) StdoutLine: {'line': b'copying /home/ben/KV6022_limo_ros2/build/example_codes/build/lib/example_codes/go_forward_5m.py -> /home/ben/KV6022_limo_ros2/install/example_codes/lib/python3.10/site-packages/example_codes\n'}
[6.475272] (example_codes) StdoutLine: {'line': b'copying /home/ben/KV6022_limo_ros2/build/example_codes/build/lib/example_codes/tf_listener.py -> /home/ben/KV6022_limo_ros2/install/example_codes/lib/python3.10/site-packages/example_codes\n'}
[6.475429] (example_codes) StdoutLine: {'line': b'copying /home/ben/KV6022_limo_ros2/build/example_codes/build/lib/example_codes/detector_basic.py -> /home/ben/KV6022_limo_ros2/install/example_codes/lib/python3.10/site-packages/example_codes\n'}
[6.475568] (example_codes) StdoutLine: {'line': b'copying /home/ben/KV6022_limo_ros2/build/example_codes/build/lib/example_codes/closest_lidar_point_answer.py -> /home/ben/KV6022_limo_ros2/install/example_codes/lib/python3.10/site-packages/example_codes\n'}
[6.475827] (example_codes) StdoutLine: {'line': b'copying /home/ben/KV6022_limo_ros2/build/example_codes/build/lib/example_codes/trajectory_tracking_p_controller.py -> /home/ben/KV6022_limo_ros2/install/example_codes/lib/python3.10/site-packages/example_codes\n'}
[6.476938] (example_codes) StdoutLine: {'line': b'copying /home/ben/KV6022_limo_ros2/build/example_codes/build/lib/example_codes/object_counter.py -> /home/ben/KV6022_limo_ros2/install/example_codes/lib/python3.10/site-packages/example_codes\n'}
[6.477115] (example_codes) StdoutLine: {'line': b'copying /home/ben/KV6022_limo_ros2/build/example_codes/build/lib/example_codes/noisy_odometry.py -> /home/ben/KV6022_limo_ros2/install/example_codes/lib/python3.10/site-packages/example_codes\n'}
[6.477245] (example_codes) StdoutLine: {'line': b'copying /home/ben/KV6022_limo_ros2/build/example_codes/build/lib/example_codes/object_localisation.py -> /home/ben/KV6022_limo_ros2/install/example_codes/lib/python3.10/site-packages/example_codes\n'}
[6.477447] (example_codes) StdoutLine: {'line': b'copying /home/ben/KV6022_limo_ros2/build/example_codes/build/lib/example_codes/__init__.py -> /home/ben/KV6022_limo_ros2/install/example_codes/lib/python3.10/site-packages/example_codes\n'}
[6.477575] (example_codes) StdoutLine: {'line': b'copying /home/ben/KV6022_limo_ros2/build/example_codes/build/lib/example_codes/closest_lidar_point.py -> /home/ben/KV6022_limo_ros2/install/example_codes/lib/python3.10/site-packages/example_codes\n'}
[6.478380] (example_codes) StdoutLine: {'line': b'copying /home/ben/KV6022_limo_ros2/build/example_codes/build/lib/example_codes/opencv_intro.py -> /home/ben/KV6022_limo_ros2/install/example_codes/lib/python3.10/site-packages/example_codes\n'}
[6.479734] (example_codes) StdoutLine: {'line': b'copying /home/ben/KV6022_limo_ros2/build/example_codes/build/lib/example_codes/opencv_bridge.py -> /home/ben/KV6022_limo_ros2/install/example_codes/lib/python3.10/site-packages/example_codes\n'}
[6.483968] (example_codes) StdoutLine: {'line': b'copying /home/ben/KV6022_limo_ros2/build/example_codes/build/lib/example_codes/trajectory_tracking_kinematic_controller.py -> /home/ben/KV6022_limo_ros2/install/example_codes/lib/python3.10/site-packages/example_codes\n'}
[6.494775] (example_codes) StdoutLine: {'line': b'copying /home/ben/KV6022_limo_ros2/build/example_codes/build/lib/example_codes/trajectory_tracking_controller_on_off.py -> /home/ben/KV6022_limo_ros2/install/example_codes/lib/python3.10/site-packages/example_codes\n'}
[6.494943] (example_codes) StdoutLine: {'line': b'copying /home/ben/KV6022_limo_ros2/build/example_codes/build/lib/example_codes/colour_contours.py -> /home/ben/KV6022_limo_ros2/install/example_codes/lib/python3.10/site-packages/example_codes\n'}
[6.495082] (trajectory_referee) StdoutLine: {'line': b'Installing trajectory_publisher script to /home/ben/KV6022_limo_ros2/install/trajectory_referee/lib/trajectory_referee\n'}
[6.497272] (trajectory_referee) StdoutLine: {'line': b"writing list of installed files to '/home/ben/KV6022_limo_ros2/build/trajectory_referee/install.log'\n"}
[6.497416] (example_codes) StdoutLine: {'line': b'copying /home/ben/KV6022_limo_ros2/build/example_codes/build/lib/example_codes/colour_contours_detector.py -> /home/ben/KV6022_limo_ros2/install/example_codes/lib/python3.10/site-packages/example_codes\n'}
[6.497571] (example_codes) StdoutLine: {'line': b'byte-compiling /home/ben/KV6022_limo_ros2/install/example_codes/lib/python3.10/site-packages/example_codes/go_forward_5m.py to go_forward_5m.cpython-310.pyc\n'}
[6.497712] (example_codes) StdoutLine: {'line': b'byte-compiling /home/ben/KV6022_limo_ros2/install/example_codes/lib/python3.10/site-packages/example_codes/tf_listener.py to tf_listener.cpython-310.pyc\n'}
[6.497849] (example_codes) StdoutLine: {'line': b'byte-compiling /home/ben/KV6022_limo_ros2/install/example_codes/lib/python3.10/site-packages/example_codes/detector_basic.py to detector_basic.cpython-310.pyc\n'}
[6.497997] (example_codes) StdoutLine: {'line': b'byte-compiling /home/ben/KV6022_limo_ros2/install/example_codes/lib/python3.10/site-packages/example_codes/closest_lidar_point_answer.py to closest_lidar_point_answer.cpython-310.pyc\n'}
[6.498254] (example_codes) StdoutLine: {'line': b'byte-compiling /home/ben/KV6022_limo_ros2/install/example_codes/lib/python3.10/site-packages/example_codes/trajectory_tracking_p_controller.py to trajectory_tracking_p_controller.cpython-310.pyc\n'}
[6.498384] (example_codes) StdoutLine: {'line': b'byte-compiling /home/ben/KV6022_limo_ros2/install/example_codes/lib/python3.10/site-packages/example_codes/object_counter.py to object_counter.cpython-310.pyc\n'}
[6.498510] (example_codes) StdoutLine: {'line': b'byte-compiling /home/ben/KV6022_limo_ros2/install/example_codes/lib/python3.10/site-packages/example_codes/noisy_odometry.py to noisy_odometry.cpython-310.pyc\n'}
[6.498647] (example_codes) StdoutLine: {'line': b'byte-compiling /home/ben/KV6022_limo_ros2/install/example_codes/lib/python3.10/site-packages/example_codes/object_localisation.py to object_localisation.cpython-310.pyc\n'}
[6.498812] (example_codes) StdoutLine: {'line': b'byte-compiling /home/ben/KV6022_limo_ros2/install/example_codes/lib/python3.10/site-packages/example_codes/__init__.py to __init__.cpython-310.pyc\n'}
[6.499081] (example_codes) StdoutLine: {'line': b'byte-compiling /home/ben/KV6022_limo_ros2/install/example_codes/lib/python3.10/site-packages/example_codes/closest_lidar_point.py to closest_lidar_point.cpython-310.pyc\n'}
[6.499250] (example_codes) StdoutLine: {'line': b'byte-compiling /home/ben/KV6022_limo_ros2/install/example_codes/lib/python3.10/site-packages/example_codes/opencv_intro.py to opencv_intro.cpython-310.pyc\n'}
[6.499383] (example_codes) StdoutLine: {'line': b'byte-compiling /home/ben/KV6022_limo_ros2/install/example_codes/lib/python3.10/site-packages/example_codes/opencv_bridge.py to opencv_bridge.cpython-310.pyc\n'}
[6.501566] (-) TimerEvent: {}
[6.502182] (example_codes) StdoutLine: {'line': b'byte-compiling /home/ben/KV6022_limo_ros2/install/example_codes/lib/python3.10/site-packages/example_codes/trajectory_tracking_kinematic_controller.py to trajectory_tracking_kinematic_controller.cpython-310.pyc\n'}
[6.503438] (example_codes) StdoutLine: {'line': b'byte-compiling /home/ben/KV6022_limo_ros2/install/example_codes/lib/python3.10/site-packages/example_codes/trajectory_tracking_controller_on_off.py to trajectory_tracking_controller_on_off.cpython-310.pyc\n'}
[6.504615] (example_codes) StdoutLine: {'line': b'byte-compiling /home/ben/KV6022_limo_ros2/install/example_codes/lib/python3.10/site-packages/example_codes/colour_contours.py to colour_contours.cpython-310.pyc\n'}
[6.504788] (example_codes) StdoutLine: {'line': b'byte-compiling /home/ben/KV6022_limo_ros2/install/example_codes/lib/python3.10/site-packages/example_codes/colour_contours_detector.py to colour_contours_detector.cpython-310.pyc\n'}
[6.505165] (example_codes) StdoutLine: {'line': b'running install_data\n'}
[6.505475] (example_codes) StdoutLine: {'line': b'copying resource/example_codes -> /home/ben/KV6022_limo_ros2/install/example_codes/share/ament_index/resource_index/packages\n'}
[6.506032] (example_codes) StdoutLine: {'line': b'copying package.xml -> /home/ben/KV6022_limo_ros2/install/example_codes/share/example_codes\n'}
[6.506209] (example_codes) StdoutLine: {'line': b'running install_egg_info\n'}
[6.506654] (KV6022_assessment) CommandEnded: {'returncode': 0}
[6.507254] (example_codes) StdoutLine: {'line': b'Copying ../../build/example_codes/example_codes.egg-info to /home/ben/KV6022_limo_ros2/install/example_codes/lib/python3.10/site-packages/example_codes-0.0.0-py3.10.egg-info\n'}
[6.507469] (example_codes) StdoutLine: {'line': b'running install_scripts\n'}
[6.520811] (KV6022_assessment) JobEnded: {'identifier': 'KV6022_assessment', 'rc': 0}
[6.521438] (trajectory_skeleton) CommandEnded: {'returncode': 0}
[6.533445] (example_codes) StdoutLine: {'line': b"writing list of installed files to '/home/ben/KV6022_limo_ros2/build/example_codes/install.log'\n"}
[6.537806] (trajectory_skeleton) JobEnded: {'identifier': 'trajectory_skeleton', 'rc': 0}
[6.542632] (limo_gazebosim) JobProgress: {'identifier': 'limo_gazebosim', 'progress': 'cmake'}
[6.551892] (limo_gazebosim) Command: {'cmd': ['/usr/bin/cmake', '/home/ben/KV6022_limo_ros2/src/limo_gazebosim', '-DCMAKE_INSTALL_PREFIX=/home/ben/KV6022_limo_ros2/install/limo_gazebosim'], 'cwd': '/home/ben/KV6022_limo_ros2/build/limo_gazebosim', 'env': OrderedDict([('GJS_DEBUG_TOPICS', 'JS ERROR;JS LOG'), ('LESSOPEN', '| /usr/bin/lesspipe %s'), ('CONDA_PROMPT_MODIFIER', '(ros2)'), ('LANGUAGE', 'en_GB:en'), ('USER', 'ben'), ('XDG_SESSION_TYPE', 'wayland'), ('SHLVL', '1'), ('LD_LIBRARY_PATH', '/home/ben/KV6022_limo_ros2/install/limo_msgs/lib:/usr/lib/x86_64-linux-gnu/gazebo-11/plugins:/opt/ros/humble/opt/rviz_ogre_vendor/lib:/opt/ros/humble/lib/x86_64-linux-gnu:/opt/ros/humble/lib'), ('HOME', '/home/ben'), ('CONDA_SHLVL', '2'), ('OLDPWD', '/home/ben/KV6022_limo_ros2/src'), ('DESKTOP_SESSION', 'ubuntu'), ('GIO_LAUNCHED_DESKTOP_FILE', '/usr/share/applications/terminator.desktop'), ('ROS_PYTHON_VERSION', '3'), ('GNOME_SHELL_SESSION_MODE', 'ubuntu'), ('GTK_MODULES', 'gail:atk-bridge'), ('MANAGERPID', '1179'), ('SYSTEMD_EXEC_PID', '1395'), ('DBUS_SESSION_BUS_ADDRESS', 'unix:path=/run/user/1000/bus'), ('COLORTERM', 'truecolor'), ('_CE_M', ''), ('TERMINATOR_DBUS_NAME', 'net.tenshu.Terminator25ef4b219e3b005583550f2b0f9f990c3'), ('_CONDA_ROOT', '/home/ben/miniconda3'), ('GIO_LAUNCHED_DESKTOP_FILE_PID', '9401'), ('IM_CONFIG_PHASE', '1'), ('WAYLAND_DISPLAY', 'wayland-0'), ('ROS_DISTRO', 'humble'), ('LOGNAME', 'ben'), ('JOURNAL_STREAM', '8:24018'), ('_', '/usr/bin/colcon'), ('ROS_VERSION', '2'), ('XDG_SESSION_CLASS', 'user'), ('USERNAME', 'ben'), ('TERM', 'xterm-256color'), ('GNOME_DESKTOP_SESSION_ID', 'this-is-deprecated'), ('_CE_CONDA', ''), ('ROS_LOCALHOST_ONLY', '1'), ('PATH', '/home/ben/miniconda3/envs/ros2/bin:/home/ben/miniconda3/condabin:/opt/ros/humble/bin:/usr/local/sbin:/usr/local/bin:/usr/sbin:/usr/bin:/sbin:/bin:/usr/games:/usr/local/games:/snap/bin:/snap/bin'), ('SESSION_MANAGER', 'local/ben-Virtual-Machine:@/tmp/.ICE-unix/1333,unix/ben-Virtual-Machine:/tmp/.ICE-unix/1333'), ('INVOCATION_ID', '3fc2b0fa5bc04b889e378fc3b6ddc66d'), ('XDG_MENU_PREFIX', 'gnome-'), ('GNOME_SETUP_DISPLAY', ':1'), ('XDG_RUNTIME_DIR', '/run/user/1000'), ('DISPLAY', ':0'), ('TERMINATOR_DBUS_PATH', '/net/tenshu/Terminator2'), ('LANG', 'en_US.UTF-8'), ('XDG_CURRENT_DESKTOP', 'ubuntu:GNOME'), ('IBUS_DISABLE_SNOOPER', '1'), ('CONDA_PREFIX_1', '/home/ben/miniconda3'), ('XMODIFIERS', '@im=ibus'), ('XDG_SESSION_DESKTOP', 'ubuntu'), ('XAUTHORITY', '/run/user/1000/.mutter-Xwaylandauth.O92UV3'), ('LS_COLORS', 'rs=0:di=01;34:ln=01;36:mh=00:pi=40;33:so=01;35:do=01;35:bd=40;33;01:cd=40;33;01:or=40;31;01:mi=00:su=37;41:sg=30;43:ca=30;41:tw=30;42:ow=34;42:st=37;44:ex=01;32:*.tar=01;31:*.tgz=01;31:*.arc=01;31:*.arj=01;31:*.taz=01;31:*.lha=01;31:*.lz4=01;31:*.lzh=01;31:*.lzma=01;31:*.tlz=01;31:*.txz=01;31:*.tzo=01;31:*.t7z=01;31:*.zip=01;31:*.z=01;31:*.dz=01;31:*.gz=01;31:*.lrz=01;31:*.lz=01;31:*.lzo=01;31:*.xz=01;31:*.zst=01;31:*.tzst=01;31:*.bz2=01;31:*.bz=01;31:*.tbz=01;31:*.tbz2=01;31:*.tz=01;31:*.deb=01;31:*.rpm=01;31:*.jar=01;31:*.war=01;31:*.ear=01;31:*.sar=01;31:*.rar=01;31:*.alz=01;31:*.ace=01;31:*.zoo=01;31:*.cpio=01;31:*.7z=01;31:*.rz=01;31:*.cab=01;31:*.wim=01;31:*.swm=01;31:*.dwm=01;31:*.esd=01;31:*.jpg=01;35:*.jpeg=01;35:*.mjpg=01;35:*.mjpeg=01;35:*.gif=01;35:*.bmp=01;35:*.pbm=01;35:*.pgm=01;35:*.ppm=01;35:*.tga=01;35:*.xbm=01;35:*.xpm=01;35:*.tif=01;35:*.tiff=01;35:*.png=01;35:*.svg=01;35:*.svgz=01;35:*.mng=01;35:*.pcx=01;35:*.mov=01;35:*.mpg=01;35:*.mpeg=01;35:*.m2v=01;35:*.mkv=01;35:*.webm=01;35:*.webp=01;35:*.ogm=01;35:*.mp4=01;35:*.m4v=01;35:*.mp4v=01;35:*.vob=01;35:*.qt=01;35:*.nuv=01;35:*.wmv=01;35:*.asf=01;35:*.rm=01;35:*.rmvb=01;35:*.flc=01;35:*.avi=01;35:*.fli=01;35:*.flv=01;35:*.gl=01;35:*.dl=01;35:*.xcf=01;35:*.xwd=01;35:*.yuv=01;35:*.cgm=01;35:*.emf=01;35:*.ogv=01;35:*.ogx=01;35:*.aac=00;36:*.au=00;36:*.flac=00;36:*.m4a=00;36:*.mid=00;36:*.midi=00;36:*.mka=00;36:*.mp3=00;36:*.mpc=00;36:*.ogg=00;36:*.ra=00;36:*.wav=00;36:*.oga=00;36:*.opus=00;36:*.spx=00;36:*.xspf=00;36:'), ('SSH_AGENT_LAUNCHER', 'gnome-keyring'), ('SSH_AUTH_SOCK', '/run/user/1000/keyring/ssh'), ('AMENT_PREFIX_PATH', '/home/ben/KV6022_limo_ros2/install/limo_msgs:/home/ben/KV6022_limo_ros2/install/limo_description:/opt/ros/humble'), ('CONDA_PYTHON_EXE', '/home/ben/miniconda3/bin/python'), ('SHELL', '/bin/bash'), ('TERMINATOR_UUID', 'urn:uuid:fcb5a808-5e38-4c8b-85ce-ffeb87c50d1d'), ('QT_ACCESSIBILITY', '1'), ('GDMSESSION', 'ubuntu'), ('LESSCLOSE', '/usr/bin/lesspipe %s %s'), ('CONDA_DEFAULT_ENV', 'ros2'), ('GJS_DEBUG_OUTPUT', 'stderr'), ('_CONDA_EXE', '/home/ben/miniconda3/bin/conda'), ('QT_IM_MODULE', 'ibus'), ('PWD', '/home/ben/KV6022_limo_ros2/build/limo_gazebosim'), ('LC_ALL', 'en_US.UTF-8'), ('XDG_CONFIG_DIRS', '/etc/xdg/xdg-ubuntu:/etc/xdg'), ('CONDA_EXE', '/home/ben/miniconda3/bin/conda'), ('XDG_DATA_DIRS', '/usr/share/ubuntu:/usr/local/share/:/usr/share/:/var/lib/snapd/desktop'), ('PYTHONPATH', '/home/ben/KV6022_limo_ros2/install/limo_msgs/lib/python3.10/site-packages:/opt/ros/humble/lib/python3.10/site-packages:/opt/ros/humble/local/lib/python3.10/dist-packages'), ('CONDA_PREFIX', '/home/ben/miniconda3/envs/ros2'), ('COLCON', '1'), ('VTE_VERSION', '6800'), ('CMAKE_PREFIX_PATH', '/home/ben/KV6022_limo_ros2/install/limo_msgs:/home/ben/KV6022_limo_ros2/install/limo_description:/opt/ros/humble')]), 'shell': False}
[6.555248] (trajectory_referee) CommandEnded: {'returncode': 0}
[6.569115] (trajectory_referee) JobEnded: {'identifier': 'trajectory_referee', 'rc': 0}
[6.573591] (example_codes) CommandEnded: {'returncode': 0}
[6.586135] (example_codes) JobEnded: {'identifier': 'example_codes', 'rc': 0}
[6.593829] (limo_gazebosim) StdoutLine: {'line': b'-- Found ament_cmake: 1.3.14 (/opt/ros/humble/share/ament_cmake/cmake)\n'}
[6.602381] (-) TimerEvent: {}
[6.703304] (-) TimerEvent: {}
[6.804032] (-) TimerEvent: {}
[6.816477] (limo_gazebosim) StdoutLine: {'line': b'-- Override CMake install command with custom implementation using symlinks instead of copying resources\n'}
[6.844703] (limo_gazebosim) StdoutLine: {'line': b'-- Found rclcpp: 16.0.21 (/opt/ros/humble/share/rclcpp/cmake)\n'}
[6.904523] (-) TimerEvent: {}
[6.916590] (limo_gazebosim) StdoutLine: {'line': b'-- Found rosidl_generator_c: 3.1.9 (/opt/ros/humble/share/rosidl_generator_c/cmake)\n'}
[6.923343] (limo_gazebosim) StdoutLine: {'line': b'-- Found rosidl_adapter: 3.1.9 (/opt/ros/humble/share/rosidl_adapter/cmake)\n'}
[6.937330] (limo_gazebosim) StdoutLine: {'line': b'-- Found rosidl_generator_cpp: 3.1.9 (/opt/ros/humble/share/rosidl_generator_cpp/cmake)\n'}
[6.958226] (limo_gazebosim) StdoutLine: {'line': b'-- Using all available rosidl_typesupport_c: rosidl_typesupport_fastrtps_c;rosidl_typesupport_introspection_c\n'}
[6.983531] (limo_gazebosim) StdoutLine: {'line': b'-- Using all available rosidl_typesupport_cpp: rosidl_typesupport_fastrtps_cpp;rosidl_typesupport_introspection_cpp\n'}
[7.005350] (-) TimerEvent: {}
[7.093798] (limo_gazebosim) StdoutLine: {'line': b'-- Found rmw_implementation_cmake: 6.1.4 (/opt/ros/humble/share/rmw_implementation_cmake/cmake)\n'}
[7.102463] (limo_gazebosim) StdoutLine: {'line': b'-- Found rmw_fastrtps_cpp: 6.2.10 (/opt/ros/humble/share/rmw_fastrtps_cpp/cmake)\n'}
[7.106278] (-) TimerEvent: {}
[7.206869] (-) TimerEvent: {}
[7.307654] (-) TimerEvent: {}
[7.376361] (limo_gazebosim) StdoutLine: {'line': b"-- Using RMW implementation 'rmw_fastrtps_cpp' as default\n"}
[7.407983] (-) TimerEvent: {}
[7.505272] (limo_gazebosim) StdoutLine: {'line': b'-- Found rclpy: 3.3.22 (/opt/ros/humble/share/rclpy/cmake)\n'}
[7.507104] (limo_gazebosim) StdoutLine: {'line': b'-- Found ament_lint_auto: 0.12.15 (/opt/ros/humble/share/ament_lint_auto/cmake)\n'}
[7.508382] (-) TimerEvent: {}
[7.609219] (-) TimerEvent: {}
[7.709906] (-) TimerEvent: {}
[7.741531] (limo_gazebosim) StdoutLine: {'line': b"-- Added test 'flake8' to check Python code syntax and style conventions\n"}
[7.752943] (limo_gazebosim) StdoutLine: {'line': b"-- Added test 'lint_cmake' to check CMake code style\n"}
[7.758907] (limo_gazebosim) StdoutLine: {'line': b"-- Added test 'pep257' to check Python code against some of the docstring style conventions in PEP 257\n"}
[7.808322] (limo_gazebosim) StdoutLine: {'line': b"-- Added test 'xmllint' to check XML markup files\n"}
[7.810415] (-) TimerEvent: {}
[7.813152] (limo_gazebosim) StdoutLine: {'line': b'-- Configuring done\n'}
[7.849450] (limo_gazebosim) StdoutLine: {'line': b'-- Generating done\n'}
[7.856799] (limo_gazebosim) StdoutLine: {'line': b'-- Build files have been written to: /home/ben/KV6022_limo_ros2/build/limo_gazebosim\n'}
[7.879566] (limo_gazebosim) CommandEnded: {'returncode': 0}
[7.883717] (limo_gazebosim) JobProgress: {'identifier': 'limo_gazebosim', 'progress': 'build'}
[7.883793] (limo_gazebosim) Command: {'cmd': ['/usr/bin/cmake', '--build', '/home/ben/KV6022_limo_ros2/build/limo_gazebosim', '--', '-j8', '-l8'], 'cwd': '/home/ben/KV6022_limo_ros2/build/limo_gazebosim', 'env': OrderedDict([('GJS_DEBUG_TOPICS', 'JS ERROR;JS LOG'), ('LESSOPEN', '| /usr/bin/lesspipe %s'), ('CONDA_PROMPT_MODIFIER', '(ros2)'), ('LANGUAGE', 'en_GB:en'), ('USER', 'ben'), ('XDG_SESSION_TYPE', 'wayland'), ('SHLVL', '1'), ('LD_LIBRARY_PATH', '/home/ben/KV6022_limo_ros2/install/limo_msgs/lib:/usr/lib/x86_64-linux-gnu/gazebo-11/plugins:/opt/ros/humble/opt/rviz_ogre_vendor/lib:/opt/ros/humble/lib/x86_64-linux-gnu:/opt/ros/humble/lib'), ('HOME', '/home/ben'), ('CONDA_SHLVL', '2'), ('OLDPWD', '/home/ben/KV6022_limo_ros2/src'), ('DESKTOP_SESSION', 'ubuntu'), ('GIO_LAUNCHED_DESKTOP_FILE', '/usr/share/applications/terminator.desktop'), ('ROS_PYTHON_VERSION', '3'), ('GNOME_SHELL_SESSION_MODE', 'ubuntu'), ('GTK_MODULES', 'gail:atk-bridge'), ('MANAGERPID', '1179'), ('SYSTEMD_EXEC_PID', '1395'), ('DBUS_SESSION_BUS_ADDRESS', 'unix:path=/run/user/1000/bus'), ('COLORTERM', 'truecolor'), ('_CE_M', ''), ('TERMINATOR_DBUS_NAME', 'net.tenshu.Terminator25ef4b219e3b005583550f2b0f9f990c3'), ('_CONDA_ROOT', '/home/ben/miniconda3'), ('GIO_LAUNCHED_DESKTOP_FILE_PID', '9401'), ('IM_CONFIG_PHASE', '1'), ('WAYLAND_DISPLAY', 'wayland-0'), ('ROS_DISTRO', 'humble'), ('LOGNAME', 'ben'), ('JOURNAL_STREAM', '8:24018'), ('_', '/usr/bin/colcon'), ('ROS_VERSION', '2'), ('XDG_SESSION_CLASS', 'user'), ('USERNAME', 'ben'), ('TERM', 'xterm-256color'), ('GNOME_DESKTOP_SESSION_ID', 'this-is-deprecated'), ('_CE_CONDA', ''), ('ROS_LOCALHOST_ONLY', '1'), ('PATH', '/home/ben/miniconda3/envs/ros2/bin:/home/ben/miniconda3/condabin:/opt/ros/humble/bin:/usr/local/sbin:/usr/local/bin:/usr/sbin:/usr/bin:/sbin:/bin:/usr/games:/usr/local/games:/snap/bin:/snap/bin'), ('SESSION_MANAGER', 'local/ben-Virtual-Machine:@/tmp/.ICE-unix/1333,unix/ben-Virtual-Machine:/tmp/.ICE-unix/1333'), ('INVOCATION_ID', '3fc2b0fa5bc04b889e378fc3b6ddc66d'), ('XDG_MENU_PREFIX', 'gnome-'), ('GNOME_SETUP_DISPLAY', ':1'), ('XDG_RUNTIME_DIR', '/run/user/1000'), ('DISPLAY', ':0'), ('TERMINATOR_DBUS_PATH', '/net/tenshu/Terminator2'), ('LANG', 'en_US.UTF-8'), ('XDG_CURRENT_DESKTOP', 'ubuntu:GNOME'), ('IBUS_DISABLE_SNOOPER', '1'), ('CONDA_PREFIX_1', '/home/ben/miniconda3'), ('XMODIFIERS', '@im=ibus'), ('XDG_SESSION_DESKTOP', 'ubuntu'), ('XAUTHORITY', '/run/user/1000/.mutter-Xwaylandauth.O92UV3'), ('LS_COLORS', 'rs=0:di=01;34:ln=01;36:mh=00:pi=40;33:so=01;35:do=01;35:bd=40;33;01:cd=40;33;01:or=40;31;01:mi=00:su=37;41:sg=30;43:ca=30;41:tw=30;42:ow=34;42:st=37;44:ex=01;32:*.tar=01;31:*.tgz=01;31:*.arc=01;31:*.arj=01;31:*.taz=01;31:*.lha=01;31:*.lz4=01;31:*.lzh=01;31:*.lzma=01;31:*.tlz=01;31:*.txz=01;31:*.tzo=01;31:*.t7z=01;31:*.zip=01;31:*.z=01;31:*.dz=01;31:*.gz=01;31:*.lrz=01;31:*.lz=01;31:*.lzo=01;31:*.xz=01;31:*.zst=01;31:*.tzst=01;31:*.bz2=01;31:*.bz=01;31:*.tbz=01;31:*.tbz2=01;31:*.tz=01;31:*.deb=01;31:*.rpm=01;31:*.jar=01;31:*.war=01;31:*.ear=01;31:*.sar=01;31:*.rar=01;31:*.alz=01;31:*.ace=01;31:*.zoo=01;31:*.cpio=01;31:*.7z=01;31:*.rz=01;31:*.cab=01;31:*.wim=01;31:*.swm=01;31:*.dwm=01;31:*.esd=01;31:*.jpg=01;35:*.jpeg=01;35:*.mjpg=01;35:*.mjpeg=01;35:*.gif=01;35:*.bmp=01;35:*.pbm=01;35:*.pgm=01;35:*.ppm=01;35:*.tga=01;35:*.xbm=01;35:*.xpm=01;35:*.tif=01;35:*.tiff=01;35:*.png=01;35:*.svg=01;35:*.svgz=01;35:*.mng=01;35:*.pcx=01;35:*.mov=01;35:*.mpg=01;35:*.mpeg=01;35:*.m2v=01;35:*.mkv=01;35:*.webm=01;35:*.webp=01;35:*.ogm=01;35:*.mp4=01;35:*.m4v=01;35:*.mp4v=01;35:*.vob=01;35:*.qt=01;35:*.nuv=01;35:*.wmv=01;35:*.asf=01;35:*.rm=01;35:*.rmvb=01;35:*.flc=01;35:*.avi=01;35:*.fli=01;35:*.flv=01;35:*.gl=01;35:*.dl=01;35:*.xcf=01;35:*.xwd=01;35:*.yuv=01;35:*.cgm=01;35:*.emf=01;35:*.ogv=01;35:*.ogx=01;35:*.aac=00;36:*.au=00;36:*.flac=00;36:*.m4a=00;36:*.mid=00;36:*.midi=00;36:*.mka=00;36:*.mp3=00;36:*.mpc=00;36:*.ogg=00;36:*.ra=00;36:*.wav=00;36:*.oga=00;36:*.opus=00;36:*.spx=00;36:*.xspf=00;36:'), ('SSH_AGENT_LAUNCHER', 'gnome-keyring'), ('SSH_AUTH_SOCK', '/run/user/1000/keyring/ssh'), ('AMENT_PREFIX_PATH', '/home/ben/KV6022_limo_ros2/install/limo_msgs:/home/ben/KV6022_limo_ros2/install/limo_description:/opt/ros/humble'), ('CONDA_PYTHON_EXE', '/home/ben/miniconda3/bin/python'), ('SHELL', '/bin/bash'), ('TERMINATOR_UUID', 'urn:uuid:fcb5a808-5e38-4c8b-85ce-ffeb87c50d1d'), ('QT_ACCESSIBILITY', '1'), ('GDMSESSION', 'ubuntu'), ('LESSCLOSE', '/usr/bin/lesspipe %s %s'), ('CONDA_DEFAULT_ENV', 'ros2'), ('GJS_DEBUG_OUTPUT', 'stderr'), ('_CONDA_EXE', '/home/ben/miniconda3/bin/conda'), ('QT_IM_MODULE', 'ibus'), ('PWD', '/home/ben/KV6022_limo_ros2/build/limo_gazebosim'), ('LC_ALL', 'en_US.UTF-8'), ('XDG_CONFIG_DIRS', '/etc/xdg/xdg-ubuntu:/etc/xdg'), ('CONDA_EXE', '/home/ben/miniconda3/bin/conda'), ('XDG_DATA_DIRS', '/usr/share/ubuntu:/usr/local/share/:/usr/share/:/var/lib/snapd/desktop'), ('PYTHONPATH', '/home/ben/KV6022_limo_ros2/install/limo_msgs/lib/python3.10/site-packages:/opt/ros/humble/lib/python3.10/site-packages:/opt/ros/humble/local/lib/python3.10/dist-packages'), ('CONDA_PREFIX', '/home/ben/miniconda3/envs/ros2'), ('COLCON', '1'), ('VTE_VERSION', '6800'), ('CMAKE_PREFIX_PATH', '/home/ben/KV6022_limo_ros2/install/limo_msgs:/home/ben/KV6022_limo_ros2/install/limo_description:/opt/ros/humble')]), 'shell': False}
[7.911279] (-) TimerEvent: {}
[8.012975] (-) TimerEvent: {}
[8.114573] (limo_gazebosim) StdoutLine: {'line': b'Built target ament_cmake_python_symlink_limo_gazebosim\n'}
[8.114800] (-) TimerEvent: {}
[8.215726] (-) TimerEvent: {}
[8.317046] (-) TimerEvent: {}
[8.417853] (-) TimerEvent: {}
[8.477448] (limo_gazebosim) StdoutLine: {'line': b'running egg_info\n'}
[8.500606] (limo_gazebosim) StdoutLine: {'line': b'writing limo_gazebosim.egg-info/PKG-INFO\n'}
[8.501708] (limo_gazebosim) StdoutLine: {'line': b'writing dependency_links to limo_gazebosim.egg-info/dependency_links.txt\n'}
[8.501857] (limo_gazebosim) StdoutLine: {'line': b'writing top-level names to limo_gazebosim.egg-info/top_level.txt\n'}
[8.518232] (-) TimerEvent: {}
[8.568373] (limo_gazebosim) StdoutLine: {'line': b"reading manifest file 'limo_gazebosim.egg-info/SOURCES.txt'\n"}
[8.569695] (limo_gazebosim) StdoutLine: {'line': b"writing manifest file 'limo_gazebosim.egg-info/SOURCES.txt'\n"}
[8.618781] (-) TimerEvent: {}
[8.624374] (limo_gazebosim) StdoutLine: {'line': b'Built target ament_cmake_python_build_limo_gazebosim_egg\n'}
[8.661746] (limo_gazebosim) CommandEnded: {'returncode': 0}
[8.664296] (limo_gazebosim) JobProgress: {'identifier': 'limo_gazebosim', 'progress': 'install'}
[8.666955] (limo_gazebosim) Command: {'cmd': ['/usr/bin/cmake', '--install', '/home/ben/KV6022_limo_ros2/build/limo_gazebosim'], 'cwd': '/home/ben/KV6022_limo_ros2/build/limo_gazebosim', 'env': OrderedDict([('GJS_DEBUG_TOPICS', 'JS ERROR;JS LOG'), ('LESSOPEN', '| /usr/bin/lesspipe %s'), ('CONDA_PROMPT_MODIFIER', '(ros2)'), ('LANGUAGE', 'en_GB:en'), ('USER', 'ben'), ('XDG_SESSION_TYPE', 'wayland'), ('SHLVL', '1'), ('LD_LIBRARY_PATH', '/home/ben/KV6022_limo_ros2/install/limo_msgs/lib:/usr/lib/x86_64-linux-gnu/gazebo-11/plugins:/opt/ros/humble/opt/rviz_ogre_vendor/lib:/opt/ros/humble/lib/x86_64-linux-gnu:/opt/ros/humble/lib'), ('HOME', '/home/ben'), ('CONDA_SHLVL', '2'), ('OLDPWD', '/home/ben/KV6022_limo_ros2/src'), ('DESKTOP_SESSION', 'ubuntu'), ('GIO_LAUNCHED_DESKTOP_FILE', '/usr/share/applications/terminator.desktop'), ('ROS_PYTHON_VERSION', '3'), ('GNOME_SHELL_SESSION_MODE', 'ubuntu'), ('GTK_MODULES', 'gail:atk-bridge'), ('MANAGERPID', '1179'), ('SYSTEMD_EXEC_PID', '1395'), ('DBUS_SESSION_BUS_ADDRESS', 'unix:path=/run/user/1000/bus'), ('COLORTERM', 'truecolor'), ('_CE_M', ''), ('TERMINATOR_DBUS_NAME', 'net.tenshu.Terminator25ef4b219e3b005583550f2b0f9f990c3'), ('_CONDA_ROOT', '/home/ben/miniconda3'), ('GIO_LAUNCHED_DESKTOP_FILE_PID', '9401'), ('IM_CONFIG_PHASE', '1'), ('WAYLAND_DISPLAY', 'wayland-0'), ('ROS_DISTRO', 'humble'), ('LOGNAME', 'ben'), ('JOURNAL_STREAM', '8:24018'), ('_', '/usr/bin/colcon'), ('ROS_VERSION', '2'), ('XDG_SESSION_CLASS', 'user'), ('USERNAME', 'ben'), ('TERM', 'xterm-256color'), ('GNOME_DESKTOP_SESSION_ID', 'this-is-deprecated'), ('_CE_CONDA', ''), ('ROS_LOCALHOST_ONLY', '1'), ('PATH', '/home/ben/miniconda3/envs/ros2/bin:/home/ben/miniconda3/condabin:/opt/ros/humble/bin:/usr/local/sbin:/usr/local/bin:/usr/sbin:/usr/bin:/sbin:/bin:/usr/games:/usr/local/games:/snap/bin:/snap/bin'), ('SESSION_MANAGER', 'local/ben-Virtual-Machine:@/tmp/.ICE-unix/1333,unix/ben-Virtual-Machine:/tmp/.ICE-unix/1333'), ('INVOCATION_ID', '3fc2b0fa5bc04b889e378fc3b6ddc66d'), ('XDG_MENU_PREFIX', 'gnome-'), ('GNOME_SETUP_DISPLAY', ':1'), ('XDG_RUNTIME_DIR', '/run/user/1000'), ('DISPLAY', ':0'), ('TERMINATOR_DBUS_PATH', '/net/tenshu/Terminator2'), ('LANG', 'en_US.UTF-8'), ('XDG_CURRENT_DESKTOP', 'ubuntu:GNOME'), ('IBUS_DISABLE_SNOOPER', '1'), ('CONDA_PREFIX_1', '/home/ben/miniconda3'), ('XMODIFIERS', '@im=ibus'), ('XDG_SESSION_DESKTOP', 'ubuntu'), ('XAUTHORITY', '/run/user/1000/.mutter-Xwaylandauth.O92UV3'), ('LS_COLORS', 'rs=0:di=01;34:ln=01;36:mh=00:pi=40;33:so=01;35:do=01;35:bd=40;33;01:cd=40;33;01:or=40;31;01:mi=00:su=37;41:sg=30;43:ca=30;41:tw=30;42:ow=34;42:st=37;44:ex=01;32:*.tar=01;31:*.tgz=01;31:*.arc=01;31:*.arj=01;31:*.taz=01;31:*.lha=01;31:*.lz4=01;31:*.lzh=01;31:*.lzma=01;31:*.tlz=01;31:*.txz=01;31:*.tzo=01;31:*.t7z=01;31:*.zip=01;31:*.z=01;31:*.dz=01;31:*.gz=01;31:*.lrz=01;31:*.lz=01;31:*.lzo=01;31:*.xz=01;31:*.zst=01;31:*.tzst=01;31:*.bz2=01;31:*.bz=01;31:*.tbz=01;31:*.tbz2=01;31:*.tz=01;31:*.deb=01;31:*.rpm=01;31:*.jar=01;31:*.war=01;31:*.ear=01;31:*.sar=01;31:*.rar=01;31:*.alz=01;31:*.ace=01;31:*.zoo=01;31:*.cpio=01;31:*.7z=01;31:*.rz=01;31:*.cab=01;31:*.wim=01;31:*.swm=01;31:*.dwm=01;31:*.esd=01;31:*.jpg=01;35:*.jpeg=01;35:*.mjpg=01;35:*.mjpeg=01;35:*.gif=01;35:*.bmp=01;35:*.pbm=01;35:*.pgm=01;35:*.ppm=01;35:*.tga=01;35:*.xbm=01;35:*.xpm=01;35:*.tif=01;35:*.tiff=01;35:*.png=01;35:*.svg=01;35:*.svgz=01;35:*.mng=01;35:*.pcx=01;35:*.mov=01;35:*.mpg=01;35:*.mpeg=01;35:*.m2v=01;35:*.mkv=01;35:*.webm=01;35:*.webp=01;35:*.ogm=01;35:*.mp4=01;35:*.m4v=01;35:*.mp4v=01;35:*.vob=01;35:*.qt=01;35:*.nuv=01;35:*.wmv=01;35:*.asf=01;35:*.rm=01;35:*.rmvb=01;35:*.flc=01;35:*.avi=01;35:*.fli=01;35:*.flv=01;35:*.gl=01;35:*.dl=01;35:*.xcf=01;35:*.xwd=01;35:*.yuv=01;35:*.cgm=01;35:*.emf=01;35:*.ogv=01;35:*.ogx=01;35:*.aac=00;36:*.au=00;36:*.flac=00;36:*.m4a=00;36:*.mid=00;36:*.midi=00;36:*.mka=00;36:*.mp3=00;36:*.mpc=00;36:*.ogg=00;36:*.ra=00;36:*.wav=00;36:*.oga=00;36:*.opus=00;36:*.spx=00;36:*.xspf=00;36:'), ('SSH_AGENT_LAUNCHER', 'gnome-keyring'), ('SSH_AUTH_SOCK', '/run/user/1000/keyring/ssh'), ('AMENT_PREFIX_PATH', '/home/ben/KV6022_limo_ros2/install/limo_msgs:/home/ben/KV6022_limo_ros2/install/limo_description:/opt/ros/humble'), ('CONDA_PYTHON_EXE', '/home/ben/miniconda3/bin/python'), ('SHELL', '/bin/bash'), ('TERMINATOR_UUID', 'urn:uuid:fcb5a808-5e38-4c8b-85ce-ffeb87c50d1d'), ('QT_ACCESSIBILITY', '1'), ('GDMSESSION', 'ubuntu'), ('LESSCLOSE', '/usr/bin/lesspipe %s %s'), ('CONDA_DEFAULT_ENV', 'ros2'), ('GJS_DEBUG_OUTPUT', 'stderr'), ('_CONDA_EXE', '/home/ben/miniconda3/bin/conda'), ('QT_IM_MODULE', 'ibus'), ('PWD', '/home/ben/KV6022_limo_ros2/build/limo_gazebosim'), ('LC_ALL', 'en_US.UTF-8'), ('XDG_CONFIG_DIRS', '/etc/xdg/xdg-ubuntu:/etc/xdg'), ('CONDA_EXE', '/home/ben/miniconda3/bin/conda'), ('XDG_DATA_DIRS', '/usr/share/ubuntu:/usr/local/share/:/usr/share/:/var/lib/snapd/desktop'), ('PYTHONPATH', '/home/ben/KV6022_limo_ros2/install/limo_msgs/lib/python3.10/site-packages:/opt/ros/humble/lib/python3.10/site-packages:/opt/ros/humble/local/lib/python3.10/dist-packages'), ('CONDA_PREFIX', '/home/ben/miniconda3/envs/ros2'), ('COLCON', '1'), ('VTE_VERSION', '6800'), ('CMAKE_PREFIX_PATH', '/home/ben/KV6022_limo_ros2/install/limo_msgs:/home/ben/KV6022_limo_ros2/install/limo_description:/opt/ros/humble')]), 'shell': False}
[8.697445] (limo_gazebosim) StdoutLine: {'line': b'-- Install configuration: ""\n'}
[8.698531] (limo_gazebosim) StdoutLine: {'line': b'-- Execute custom install script\n'}
[8.700941] (limo_gazebosim) StdoutLine: {'line': b'-- Up-to-date symlink: /home/ben/KV6022_limo_ros2/install/limo_gazebosim/share/limo_gazebosim/launch/limo_gazebo_ackerman_drive.launch.py\n'}
[8.701875] (limo_gazebosim) StdoutLine: {'line': b'-- Up-to-date symlink: /home/ben/KV6022_limo_ros2/install/limo_gazebosim/share/limo_gazebosim/launch/limo_gazebo_assessment.launch.py\n'}
[8.702705] (limo_gazebosim) StdoutLine: {'line': b'-- Up-to-date symlink: /home/ben/KV6022_limo_ros2/install/limo_gazebosim/share/limo_gazebosim/launch/limo_gazebo_diff.launch.py\n'}
[8.703625] (limo_gazebosim) StdoutLine: {'line': b'-- Up-to-date symlink: /home/ben/KV6022_limo_ros2/install/limo_gazebosim/share/limo_gazebosim/launch/limo_gazebo_mecanum_drive.launch.py\n'}
[8.704991] (limo_gazebosim) StdoutLine: {'line': b'-- Up-to-date symlink: /home/ben/KV6022_limo_ros2/install/limo_gazebosim/share/limo_gazebosim/launch/limo_gazebo_track_drive.launch.py\n'}
[8.705878] (limo_gazebosim) StdoutLine: {'line': b'-- Up-to-date symlink: /home/ben/KV6022_limo_ros2/install/limo_gazebosim/share/limo_gazebosim/rviz/urdf.rviz\n'}
[8.707188] (limo_gazebosim) StdoutLine: {'line': b'-- Up-to-date symlink: /home/ben/KV6022_limo_ros2/install/limo_gazebosim/share/limo_gazebosim/worlds/potholes.world\n'}
[8.708112] (limo_gazebosim) StdoutLine: {'line': b'-- Up-to-date symlink: /home/ben/KV6022_limo_ros2/install/limo_gazebosim/share/limo_gazebosim/worlds/potholes_simple.world\n'}
[8.708881] (limo_gazebosim) StdoutLine: {'line': b'-- Up-to-date symlink: /home/ben/KV6022_limo_ros2/install/limo_gazebosim/share/limo_gazebosim/worlds/simple.world\n'}
[8.709800] (limo_gazebosim) StdoutLine: {'line': b'-- Up-to-date symlink: /home/ben/KV6022_limo_ros2/install/limo_gazebosim/share/limo_gazebosim/worlds/simulation_table.world\n'}
[8.710514] (limo_gazebosim) StdoutLine: {'line': b'-- Up-to-date symlink: /home/ben/KV6022_limo_ros2/install/limo_gazebosim/share/limo_gazebosim/worlds/simulation_table_small.world\n'}
[8.711299] (limo_gazebosim) StdoutLine: {'line': b'-- Up-to-date symlink: /home/ben/KV6022_limo_ros2/install/limo_gazebosim/share/limo_gazebosim/worlds/simulation_table_with_obstacles.world\n'}
[8.717094] (limo_gazebosim) StdoutLine: {'line': b'-- Up-to-date symlink: /home/ben/KV6022_limo_ros2/install/limo_gazebosim/share/limo_gazebosim/models/Apriltag36_11_00000/materials/scripts/Apriltag.material\n'}
[8.717832] (limo_gazebosim) StdoutLine: {'line': b'-- Up-to-date symlink: /home/ben/KV6022_limo_ros2/install/limo_gazebosim/share/limo_gazebosim/models/Apriltag36_11_00000/materials/textures/tag36_11_00000.png\n'}
[8.719264] (limo_gazebosim) StdoutLine: {'line': b'-- Up-to-date symlink: /home/ben/KV6022_limo_ros2/install/limo_gazebosim/share/limo_gazebosim/models/Apriltag36_11_00000/meshes/tag36_11_00000.dae\n'}
[8.719615] (-) TimerEvent: {}
[8.720621] (limo_gazebosim) StdoutLine: {'line': b'-- Up-to-date symlink: /home/ben/KV6022_limo_ros2/install/limo_gazebosim/share/limo_gazebosim/models/Apriltag36_11_00000/model.config\n'}
[8.720791] (limo_gazebosim) StdoutLine: {'line': b'-- Up-to-date symlink: /home/ben/KV6022_limo_ros2/install/limo_gazebosim/share/limo_gazebosim/models/Apriltag36_11_00000/model.sdf\n'}
[8.721639] (limo_gazebosim) StdoutLine: {'line': b'-- Up-to-date symlink: /home/ben/KV6022_limo_ros2/install/limo_gazebosim/share/limo_gazebosim/models/Apriltag36_11_00001/materials/scripts/Apriltag.material\n'}
[8.722685] (limo_gazebosim) StdoutLine: {'line': b'-- Up-to-date symlink: /home/ben/KV6022_limo_ros2/install/limo_gazebosim/share/limo_gazebosim/models/Apriltag36_11_00001/materials/textures/tag36_11_00001.png\n'}
[8.722983] (limo_gazebosim) StdoutLine: {'line': b'-- Up-to-date symlink: /home/ben/KV6022_limo_ros2/install/limo_gazebosim/share/limo_gazebosim/models/Apriltag36_11_00001/model.config\n'}
[8.724462] (limo_gazebosim) StdoutLine: {'line': b'-- Up-to-date symlink: /home/ben/KV6022_limo_ros2/install/limo_gazebosim/share/limo_gazebosim/models/Apriltag36_11_00001/model.sdf\n'}
[8.725341] (limo_gazebosim) StdoutLine: {'line': b'-- Up-to-date symlink: /home/ben/KV6022_limo_ros2/install/limo_gazebosim/share/limo_gazebosim/models/Apriltag36_11_00002/materials/scripts/Apriltag.material\n'}
[8.726598] (limo_gazebosim) StdoutLine: {'line': b'-- Up-to-date symlink: /home/ben/KV6022_limo_ros2/install/limo_gazebosim/share/limo_gazebosim/models/Apriltag36_11_00002/materials/textures/tag36_11_00002.png\n'}
[8.727842] (limo_gazebosim) StdoutLine: {'line': b'-- Up-to-date symlink: /home/ben/KV6022_limo_ros2/install/limo_gazebosim/share/limo_gazebosim/models/Apriltag36_11_00002/model.config\n'}
[8.728329] (limo_gazebosim) StdoutLine: {'line': b'-- Up-to-date symlink: /home/ben/KV6022_limo_ros2/install/limo_gazebosim/share/limo_gazebosim/models/Apriltag36_11_00002/model.sdf\n'}
[8.730555] (limo_gazebosim) StdoutLine: {'line': b'-- Up-to-date symlink: /home/ben/KV6022_limo_ros2/install/limo_gazebosim/share/limo_gazebosim/models/Apriltag36_11_00003/materials/scripts/Apriltag.material\n'}
[8.731009] (limo_gazebosim) StdoutLine: {'line': b'-- Up-to-date symlink: /home/ben/KV6022_limo_ros2/install/limo_gazebosim/share/limo_gazebosim/models/Apriltag36_11_00003/materials/textures/tag36_11_00003.png\n'}
[8.732269] (limo_gazebosim) StdoutLine: {'line': b'-- Up-to-date symlink: /home/ben/KV6022_limo_ros2/install/limo_gazebosim/share/limo_gazebosim/models/Apriltag36_11_00003/model.config\n'}
[8.733013] (limo_gazebosim) StdoutLine: {'line': b'-- Up-to-date symlink: /home/ben/KV6022_limo_ros2/install/limo_gazebosim/share/limo_gazebosim/models/Apriltag36_11_00003/model.sdf\n'}
[8.734209] (limo_gazebosim) StdoutLine: {'line': b'-- Up-to-date symlink: /home/ben/KV6022_limo_ros2/install/limo_gazebosim/share/limo_gazebosim/models/potholes/materials/scripts/potholes.material\n'}
[8.735491] (limo_gazebosim) StdoutLine: {'line': b'-- Up-to-date symlink: /home/ben/KV6022_limo_ros2/install/limo_gazebosim/share/limo_gazebosim/models/potholes/materials/textures/background_potholes.png\n'}
[8.736235] (limo_gazebosim) StdoutLine: {'line': b'-- Up-to-date symlink: /home/ben/KV6022_limo_ros2/install/limo_gazebosim/share/limo_gazebosim/models/potholes/model.config\n'}
[8.737286] (limo_gazebosim) StdoutLine: {'line': b'-- Up-to-date symlink: /home/ben/KV6022_limo_ros2/install/limo_gazebosim/share/limo_gazebosim/models/potholes/model.sdf\n'}
[8.738311] (limo_gazebosim) StdoutLine: {'line': b'-- Up-to-date symlink: /home/ben/KV6022_limo_ros2/install/limo_gazebosim/share/limo_gazebosim/models/potholes_simple/materials/scripts/potholes_simple.material\n'}
[8.739209] (limo_gazebosim) StdoutLine: {'line': b'-- Up-to-date symlink: /home/ben/KV6022_limo_ros2/install/limo_gazebosim/share/limo_gazebosim/models/potholes_simple/materials/textures/background_potholes_simple.png\n'}
[8.740862] (limo_gazebosim) StdoutLine: {'line': b'-- Up-to-date symlink: /home/ben/KV6022_limo_ros2/install/limo_gazebosim/share/limo_gazebosim/models/potholes_simple/model.config\n'}
[8.742633] (limo_gazebosim) StdoutLine: {'line': b'-- Up-to-date symlink: /home/ben/KV6022_limo_ros2/install/limo_gazebosim/share/limo_gazebosim/models/potholes_simple/model.sdf\n'}
[8.743672] (limo_gazebosim) StdoutLine: {'line': b'-- Up-to-date symlink: /home/ben/KV6022_limo_ros2/install/limo_gazebosim/share/limo_gazebosim/models/simple.stl\n'}
[8.745046] (limo_gazebosim) StdoutLine: {'line': b'-- Up-to-date symlink: /home/ben/KV6022_limo_ros2/install/limo_gazebosim/share/limo_gazebosim/models/simulation_table/materials/scripts/simulation_table.material\n'}
[8.746220] (limo_gazebosim) StdoutLine: {'line': b'-- Up-to-date symlink: /home/ben/KV6022_limo_ros2/install/limo_gazebosim/share/limo_gazebosim/models/simulation_table/materials/textures/background (copy).png\n'}
[8.748248] (limo_gazebosim) StdoutLine: {'line': b'-- Up-to-date symlink: /home/ben/KV6022_limo_ros2/install/limo_gazebosim/share/limo_gazebosim/models/simulation_table/materials/textures/background.png\n'}
[8.749186] (limo_gazebosim) StdoutLine: {'line': b'-- Up-to-date symlink: /home/ben/KV6022_limo_ros2/install/limo_gazebosim/share/limo_gazebosim/models/simulation_table/materials/textures/background_low.png\n'}
[8.750320] (limo_gazebosim) StdoutLine: {'line': b'-- Up-to-date symlink: /home/ben/KV6022_limo_ros2/install/limo_gazebosim/share/limo_gazebosim/models/simulation_table/materials/textures/simulation_table_vector.svg\n'}
[8.751159] (limo_gazebosim) StdoutLine: {'line': b'-- Up-to-date symlink: /home/ben/KV6022_limo_ros2/install/limo_gazebosim/share/limo_gazebosim/models/simulation_table/model.config\n'}
[8.751679] (limo_gazebosim) StdoutLine: {'line': b'-- Up-to-date symlink: /home/ben/KV6022_limo_ros2/install/limo_gazebosim/share/limo_gazebosim/models/simulation_table/model.sdf\n'}
[8.752908] (limo_gazebosim) StdoutLine: {'line': b'-- Up-to-date symlink: /home/ben/KV6022_limo_ros2/install/limo_gazebosim/share/limo_gazebosim/models/simulation_table_small/materials/scripts/simulation_table_small.material\n'}
[8.754348] (limo_gazebosim) StdoutLine: {'line': b'-- Up-to-date symlink: /home/ben/KV6022_limo_ros2/install/limo_gazebosim/share/limo_gazebosim/models/simulation_table_small/materials/textures/background_small.png\n'}
[8.755678] (limo_gazebosim) StdoutLine: {'line': b'-- Up-to-date symlink: /home/ben/KV6022_limo_ros2/install/limo_gazebosim/share/limo_gazebosim/models/simulation_table_small/model.config\n'}
[8.757436] (limo_gazebosim) StdoutLine: {'line': b'-- Up-to-date symlink: /home/ben/KV6022_limo_ros2/install/limo_gazebosim/share/limo_gazebosim/models/simulation_table_small/model.sdf\n'}
[8.757870] (limo_gazebosim) StdoutLine: {'line': b'-- Up-to-date symlink: /home/ben/KV6022_limo_ros2/install/limo_gazebosim/share/limo_gazebosim/models/simulation_table_with_obstacles/materials/scripts/simulation_table.material\n'}
[8.759217] (limo_gazebosim) StdoutLine: {'line': b'-- Up-to-date symlink: /home/ben/KV6022_limo_ros2/install/limo_gazebosim/share/limo_gazebosim/models/simulation_table_with_obstacles/materials/textures/background (copy).png\n'}
[8.760513] (limo_gazebosim) StdoutLine: {'line': b'-- Up-to-date symlink: /home/ben/KV6022_limo_ros2/install/limo_gazebosim/share/limo_gazebosim/models/simulation_table_with_obstacles/materials/textures/background.png\n'}
[8.761612] (limo_gazebosim) StdoutLine: {'line': b'-- Up-to-date symlink: /home/ben/KV6022_limo_ros2/install/limo_gazebosim/share/limo_gazebosim/models/simulation_table_with_obstacles/materials/textures/background_low.png\n'}
[8.762623] (limo_gazebosim) StdoutLine: {'line': b'-- Up-to-date symlink: /home/ben/KV6022_limo_ros2/install/limo_gazebosim/share/limo_gazebosim/models/simulation_table_with_obstacles/materials/textures/simulation_table_vector.svg\n'}
[8.763920] (limo_gazebosim) StdoutLine: {'line': b'-- Up-to-date symlink: /home/ben/KV6022_limo_ros2/install/limo_gazebosim/share/limo_gazebosim/models/simulation_table_with_obstacles/model.config\n'}
[8.764446] (limo_gazebosim) StdoutLine: {'line': b'-- Up-to-date symlink: /home/ben/KV6022_limo_ros2/install/limo_gazebosim/share/limo_gazebosim/models/simulation_table_with_obstacles/model.sdf\n'}
[8.765505] (limo_gazebosim) StdoutLine: {'line': b'-- Up-to-date symlink: /home/ben/KV6022_limo_ros2/install/limo_gazebosim/share/limo_gazebosim/environment/pythonpath.sh\n'}
[8.767237] (limo_gazebosim) StdoutLine: {'line': b'-- Up-to-date symlink: /home/ben/KV6022_limo_ros2/install/limo_gazebosim/share/limo_gazebosim/environment/pythonpath.dsv\n'}
[8.767867] (limo_gazebosim) StdoutLine: {'line': b'-- Up-to-date symlink: /home/ben/KV6022_limo_ros2/install/limo_gazebosim/lib/python3.10/site-packages/limo_gazebosim-0.0.0-py3.10.egg-info/PKG-INFO\n'}
[8.768885] (limo_gazebosim) StdoutLine: {'line': b'-- Up-to-date symlink: /home/ben/KV6022_limo_ros2/install/limo_gazebosim/lib/python3.10/site-packages/limo_gazebosim-0.0.0-py3.10.egg-info/SOURCES.txt\n'}
[8.770054] (limo_gazebosim) StdoutLine: {'line': b'-- Up-to-date symlink: /home/ben/KV6022_limo_ros2/install/limo_gazebosim/lib/python3.10/site-packages/limo_gazebosim-0.0.0-py3.10.egg-info/dependency_links.txt\n'}
[8.771436] (limo_gazebosim) StdoutLine: {'line': b'-- Up-to-date symlink: /home/ben/KV6022_limo_ros2/install/limo_gazebosim/lib/python3.10/site-packages/limo_gazebosim-0.0.0-py3.10.egg-info/top_level.txt\n'}
[8.773241] (limo_gazebosim) StdoutLine: {'line': b'-- Up-to-date symlink: /home/ben/KV6022_limo_ros2/install/limo_gazebosim/lib/python3.10/site-packages/limo_gazebosim/__init__.py\n'}
[8.773851] (limo_gazebosim) StdoutLine: {'line': b'-- Symlinking: /home/ben/KV6022_limo_ros2/install/limo_gazebosim/lib/limo_gazebosim/twist_watchdog.py\n'}
[8.808388] (limo_gazebosim) StdoutLine: {'line': b'-- Up-to-date symlink: /home/ben/KV6022_limo_ros2/install/limo_gazebosim/share/ament_index/resource_index/package_run_dependencies/limo_gazebosim\n'}
[8.810766] (limo_gazebosim) StdoutLine: {'line': b'-- Up-to-date symlink: /home/ben/KV6022_limo_ros2/install/limo_gazebosim/share/ament_index/resource_index/parent_prefix_path/limo_gazebosim\n'}
[8.811433] (limo_gazebosim) StdoutLine: {'line': b'-- Up-to-date symlink: /home/ben/KV6022_limo_ros2/install/limo_gazebosim/share/limo_gazebosim/environment/ament_prefix_path.sh\n'}
[8.812517] (limo_gazebosim) StdoutLine: {'line': b'-- Up-to-date symlink: /home/ben/KV6022_limo_ros2/install/limo_gazebosim/share/limo_gazebosim/environment/ament_prefix_path.dsv\n'}
[8.813481] (limo_gazebosim) StdoutLine: {'line': b'-- Up-to-date symlink: /home/ben/KV6022_limo_ros2/install/limo_gazebosim/share/limo_gazebosim/environment/path.sh\n'}
[8.814456] (limo_gazebosim) StdoutLine: {'line': b'-- Up-to-date symlink: /home/ben/KV6022_limo_ros2/install/limo_gazebosim/share/limo_gazebosim/environment/path.dsv\n'}
[8.815358] (limo_gazebosim) StdoutLine: {'line': b'-- Up-to-date symlink: /home/ben/KV6022_limo_ros2/install/limo_gazebosim/share/limo_gazebosim/local_setup.bash\n'}
[8.816597] (limo_gazebosim) StdoutLine: {'line': b'-- Up-to-date symlink: /home/ben/KV6022_limo_ros2/install/limo_gazebosim/share/limo_gazebosim/local_setup.sh\n'}
[8.817841] (limo_gazebosim) StdoutLine: {'line': b'-- Up-to-date symlink: /home/ben/KV6022_limo_ros2/install/limo_gazebosim/share/limo_gazebosim/local_setup.zsh\n'}
[8.818877] (limo_gazebosim) StdoutLine: {'line': b'-- Up-to-date symlink: /home/ben/KV6022_limo_ros2/install/limo_gazebosim/share/limo_gazebosim/local_setup.dsv\n'}
[8.819654] (-) TimerEvent: {}
[8.819810] (limo_gazebosim) StdoutLine: {'line': b'-- Symlinking: /home/ben/KV6022_limo_ros2/install/limo_gazebosim/share/limo_gazebosim/package.dsv\n'}
[8.851811] (limo_gazebosim) StdoutLine: {'line': b'-- Up-to-date symlink: /home/ben/KV6022_limo_ros2/install/limo_gazebosim/share/ament_index/resource_index/packages/limo_gazebosim\n'}
[8.853098] (limo_gazebosim) StdoutLine: {'line': b'-- Up-to-date symlink: /home/ben/KV6022_limo_ros2/install/limo_gazebosim/share/limo_gazebosim/cmake/limo_gazebosimConfig.cmake\n'}
[8.853925] (limo_gazebosim) StdoutLine: {'line': b'-- Up-to-date symlink: /home/ben/KV6022_limo_ros2/install/limo_gazebosim/share/limo_gazebosim/cmake/limo_gazebosimConfig-version.cmake\n'}
[8.854554] (limo_gazebosim) StdoutLine: {'line': b'-- Up-to-date symlink: /home/ben/KV6022_limo_ros2/install/limo_gazebosim/share/limo_gazebosim/package.xml\n'}
[8.920221] (-) TimerEvent: {}
[8.925935] (limo_gazebosim) StdoutLine: {'line': b"Listing '/home/ben/KV6022_limo_ros2/install/limo_gazebosim/lib/python3.10/site-packages/limo_gazebosim'...\n"}
[8.934849] (limo_gazebosim) CommandEnded: {'returncode': 0}
[8.986936] (limo_gazebosim) JobEnded: {'identifier': 'limo_gazebosim', 'rc': 0}
[8.992124] (-) EventReactorShutdown: {}
